Samples,Experiment,Mode,Type,Folate,Status,Lrp6KO2n1,Lrp6KO2n2,Lrp6KO2n3,Lrp6KO2n4,Lrp6KO2n5,Lrp6KO2n6,Lrp6KO2n7,Lrp6KO2n8,Lrp6KO2n9,Lrp6KO2n10,Lrp6KO2n11,Lrp6KO2n12,Lrp6KO2n13,Lrp6KO2n14,Lrp6KO2n15,Lrp6KO2n16,Lrp6KO2n17,Lrp6KO2n18,Lrp6KO2n19,Lrp6KO2n20,Lrp6KO2n21,Lrp6KO2n22,Lrp6KO2n23,Lrp6KO2n24,Lrp6KO2n25,Lrp6KO2n26,Lrp6KO2n27,Lrp6KO2n28,Lrp6KO2n29,Lrp6KO2n30,Lrp6KO2n31,Lrp6KO2n32,Lrp6KO2n33,Lrp6KO2n34,Lrp6KO2n35,Lrp6KO2n36,Lrp6KO2n37,Lrp6KO2n38,Lrp6KO2n39,Lrp6KO2n40,Lrp6KO2n41,Lrp6KO2n42,Lrp6KO2n43,Lrp6KO2n44,Lrp6KO2n45,Lrp6KO2n46,Lrp6KO2n47,Lrp6KO2n48,Lrp6KO2n49,Lrp6KO2n50,Lrp6KO2n51,Lrp6KO2n52,Lrp6KO2n53,Lrp6KO2n54,Lrp6KO2n55,Lrp6KO2n56,Lrp6KO2n57,Lrp6KO2n58,Lrp6KO2n59,Lrp6KO2n60,Lrp6KO2n61,Lrp6KO2n62,Lrp6KO2n63,Lrp6KO2n64,Lrp6KO2n65,Lrp6KO2n66,Lrp6KO2n67,Lrp6KO2n68,Lrp6KO2n69,Lrp6KO2n70,Lrp6KO2n71,Lrp6KO2n72,Lrp6KO2n73,Lrp6KO2n74,Lrp6KO2n75,Lrp6KO2n76,Lrp6KO2n77,Lrp6KO2n78,Lrp6KO2n79,Lrp6KO2n80,Lrp6KO2n81,Lrp6KO2n82,Lrp6KO2n83,Lrp6KO2n84,Lrp6KO2n85,Lrp6KO2n86,Lrp6KO2n87,Lrp6KO2n88,Lrp6KO2n89,Lrp6KO2n90,Lrp6KO2n91,Lrp6KO2n92,Lrp6KO2n93,Lrp6KO2n94,Lrp6KO2n95,Lrp6KO2n96,Lrp6KO2n97,Lrp6KO2n98,Lrp6KO2n99,Lrp6KO2n100,Lrp6KO2n101,Lrp6KO2n102,Lrp6KO2n103,Lrp6KO2n104,Lrp6KO2n105,Lrp6KO2n106,Lrp6KO2n107,Lrp6KO2n108,Lrp6KO2n109,Lrp6KO2n110,Lrp6KO2n111,Lrp6KO2n112,Lrp6KO2n113,Lrp6KO2n114,Lrp6KO2n115,Lrp6KO2n116,Lrp6KO2n117,Lrp6KO2n118,Lrp6KO2n119,Lrp6KO2n120,Lrp6KO2n121,Lrp6KO2n122,Lrp6KO2n123,Lrp6KO2n124,Lrp6KO2n125,Lrp6KO2n126,Lrp6KO2n127,Lrp6KO2n128,Lrp6KO2n129,Lrp6KO2n130,Lrp6KO2n131,Lrp6KO2n132,Lrp6KO2n133,Lrp6KO2n134,Lrp6KO2n135,Lrp6KO2n136,Lrp6KO2n137,Lrp6KO2n138,Lrp6KO2n139,Lrp6KO2n140,Lrp6KO2n141,Lrp6KO2n142,Lrp6KO2n143,Lrp6KO2n144,Lrp6KO2n145,Lrp6KO2n146,Lrp6KO2n147,Lrp6KO2n148,Lrp6KO2n149,Lrp6KO2n150,Lrp6KO2n151,Lrp6KO2n152,Lrp6KO2n153,Lrp6KO2n154,Lrp6KO2n155,Lrp6KO2n156,Lrp6KO2n157,Lrp6KO2n158,Lrp6KO2n159,Lrp6KO2n160,Lrp6KO2n161,Lrp6KO2n162,Lrp6KO2n163,Lrp6KO2n164,Lrp6KO2n165,Lrp6KO2n166,Lrp6KO2n167,Lrp6KO2n168,Lrp6KO2n169,Lrp6KO2n170,Lrp6KO2n171,Lrp6KO2n172,Lrp6KO2n173,Lrp6KO2n174,Lrp6KO2n175,Lrp6KO2n176,Lrp6KO2n177,Lrp6KO2n178,Lrp6KO2n179,Lrp6KO2n180,Lrp6KO2n181,Lrp6KO2n182,Lrp6KO2n183,Lrp6KO2n184,Lrp6KO2n185,Lrp6KO2n186,Lrp6KO2n187
emb_76_3,ko_exp2,neg,sample,2ppm,N wt/wt,6665203.501,1658581.684,2222847.736,139993.5703,5293447.976,4671849.299,1099435.942,3251440.546,157249616.4,118635.3092,710674.4376,3525317.546,746693.6668,4564101.935,2800322.477,469836.2822,1804008.42,3789827.476,5501799.482,193366.0253,133943.3149,3175226.95,1358770.304,1508912.974,24338106.5,2824770.625,9219.862921,341462.0736,242896.6034,204862.2739,778072.0267,3029045.918,2838596.163,230665.7553,8028.697756,64217.54512,142731.2014,1695124.678,76583.48159,319841.8589,5278514.221,14491713.38,103402.7492,2178356.341,871881.7311,592947.3277,112985.8448,1462594.615,5765738.231,5043317.658,170570.0186,21536765.5,1265251.593,62571.17083,137859.3396,54093.29004,52438.8221,31120.34638,361018.1681,703700.6311,351037.8923,876714.9771,43523.25317,534421.4028,114732.6112,89640.09258,2113216.252,130155.9691,61548.6825,167970.8685,7344.582271,204982.8489,69949.67276,118921.416,329325.5261,7873359.488,39778.2855,2050939.17,519466.4689,1820520.833,160957.4514,160957.4514,98284.91023,476952.5632,309424.1025,29968138.61,9411.155884,68430.87231,165591.0502,134933.7489,338247.698,9289.592519,30341.98367,71735.6882,4689.279783,11259.51626,24729.52842,22303.49619,2172780.702,46924.04684,13941.96931,12862.14829,17851.0888,472073.5459,30444.69961,236293.3762,28997.47928,215193.8626,194299.3841,6863962.733,30063.17596,47287.73999,6422.964435,333306.3907,46409.21427,88053.90559,448156.7176,1057424.728,52271.56252,5123402.646,774143.1593,118397.7826,18546.90261,123082.1054,12728.20331,44881.48752,696411.5688,76687.8285,136717.8167,27069.03685,61143.29106,56296.72224,102795.1671,48158.49914,43026.04043,2581590.886,29250.25431,9970.177143,120148.3738,70713.64701,179205.439,330355.2415,99360.04817,16587.50816,61377.4291,77652.87146,190540.666,14575.07239,2049.386824,9480.855697,21418.45994,197737.9427,47650.10282,108437.0915,61881.62521,347602.0419,116706.2243,351116.2953,31952.32619,1086250.664,114198.5898,78499.54766,39267.29784,160604.498,22449.54045,96171.79129,29510.69299,54158.17481,297809.0566,1152.696525,967999.0906,575640.315,4573619.746,3190995.725,869480.2608,39860.40145,30949.3844,11103445.45,7068924.841,612684.9288,11301.06404,617967.0629,118991.6819,10180.03916,8681.907173,1067.426013,17066.32023
emb_103_4,ko_exp2,neg,sample,2ppm,N wt/wt,9451724.941,1200337.473,1991542.704,119139.0344,4357548.031,5297255.755,698167.4862,3030380.042,126242045.8,123964.9071,167423.1907,2601813.935,1345141.323,3977909.691,1918776.276,252035.1372,1839329.184,661638.1001,3682163.24,208297.201,112513.1008,2826195.011,886476.3312,1659185.601,21148822.14,2998071.48,7927.80599,662401.7472,198657.1703,176438.2031,535482.849,2687486.404,2761153.315,155354.9818,51662.04657,42166.10447,154532.4668,1262565.005,129900.7779,113126.3958,9189344.645,12338014.47,198464.7316,1630957.193,491154.1574,274198.9005,81746.47763,1734445.699,3034346.903,1314180.096,189083.8356,16873773.53,1266692.062,66249.75304,398882.6645,49464.80148,41398.55398,23173.19852,196419.332,761254.3965,289459.0927,335931.198,28019.77509,464325.794,90559.85897,47021.51199,2312164.229,95135.44426,10400.29254,168292.3802,4591.802977,59390.90698,6336.737655,75826.54655,89753.5742,5926868.222,18955.63516,1460536.812,401337.4416,1866946.641,129726.8431,129072.5872,19861.53605,352292.0417,157490.9271,17748679.89,16052.95515,61215.13052,136391.7909,20752.97366,453101.5947,23864.16899,58220.15637,24191.08171,4142.692053,25768.47918,1564.296418,18589.26741,1990454.634,39922.33854,7647.301281,11693.27808,13778.04152,574715.0854,38972.32058,274914.7964,78670.87072,156334.8195,237050.4219,9721411.51,11080.09101,,4282.109264,144883.9111,55694.13505,77449.42386,483921.571,1379220.063,22062.33296,9016628.747,463000.3287,65312.85262,14051.32904,107294.5543,169560.9269,186946.7475,817854.4699,67294.9306,270394.6066,27055.15432,24731.29646,74149.42425,150513.7847,102329.5039,21694.4804,1144272.358,37606.15985,12367.23503,161730.9613,72359.72486,158690.0474,204000.1212,89746.77806,10375.71612,27892.11105,56431.54677,101026.723,13987.76485,7305.299978,11958.41748,6827.325244,340304.0931,56022.9378,147153.3495,46965.57019,76250.63315,41756.33775,96643.8678,9002.299416,419229.6787,137101.8839,20223.48712,,275773.5404,31641.93764,204507.1055,21979.96102,40884.79448,58291.92381,,291816.752,108325.7586,2473330.209,1602563.876,120049.1802,22667.36205,1157.389932,7683715.707,4419826.474,247934.5058,3116.446124,322279.4932,6604.365661,32892.88411,539.4128783,5983.429428,6758.930604
emb_70_3,ko_exp2,neg,sample,2ppm,N wt/wt,5134407.031,689813.56,1699397.431,156038.8778,2465644.978,2885048.923,578553.1444,3841375.965,62220410.54,171431.3738,89353.19581,2190661.985,164775.7921,571224.7997,1478850.812,230224.115,1110738.932,1072986.289,3087063.354,119729.5959,99391.55197,1681190.299,661365.0942,1170245.364,16005500.99,3293982.045,9213.103433,320203.0246,167555.4306,98218.57318,434191.7138,1479225.87,1767135.503,99311.06871,10300.01887,55889.81307,99080.40133,1029555.851,81100.87186,153985.193,3504385.992,6945108.347,80191.61571,1399138.938,951479.6349,322014.3434,59889.55569,1210310.692,3408847.027,1268035.795,172581.6116,14075690.3,758717.6391,47527.1974,398466.9543,51375.35527,27394.40933,23930.83525,207378.3975,371081.6633,237736.2389,483483.2747,7980.203703,216202.4715,121120.2954,94537.67887,1270571.576,34558.33598,18372.04247,137161.257,12835.4073,132577.1995,12699.68319,116398.7763,125997.07,4673176.852,42474.90421,1290686.038,150360.7518,1219839.882,65401.16426,64739.48842,24908.69151,305594.3013,104254.0434,10034376.53,19368.70108,40899.76245,156491.8998,67698.34093,265380.0557,3414.838983,13847.81353,18966.35547,4602.239757,8031.527935,7542.375907,23524.02746,1089381.544,31166.1554,16049.87546,6180.643117,7267.693427,452624.3667,33428.9266,212898.1495,41119.83452,201447.4617,121124.4427,11268028.49,21424.7893,19556.75943,2570.465248,671738.7248,47950.36975,35752.49327,214273.1011,783782.2472,38384.29474,10285334.58,432818.1756,56108.12151,12573.28858,144593.238,372001.3761,292989.1429,315273.8644,16567.41199,128675.7464,4860.42409,41807.72525,54200.39101,158022.8337,147208.4162,23256.59488,1072042.193,29028.68402,10276.3634,37110.77753,10379.51862,29646.84711,170155.0403,184581.3054,55228.82806,47776.82434,36354.41384,133107.4342,14876.2129,3054.81198,11652.8981,10606.76494,656059.8127,64631.39205,36784.37118,42034.9639,88164.06551,55274.22637,152290.978,24933.52129,559846.6528,175584.6381,30486.88419,282.4020167,122330.4862,25122.5829,101385.375,14382.10322,64749.10743,101321.4568,4395.346517,453403.3719,249865.6103,2775553.477,2120563.247,422841.22,36140.56935,23998.66619,7457153.699,4179917.274,385194.8998,2991.115001,726261.4206,18663.99976,16479.5643,4913.072759,15941.79215,14842.5152
emb_90_6,ko_exp2,neg,sample,2ppm,N wt/wt,9197950.81,1662103.514,7442766.446,166733.4542,5829366.598,5242035.399,1093603.204,4798800.623,163221320.8,459471.2833,112779.3793,3865386.71,551945.6993,2614649.353,2597877.15,618797.1246,2199974.512,1590944.556,5422904.29,225820.4731,146719.348,3047109.375,1466877.824,2250831.556,26014460.87,3976109.294,22398.52917,651803.9754,225577.9765,191253.5641,814334.1416,3161446.649,3092886.465,190871.2439,9542.989639,84979.64191,158876.1866,1546021.471,141793.7777,333256.9652,6791367.261,11123658.3,117736.5026,2043713.81,997644.1062,519065.7007,87743.07787,2375814.752,5928805.515,5612182.344,268530.6087,24038754.14,1389249.017,77515.52663,240133.4833,68765.21376,58568.01438,30218.19061,399619.662,937768.1286,358872.9586,1022267.336,54396.35063,590172.2503,216901.6777,109126.765,2545858.306,75883.03125,19558.31888,203414.3707,14657.7168,201789.085,24898.28838,218962.1944,395252.9967,7737972.757,80467.55295,2628789.741,572981.9376,2127741.75,120759.4172,119802.1179,28507.19528,470361.6052,211728.7404,23657017.28,30519.3416,66991.49228,181782.2293,48396.9159,422630.7218,15862.50209,26541.74573,45683.24144,12664.88531,21686.40432,18392.93659,30866.66319,1649911.679,50214.03417,14083.36488,12896.1072,11383.15582,529223.1092,44691.57909,269687.9278,57040.75642,196677.0858,170035.6449,8837984.82,24364.60612,24382.97361,3534.363001,259190.4453,61182.72695,95977.22047,183318.8818,598223.8817,41579.43891,7434079.985,742578.4724,57235.08355,24817.82337,129883.9553,65578.36596,43306.02603,119568.2731,,246763.6318,3947.223443,62116.03796,56476.66548,142484.0685,58883.51117,30840.00093,1134576.553,46635.01789,13543.35208,21471.99934,14831.39048,13677.49735,225775.7732,145112.5686,27632.57532,62301.44328,9657.313181,153364.0892,17131.5723,,7736.440757,15097.53155,354747.5881,55453.88824,66715.54955,49695.97596,56384.59336,92416.59175,279039.3083,34793.35287,953107.921,126837.9306,57530.94984,246.8777113,136960.3651,24952.42884,102568.2119,12220.54717,18332.46756,256609.8135,5406.999224,910778.8302,298303.96,4437021.728,3247139.521,1031553.857,53697.68364,40004.96901,9906811.818,6503941.932,677358.5196,7197.790899,1092476.677,56279.32994,11343.01293,13108.35932,3136.195693,16530.60928
emb_186_9,ko_exp2,neg,sample,2ppm,N wt/wt,7661935.595,2239375.585,3902445.756,225220.8067,7013838.737,7361820.93,2056867.745,4751386.554,228197887,207144.6472,234157.6181,5485277.41,980233.405,10521322.74,4738413.045,484930.6845,2990061.947,1461691.594,7330120.223,366582.3218,191740.8563,5461574.997,2770893.866,3130084.537,32665402.96,4064321.367,6317.444172,756421.412,345340.79,256437.4885,1441632.886,5198245.13,5207894.007,287023.5955,9954.270041,103740.2653,204993.3449,2409141.89,164714.3376,677633.0879,7114986.4,15611671.9,351530.5563,4553610.535,834578.6271,674651.4817,131677.0023,2612834.875,12320696.51,10101424.75,262322.1401,35281334.97,2158463.182,103478.1612,762982.6226,76305.8879,83209.76073,35291.2077,618232.7195,1074311.585,748344.6047,1277284.833,77846.46799,822977.3032,236393.9174,120718.1462,3423469.206,104742.3006,24747.72419,280697.731,11647.47097,210754.7693,47615.37828,250666.7943,663130.8984,11842359.12,59788.32519,3928811.366,861945.0067,2908172.467,166265.0299,165855.5047,47238.08942,680655.0607,382388.5644,39765402.24,12788.43605,87816.28717,157332.9841,56074.68113,573288.7085,4338.965161,33424.54312,23942.03105,17156.98282,31603.18144,35577.49991,30016.42735,3299196.211,88582.57191,16368.47658,8113.901365,30170.89753,519045.3153,36984.52137,206708.9098,234242.1058,788759.3412,136162.7306,10000913.53,45167.59135,22089.32875,6430.906661,830566.5833,53359.60657,104578.9967,235248.1787,852592.2208,92464.64016,9385321.728,948215.094,102494.6159,31012.79052,126533.2314,161692.8478,152949.0951,203019.1323,,258579.9934,1290.0171,105768.6844,59759.87216,172512.7328,96537.8578,81372.42936,2998129.751,41311.52306,9442.473648,41471.04473,17854.85098,17886.00885,368936.1793,166640.5033,14834.29263,41800.48275,29018.18427,593823.6853,18117.35731,1200.584753,10300.08442,70435.82317,427628.7858,52085.10118,162264.9818,78123.89011,50972.47692,100350.0949,290512.5949,48300.35948,1417916.607,180692.365,89667.2421,290.1860769,138060.8365,29677.98076,127409.8337,20310.46427,56473.16846,127141.9534,34391.57455,761911.7352,476263.2074,4444216.771,4286214.442,1271947.956,106213.5462,66256.98115,14266960.16,10718191.99,988843.2139,10400.34584,1018399.214,152144.2239,15753.90341,9033.509611,7540.307685,22302.32758
emb_76_7,ko_exp2,neg,sample,2ppm,N ko/ko,5499648.766,846658.6727,1252672.221,99880.81385,1884065.626,1871898.1,461932.7597,2477204.758,109826013.8,87395.96993,81715.24164,1116836.247,786706.7111,2471367.841,2590328.142,200948.3834,773635.4042,425577.1067,2788569.697,56940.13414,69753.17976,2588851.199,476828.1685,770251.6723,13640418.51,1891814.206,5902.321446,642025.6059,131836.7633,81872.68425,359726.8781,2355034.117,3117045.458,73898.01049,38695.97982,38968.23658,103796.5141,1069658.903,210116.3764,255649.6903,1410401.236,3296234.826,45706.92832,801466.3654,564182.2287,170500.647,72510.81687,369498.6698,6172336.374,1723009.621,247090.8753,7362064.746,1602757.929,79953.71608,115384.2793,41359.62378,20674.09148,31433.36376,230747.0102,292601.656,351324.572,387821.1758,1688.155767,171573.0555,65632.24345,101645.0991,2158911.898,88234.26694,55739.44422,148501.3379,5809.741704,87726.06837,13104.84149,64466.48449,192535.0992,1502689.375,31720.39919,1512387.237,354002.6617,2043229.72,162311.3753,159019.58,59834.76276,171434.6817,118308.2405,6304589.491,9571.043923,20941.44461,185673.5316,33483.37657,336145.7208,14550.14458,56530.39619,4707.871545,1900.529029,8542.884348,7224.589324,30689.48988,860498.9923,33371.81083,8224.494352,17026.73202,7583.904168,665864.9172,38231.65819,227929.7699,11864.92402,22584.1763,235648.2887,15329690.03,7016.337517,22325.6619,11541.79473,57890.44992,43208.51026,38504.23212,740359.864,1842496.772,19512.3515,13736857.66,182094.2311,27538.1063,16736.09103,249113.5023,187417.6498,230820.7167,960372.1863,61042.3048,93911.80738,34813.84723,43915.27548,82984.09554,168923.5663,164027.8841,,105853.2063,42959.24061,13103.45705,142248.0552,77507.01043,157371.7028,213902.5751,226708.4072,25032.74237,29971.21228,222301.3692,18203.74998,21265.42192,8033.18982,20513.23075,,548856.9709,97988.06031,23000.14123,35621.84002,450673.1971,,17743.24416,16088.45302,132405.3462,201590.683,,22234.22116,226992.6392,39853.07332,159272.0484,3808.076389,69973.32663,30333.15779,,166746.8096,288640.6185,429874.7537,320403.6048,48236.21983,6179.628319,8414.477571,1956362.604,1092452.719,78765.77657,4420.941171,233878.4509,59009.47977,29014.02368,,20529.37006,3410.4348
emb_78_8,ko_exp2,neg,sample,2ppm,N ko/ko,8249126.043,1063175.16,2449073.525,119133.4099,3226174.464,3581142.316,932538.6874,4731148.962,106214057.4,281374.8708,142223.7066,3145630.234,265758.1738,1413154.95,2902773.727,322793.9522,1876054.643,845645.1422,4177527.314,232346.996,137807.2341,2261672.856,612492.3589,1288105.086,23638182.06,3962758.618,10429.34021,455981.0429,190556.828,99023.49715,706310.8205,2510300.528,2275507.835,101347.387,14260.17941,72010.43083,154247.4524,1304825.42,95664.94264,182734.7974,4189524.038,7173521.498,256841.4866,2441655.776,1123735.8,422963.2846,70018.40879,1449250.684,5218821.124,2028243.957,216652.6244,19474703.74,1105236.04,61050.65315,575456.7659,71208.02466,44282.59955,44140.14464,257766.3824,635443.667,449619.3085,538925.2834,3448.719251,351586.6684,119766.8141,112527.4286,1950923.751,75964.52333,9761.578258,197454.2855,11341.11126,107146.8701,26135.65446,75040.51129,156583.4663,4373413.869,26035.3249,2480396.945,314414.4135,1758295.205,94716.31772,94716.31772,17791.48385,446097.9586,129984.6834,8732358.768,15289.52548,53185.39276,168799.4116,41002.91505,373228.6341,4468.609911,26087.44952,1219.365643,2041.709847,544.3355517,13066.72205,33055.4519,1745807.503,54475.51384,14586.78474,9955.125782,13169.26591,653764.3557,45194.0668,266643.5293,148104.6896,419782.5501,222333.4149,11785796.75,26845.93713,4447.147563,11071.21181,661549.2572,61085.69642,80593.31345,439113.0052,1453921.349,76513.84168,9533751.465,477016.7825,81683.1179,23078.77566,202733.3485,27851.41918,57239.62843,716783.7787,49003.85079,215341.5891,8336.642466,70200.07745,74941.7947,160947.5384,29159.61905,58458.08169,2592833.401,33731.01924,11830.85617,198368.7129,78647.76782,122185.9103,360680.2685,153480.139,36029.79976,38387.19725,125327.2742,492940.4722,23975.41026,11852.29119,18169.93666,65233.9014,474502.1396,69577.1145,152992.63,55574.8042,100553.1321,27005.09461,91073.62023,16686.25915,526550.5957,205858.5461,38082.72883,42426.58745,255438.0472,29334.4265,157718.034,30641.07229,55703.70145,13222.15292,8050.134794,178367.5835,139074.1915,2645863.885,2416506.951,335561.0637,36852.32007,13923.13514,9740379.433,5280870.052,386910.9047,2197.350709,649165.4429,65619.71424,13932.23763,,15982.45904,15731.61504
emb_103_8,ko_exp2,neg,sample,2ppm,N ko/ko,8963594.19,884866.9386,2343272.776,140954.0827,2548012.768,4390725.562,915128.517,4604634.63,79585941.1,224518.5727,163495.145,3027915.272,360138.7367,3357237.284,3925448.533,223647.6582,1838298.862,849151.8594,4267602.011,174449.5025,174126.9632,3129829.338,963762.5015,1460035.588,20374418.11,5567215.487,9121.768561,439607.4946,221480.1034,102184.8363,678876.2626,2827993.513,3148586.916,138013.7317,15489.7198,68693.56891,168510.8912,1634295.863,102471.6527,271789.9807,4779909.27,10154640.26,291594.896,2810443.168,1895003.791,313950.9435,93088.82069,1305069.277,7432334.196,3313660.25,333422.2831,19494659.84,1462377.091,73779.3149,753863.8716,74190.48635,26414.41477,25448.44746,289713.7946,665886.1955,296884.8582,670032.0118,11033.91464,474801.2408,117386.3734,100473.6837,2173405.93,174392.9423,24757.57662,293537.234,8054.849896,127585.5913,44663.65377,77508.14707,216789.0208,5012831.738,35406.1406,2497671.834,221448.0304,1976035.421,144323.7607,143202.2065,30603.89532,428413.3751,158729.8768,14514552.4,15048.30588,71652.40676,206338.9342,30168.13676,418818.7003,7080.410742,55793.42787,9391.394483,8505.625131,10109.35509,6077.04247,35521.52462,2420836.592,48881.04112,14406.14437,29682.59409,14335.11476,835218.2543,65230.39678,441272.8962,65871.04276,264530.6706,501201.0802,11561919.94,20710.846,4048.166918,5216.695195,788773.5708,107437.3812,52571.67918,1031655.168,2146599.994,55205.95009,9031387.728,350823.2124,69674.01153,34395.24253,188135.1233,28553.03297,122835.8913,1410874.63,128779.7589,173248.3815,51314.92208,23946.62433,107935.4074,166346.7061,16664.12844,70534.15348,3849407.471,56090.90035,18739.29544,291165.0216,107117.9879,290491.147,218448.7501,138632.8183,44385.34247,196806.1085,155591.2348,273339.1256,21455.09722,11425.27789,13336.30144,30320.20991,470267.7809,78015.02238,153901.3069,61581.76507,82610.3978,36748.564,100004.9017,4429.043245,481530.0493,216913.3116,28988.94528,5547.174766,329847.821,45745.95171,197655.597,37465.37634,62656.14011,29274.81414,,218166.0953,174263.0066,1576620.41,1474246.017,160496.8649,23833.80148,8034.859239,5486717.52,3070728.031,246692.8539,2756.776134,402561.0157,73335.83049,16395.10053,548.5202982,15968.08829,7867.515907
emb_133_2,ko_exp2,neg,sample,2ppm,N ko/ko,11342257.17,220058.1636,990907.042,130425.2435,230569.1992,1843177.942,362801.9314,1023206.087,14323063.91,160702.3843,63660.68451,760055.2757,114162.243,633358.1418,1103601.237,92790.52654,714314.1469,360348.974,1840174.556,43326.18319,76305.5884,1253883.984,185941.6026,390085.3331,10466745.69,2014881.452,,420876.2407,105383.1385,98377.73061,337054.2359,1401033.812,1220662.89,26648.15099,6565.841731,22322.06028,118237.5109,612781.914,78019.28788,82462.90845,2265954.574,1517708.069,621505.9086,1081724.206,454757.1996,46612.61329,83410.87934,223034.2475,1795616.337,570173.592,191237.9779,5023610.964,677315.2592,33519.37242,72715.03053,74239.07097,4415.146355,26829.91544,83285.29941,182258.7335,151170.6338,353784.3488,,72453.36822,21804.84888,81491.719,1032286.717,14534.11532,,159308.1053,4230.080726,,,,40176.97925,1425057.539,6341.492167,545201.3705,33894.36622,855536.8387,80843.74493,80002.80292,,89196.96658,38739.90538,1202816.922,16044.85809,24362.379,222180.92,10314.26882,212912.8677,4651.864669,11886.40315,,4455.867656,25607.61539,,38860.16263,1036753.526,17200.12309,7029.918585,8930.733871,3170.797716,924003.3886,51624.74488,382782.9115,17857.99354,49375.63641,240211.2601,15326618.97,816.9932894,,4710.557353,127480.3596,66435.34514,,635001.4275,1520207.874,17106.31738,13672841.91,81822.7817,19186.57,25937.55103,192370.228,21402.03853,53985.69996,455675.4066,17955.41026,77095.62681,43574.80263,2646.263559,116384.7882,226725.7236,17353.19771,,75508.78801,47314.44497,15126.02208,127042.4581,121518.4681,120741.4541,43872.72031,139232.0629,3604.147126,10736.66028,50060.7687,12469.73631,30915.35898,20911.13611,18824.65404,,861361.6942,122985.3401,3852.650739,35175.77981,184753.8147,,,,32329.22064,319973.2147,,,185484.3058,61780.20401,198176.5927,846.060972,55781.3394,,,18060.53878,1244.730925,111054.292,77457.97996,,,,269344.6865,144802.3973,1332.708732,,144808.1874,429.377245,37649.1842,,32492.52894,
emb_154_1,ko_exp2,neg,sample,2ppm,N ko/ko,14220027.09,1025222.871,2899974.271,276655.0837,2524136.961,3743760.975,860833.2605,7665644.834,78873428.29,416844.662,106100.3731,2764156.954,356444.9755,1164929.55,3908103.541,451257.8,1266272.855,1793794.468,3791965.957,273358.9682,266007.347,3061889.03,1589672.213,1294289.974,25948392.66,7056185.623,220.3694323,973800.9186,281806.3145,149849.3291,598993.9554,2645940.119,3269779.722,155385.0966,26824.74269,160876.7643,217589.9095,1681187.17,334772.3269,629752.8274,4230473.151,10056686.69,268762.9596,3093578.379,771832.5805,560285.4456,123884.3343,1815755.141,11689052.95,5424347.485,1102159.438,17983697.8,1474208.799,79412.32175,225797.8917,96819.14525,25869.92055,27012.37421,353668.7732,412756.6108,344773.3784,471822.9297,75695.21768,402831.5951,278662.3248,204927.4118,1806506.406,123828.6662,66765.38883,373807.1118,13893.3095,469139.6336,35190.57163,186506.7146,403943.7354,2915962.492,54751.58859,4826100.357,172508.4807,1831391.834,128968.276,128129.8132,71475.83319,349731.0864,66603.72697,15905445.31,26470.81271,96835.90176,222710.4742,77100.49478,258528.1032,6274.478507,38797.08652,49984.69337,2078.766745,782.1000643,19486.44791,30893.63557,2441707.766,90820.14435,39182.34569,14780.79543,22006.47511,620347.0093,42000.01064,320533.8332,24281.95247,162162.1012,150303.2554,14492130.83,9849.942852,19413.87659,73501.74008,2065815.369,56512.11265,99034.31813,250279.5784,1154377.246,276509.4016,12673554.19,510924.8905,37909.00071,11207.21702,230785.9078,70021.40029,168905.9355,254241.9036,,135217.0533,7029.251346,73414.39267,74060.80217,171612.4012,77003.95217,35847.57838,1393711.908,46235.28365,14483.28663,36195.37542,31797.52635,43376.36087,372319.8839,254944.2963,25066.60163,77810.38383,30512.19792,271844.8826,18666.31166,256.1870549,15728.59331,33543.42276,439901.8519,71811.42523,62247.04357,58170.86601,485532.2543,49986.81263,149844.8306,23167.43513,806822.7529,217529.5418,69289.00551,40627.55698,125949.9627,26645.5706,157065.4263,14208.67465,90153.43135,96161.78595,10989.84224,597605.5889,197957.9221,1438815.278,1107602.839,357511.346,38936.06968,45473.3807,6835893.293,3956058.668,223773.6907,2687.503613,1043935.549,71614.95027,10863.96582,1757.613019,25004.75546,11583.10026
emb_90_3,ko_exp2,neg,sample,2ppm,N ko/ko,11299439.51,1229841.018,2126659.256,171446.5103,4714299.636,3709774.263,669974.6032,6048078.228,127809996.9,149322.0129,72490.0903,2664935.293,1126164.958,1900778.101,2602552.311,405583.5925,1788450.187,971132.1843,3593879.553,110535.277,92159.2273,2298837.01,949562.0027,1226884.977,22831132.28,2929486.822,22692.32979,957829.9069,186106.2049,89905.79898,518952.1986,2050152.904,2720944.428,92745.73028,78007.74312,85371.82475,161381.2307,1177114.315,268790.0111,145316.9966,4907696.531,6795130.237,103735.0678,1293388.171,992342.1362,324447.843,84550.35723,2264671.925,4677715.597,1851557.084,190262.4039,16829182.53,1430628.354,74921.36045,94232.68453,86330.46918,31393.96627,30244.42344,236912.2005,836929.8702,265671.5165,304757.4314,11885.02372,214382.935,150665.6168,160850.8523,1925528.973,57789.44897,2261.284442,172862.1013,7073.311545,192980.7089,12727.55576,78127.63336,161237.1059,4024725.459,33246.95095,1832013.012,410004.8233,1728524.425,95063.14083,93510.41046,,415903.6186,139356.8381,7238150.401,18178.26987,59399.61607,212741.214,12412.07297,339961.3249,17171.04861,33017.91356,19595.26147,1399.410442,10869.75178,10952.17646,38280.16354,712917.1448,47638.74036,16333.51579,14120.69105,6169.100732,784327.6423,47377.57257,383657.9728,67164.88743,158318.4998,203774.3305,15176906.92,13836.92541,,23672.25745,280273.8656,51135.24318,84848.79567,445770.6901,1228180.482,80165.97682,13229338.25,477893.0095,31346.26935,13929.46857,265921.0676,161812.1604,188731.5485,483075.5213,23736.78649,208016.159,13099.83192,34185.349,89853.0212,217103.2057,129250.4726,41652.67775,1893338.892,63721.04717,18065.0983,98956.80999,28776.03069,47410.39088,277922.7321,221588.7643,15251.29487,55581.92347,108244.1385,215832.236,30921.4434,5482.759726,23894.2746,28423.25905,692762.9814,91854.87942,76732.42994,57234.92874,136926.6349,22415.50313,77728.85739,4724.226414,340362.7111,345580.0008,12049.78545,371.8625855,202512.5303,50518.15463,169089.5082,26012.40473,85072.85343,23503.37827,,164361.8475,141754.5704,2090223.306,1360660.608,347711.9673,20688.66096,7905.115015,5210911.495,3074433.264,239578.5613,2256.932677,671855.8561,12040.75368,27063.24866,1760.953771,7475.212182,8222.226032
emb_40_5,ko_exp2,neg,sample,10ppm,N wt/wt,7919140.667,1307239.389,2343586.247,230001.7241,3981427.88,4329586.952,829874.1753,6937831.048,144215798.1,220906.6054,160384.6824,3174512.725,673720.1525,4708290.438,2648780.541,377803.3039,1835385.765,1339764.022,4310275.345,186733.2766,126409.0194,2319523.738,1266463.202,1765545.845,21316482.33,3534926.833,15455.75208,556858.9911,198439.1661,96791.92699,604652.2844,2683668.987,2774928.194,103284.2042,54329.50371,91740.4334,184586.0762,1326274.408,173876.269,178293.9024,5348136.206,9044915.209,133509.7281,1752092.296,1375862.37,286852.1389,90228.22012,1599475.579,5244124.353,1822394.223,161612.9347,20651651.68,1151043.884,62417.07517,287405.1459,71397.4247,61973.78887,21478.28052,243136.9956,839278.3353,484537.1213,501156.5784,68822.54842,391617.6034,173186.6993,176244.1919,2345271.384,52030.28212,6687.998058,198892.5654,15004.25681,104713.1706,13637.99357,101801.1579,142180.3901,5114616.427,48849.48376,2334067.539,512354.8539,2152629.718,7386.328191,6928.500643,544.3121241,419735.1929,162528.0236,8151758.888,11079.40099,55468.89321,208146.9279,69293.75651,411734.0104,9964.204252,34287.34877,9131.099054,834.2148384,16070.0589,15136.60521,32375.73995,745928.4768,44526.77843,19933.49764,12671.59749,4188.086729,538065.6928,39384.37244,290360.3935,67908.73751,202564.1275,149569.6625,12636432.92,19003.1892,3467.99998,,303319.7119,54138.87966,17079.89045,290712.5111,1164467.744,44171.6333,11118261.69,552637.3407,72027.22159,21976.6413,212890.1632,314534.027,262130.7683,362253.3553,26310.99662,145094.1512,13488.29666,42790.26254,75135.01855,157183.3155,164784.0646,38510.17784,1468460.661,39307.1199,15249.67358,23688.90175,41924.8493,52460.97001,366482.4615,181256.6415,105083.5889,483988.7771,28401.13924,220782.0002,23849.67109,307.587837,19374.69579,20409.00424,412798.455,59787.09948,76806.13014,52302.40315,816003.5479,28622.807,89333.70318,30531.36149,426809.8138,230345.3271,7425.64229,46430.47249,175582.4264,28911.79969,152304.0726,21970.42886,113892.4675,12882.09211,2724.296588,153921.0618,97170.76835,1783550.969,1782580.893,190470.1969,30470.66185,16145.81286,6806630.027,3596724.019,290307.9946,831.5516853,616665.2423,43181.52619,25114.88191,,7809.406138,5496.507075
emb_18_8,ko_exp2,neg,sample,10ppm,N wt/wt,10308197.53,1158904.92,2026680.293,119076.4744,3219408.211,4433131.278,896172.0427,3234934.333,130289510.7,142644.146,147390.5777,3050914.894,1058819.028,2868204.997,2601273.31,337834.5928,2197175.513,685652.0983,4733427.019,133233.0567,107321.981,3467668.331,1116915.837,2027778.072,21489131.59,3044600.22,9045.984672,408566.9438,185309.1069,169328.9823,696997.573,3654844.588,3453489.455,90598.7577,49806.18595,47023.3102,152214.8428,1394180.5,141794.1367,139757.4533,4772205.914,8526157.466,460367.4739,1677111.622,725650.7945,286523.4128,101837.1215,1115714.016,5619660.084,2167823.597,202053.0697,19022485.81,1553595.798,84474.04389,216136.7757,48213.61336,58576.34506,22636.44586,278461.2306,794710.8865,447996.023,397148.4009,14875.60048,436986.6162,89687.18957,81144.6988,2897915.374,73656.62827,2070.775961,155049.7858,9997.766378,45808.19223,17671.11977,55194.16702,154973.2186,5964389.693,21299.88985,2714605.972,409521.307,2378813.913,116813.8055,115661.5911,,370481.611,91027.03588,8128772.789,34436.99411,36495.20303,179338.7682,35423.39031,557250.6091,26881.48622,54912.43438,,9730.17801,34332.11967,1569.71501,29503.46873,1691034.896,43515.53944,8712.548235,13654.20176,9471.819254,559920.9175,42357.08632,276424.0869,200774.424,469200.3004,244509.5008,10912577.8,15491.38252,,2416.447121,465223.2726,52960.33429,19919.64808,450226.2558,1443698.342,67386.99396,8672841.215,427327.025,51115.82469,18677.56687,173217.7269,121409.2276,127369.379,600168.9361,48873.01988,153041.132,26115.30877,59848.92828,68848.53425,120938.5242,110235.4723,50101.46604,2297832.951,37021.1877,13653.73383,172025.4465,64244.5919,71161.38548,309464.8274,126887.6038,12352.90433,31321.20953,111756.9181,456540.057,21694.93033,14478.84415,14240.40223,63517.03729,582694.1065,122861.6935,268926.3744,48443.79551,502468.409,5430.719704,33417.43073,18413.64265,308471.7468,203503.2416,11083.28268,58299.70905,191227.8882,37350.92808,171205.0372,26313.404,73583.98986,,4616.369533,55606.25849,83208.56336,1711675.632,1671626.931,109726.3948,20364.36911,4089.332935,5597469.215,3054084.084,278404.8526,815.2143315,499436.3328,52262.89484,18603.34284,,11403.64656,6136.202249
emb_18_9,ko_exp2,neg,sample,10ppm,N wt/wt,7117426.014,2011510.821,3233848.468,186634.7009,6607221.088,6404865.636,1626214.603,4856337.925,197420146.6,193428.271,213999.998,4893576.719,1152777.39,4878273.859,3677196.03,589551.119,3659834.809,1192901.681,7151103.268,244767.6656,152202.2339,4660868.035,2161063.957,3218255.354,31500563.14,4047953.57,17384.9295,667502.1055,257669.8847,203402.4313,1156768.516,5028759.788,4532494.365,226986.0636,36433.48231,95920.62176,167480.2204,2097642.294,179137.7998,468963.8973,7049007.29,14703286.26,460250.866,3076772.637,834329.5401,664478.4284,111507.0509,2285883.622,8999030.854,7091794.26,259982.9717,30393148.58,1972919.281,82544.51524,298833.711,57516.76095,63623.65747,22929.88536,535107.0526,1464381.057,654970.2571,661504.3793,73966.83531,916544.5891,169121.3215,98181.29144,3580493.482,115998.9932,12330.76121,256263.1269,13961.17393,118633.0122,59723.51681,160989.5466,377455.3012,9295932,45245.06576,4521379.938,726004.9492,3131811.217,169655.3811,164834.5815,25899.20451,494593.6796,166396.9358,28736291.67,11743.32247,57473.05187,153671.8989,32288.24681,622841.2772,26068.84374,61842.86305,4432.864307,11211.50452,48565.9777,14649.08361,26381.81734,2602409.61,49013.47323,9114.267232,12596.07551,23293.90098,450681.4788,33621.29831,231456.5519,359708.4311,841859.7859,193523.9862,8258894.733,36475.60908,13857.98417,2501.949925,714049.0021,47918.86122,48645.94967,371288.4385,1012956.482,115833.0564,7153541.586,929007.2638,80176.28934,23040.79608,117046.1217,235735.1872,175147.4827,481302.8715,42226.90025,282435.0495,17592.72312,91326.56424,58078.07004,122662.2635,133225.9786,105675.8262,4502564.864,27478.3753,6354.307538,118894.7157,51465.55828,65617.30005,399623.665,156633.6874,14884.2204,43843.3635,57500.23475,947298.6804,6377.931854,4786.443684,8096.343933,130557.6156,295419.9733,63831.38751,288886.6791,67946.6282,362676.7122,38282.83648,125236.6166,38114.25511,914827.6131,117721.6749,55669.70338,11470.73336,126915.6343,23727.95689,149456.2031,33890.73333,63106.12199,12267.39446,16786.60572,210821.3425,411978.485,3489077.6,3881728.505,1361816.839,68398.1917,25309.45423,12128548.21,8349634.669,741083.1081,6694.893815,865445.9236,108309.9875,13153.5113,2584.98927,824.6710304,19531.58004
emb_57_7,ko_exp2,neg,sample,10ppm,N wt/wt,6057048.879,1337782.041,2696288.637,221708.2701,4281305.84,5768757.876,1160688.215,4605699.266,121267735.8,218904.3385,235660.5792,3578588.977,580423.769,3568702.694,2538239.959,339941.9551,1803626.912,2704907.474,4927046.665,300055.9553,169441.6432,2600058.913,1522859.69,1572323.679,25033409.89,3679014.357,4704.283498,451773.9483,269384.4661,201662.7224,846246.2977,2401779.524,2180902.062,182697.687,11622.52287,83563.81861,177251.6932,1810469.045,78485.66792,171928.0603,7418307.988,15414972.22,206213.8189,3203865.166,1014393.852,496071.553,94628.69011,1996121.816,3178458.881,2608821.061,339702.2499,23253652.39,977900.1446,50694.25887,457779.4921,58657.358,96218.75088,35568.66803,251362.8763,694130.7007,427059.7331,526961.456,65366.14161,752998.4974,137465.6103,101133.954,1714473.578,90403.2048,31604.21276,215505.7442,10638.00435,145812.0665,31104.00817,149576.3346,107123.9342,9778771.209,33050.46873,2814321.933,384514.2326,1452670.988,102136.8846,100902.6041,42651.53422,632404.9981,287297.7528,21618591.13,10580.17505,99672.56322,158343.8909,90736.21314,380987.2623,6103.505012,37855.73092,44195.75037,10190.02378,5645.475183,26860.89936,29879.22727,2179081.342,63408.48706,14785.33717,3740.285445,16176.4675,453860.5753,39551.63505,248744.4007,97019.04758,289906.1604,164940.4736,8198775.855,27516.1637,20226.40173,3352.232763,755763.9019,55763.22132,36470.44415,337204.7271,1142868.752,73624.79642,6289236.225,685071.5905,108109.3433,18991.98728,127935.7191,12424.43211,35384.40875,384732.3858,38720.53485,180525.4012,26891.05652,72414.57399,82670.76202,97005.05947,65255.8692,44133.13363,1619183.253,37709.17883,12640.15529,91526.59734,48447.08392,67746.12729,360410.8284,101587.8466,16199.57153,38512.87328,73317.51403,286562.7088,17364.9044,8551.255148,15215.75686,33031.7504,209128.6636,34259.89558,120578.2574,66971.59604,573443.5414,85264.12667,229680.0624,28934.87954,910424.8996,143397.9868,67678.79044,68522.41076,213583.8898,24302.49158,99346.895,20027.36145,71350.23199,121296.6372,11817.76314,593303.3365,204812.7073,3129387.344,2034637.733,221185.4584,40194.82284,18751.5043,10526330.77,4914292.309,469408.2119,395.261278,706113.0542,18189.64026,13821.047,3081.408579,7879.135141,8470.37753
emb_29_8,ko_exp2,neg,sample,10ppm,N wt/wt,7624186.984,2205412.851,3317944.693,245390.0408,7234111.551,6622934.648,1309618.77,5873421.62,225644061.1,213381.7896,126058.8,4622593.856,476415.9056,809386.6992,3529755.646,667700.0005,3121394.316,1341394.33,6469141.273,312954.166,144385.4351,3670776.657,1779771.535,2769587.797,28070222.67,4078904.691,13795.60236,808277.9089,247184.8154,198229.6109,957985.3122,3787552.433,3697437.279,199919.8371,9543.572949,111799.8192,164947.3639,1981075.509,123383.4705,488075.7153,8437331.492,16270459.96,179371.7974,2833098.474,955116.0213,638453.9932,103745.1364,2802414.959,7736995.258,6325157.369,246808.9246,29256701.13,1596715.683,88273.59285,293093.8042,68395.98402,80918.58364,43697.9622,456839.8146,1343699.664,607133.6798,746237.0055,46356.14726,742572.6018,219047.7543,133859.4365,3146900.002,114117.709,30556.70066,193133.8938,14638.52615,235570.2588,44149.58236,142471.7425,390914.1191,9813099.803,56352.23996,3562841.903,865723.077,2656953.966,133275.5402,132153.7676,41183.23125,527026.1118,235478.3626,24519893.72,13612.4877,88202.50049,167225.109,28301.57935,527575.4733,16656.82092,53266.16565,56821.81006,9038.083672,3795.229861,21367.64123,16713.79538,1854679.828,56860.89439,15770.17285,5681.095665,17616.89354,407358.6976,36029.22765,237801.2372,101666.7816,362479.2502,139485.7593,8042733.314,41610.59303,27189.65571,,354457.138,50155.46895,122239.7179,241134.811,680419.3633,58352.63891,6456543.726,893177.884,55018.6915,17028.89247,108801.0334,15269.89561,74450.50615,444068.9874,29021.65798,425283.7349,9565.706411,54051.87403,49549.55853,81727.54818,46311.41457,42762.58117,1792625.467,27423.56766,8630.04906,61544.62913,46517.86726,60591.79049,345613.8359,83153.71994,18662.77156,55511.10713,66542.97084,224985.6803,18683.79633,2274.541462,11324.3695,23614.79258,336867.6511,78883.51218,84491.89957,68812.93063,577738.1774,127114.3642,331776.8877,13142.45834,1203957.478,111469.1991,72766.01647,37264.99544,142608.5987,25129.25022,110591.4127,21371.28332,91729.7264,246637.6087,8203.817375,956525.3229,254844.166,3243351.407,2883618.762,625324.6448,61676.62937,35083.15354,11229215.87,7104090.836,708368.2694,3375.170492,829455.4,50076.09946,7053.445262,11052.38251,396.6234692,14088.24225
emb_8_8,ko_exp2,neg,sample,10ppm,N wt/wt,7073194.119,879469.4826,1656226.785,143152.8273,3514710.237,3774176.95,915350.6765,3789236.263,56789632.38,157139.0408,120739.7363,2895454.556,319839.7401,1765266.101,2286951.607,294579.6863,1432679.527,894239.8658,3956295.659,167451.1047,194010.3873,2687968.357,1328896.221,1452384.976,20164737.66,3132699.712,3924.03597,348692.5546,256141.733,161247.9009,660240.2242,2534738.527,2352267.456,190478.3205,15199.81862,68722.48854,180510.68,1282795.043,72631.34292,436484.7966,4440437.576,8577075.843,396672.6871,2572952.897,411072.8737,458800.4825,95716.45416,1267617.79,5825292.797,6439744.892,255412.3534,18223696.38,1004417.671,49714.43705,445974.5042,82564.21905,58073.55659,24047.18658,364820.259,404097.5549,310497.5184,897346.4214,18914.72342,348427.9545,149743.0648,93173.53348,1774744.474,130033.8878,23262.20438,509215.6311,27333.55873,133310.5293,28198.00937,192382.2888,402389.1556,7043012.001,37163.11974,2760872.686,132937.7288,1639751.499,150244.9099,149145.8626,34168.0927,445363.5505,163005.4737,24812968.47,13070.36998,87170.08924,133978.8042,29716.11714,269609.6605,5366.064927,7309.885976,1514.707253,15451.12208,27254.51095,16333.3507,21347.62522,4507730.259,61840.70847,25188.6945,4919.414108,26021.43489,565488.2195,38919.17112,291405.968,61741.42599,273947.566,198402.2254,15908927,21923.44782,7887.058193,2687.661188,724667.448,87608.8238,68531.80751,467194.5673,1769752.542,29245.2612,12855606.88,389737.5517,43570.3396,19087.8675,175392.6402,17067.52537,37963.942,738117.7575,43984.10583,205397.3062,12143.60689,82150.71329,97332.50547,206144.01,11286.025,43972.80213,1877952.669,50192.63813,20804.28229,188720.2961,83295.0537,91671.63766,363460.3735,80634.1757,19841.15657,38723.67457,191089.4017,350394.2246,9393.292824,14823.57192,12134.54982,36215.35851,525627.8152,109464.6548,66754.83575,56716.77655,135083.3313,51645.90873,176002.4299,22918.74422,738864.3321,173093.5215,44816.25062,1402.339457,134470.6178,37347.50558,144193.2118,19909.09523,62957.00442,62443.28183,15785.05444,325075.7591,166774.9959,3765165.212,3024325.59,222053.1512,42308.21641,33460.7047,10406160.22,6804416.206,450922.5934,5925.27103,525183.7064,54304.84428,13856.86328,1519.07714,16553.14231,14802.61809
emb_37_1,ko_exp2,neg,sample,10ppm,N ko/ko,8137131.133,1450040.808,2480596.271,172089.3738,4388120.842,4820574.099,910271.8,4590948.083,161409445.4,207220.2481,110287.53,3080071.112,999300.4197,4540683.514,3139608.863,391140.4272,1973230.606,992915.0231,4681281.628,196327.7116,136937.2304,2966927.773,1174119.764,1517466.971,23846351.8,3839794.109,10811.57974,567775.9404,233760.5706,177690.9551,659301.9734,2564706.288,2808914.532,131413.2688,76810.1809,70429.24216,160028.4911,1736532.688,159502.4049,151908.6087,6511156.784,11615133.1,124174.2904,1976644.223,832869.7373,398565.6405,100762.9913,1639760.347,5733092.878,2357533.119,284794.908,19787069.47,1354518.486,72496.65647,208729.4562,60795.39335,47569.5054,24080.23091,265940.0287,822754.0878,391767.6043,393437.4321,15524.55839,418020.1303,126532.5327,99912.50541,2183886.011,91035.96362,7297.605085,195893.2428,9324.674057,161263.1353,12647.97058,86439.38909,165134.2441,6135993.702,26433.08853,2107224.546,550196.411,1967578.356,127224.6129,124700.8734,16418.39116,528555.1287,225274.7365,13328034.27,10643.63966,55885.84595,173866.4899,28221.52018,456679.0042,23491.66822,60751.47606,25247.55763,10629.76023,5701.146784,14859.14228,27814.60005,1385794.167,56008.04751,14200.32681,4350.258472,9305.244809,505067.9378,41332.99263,261041.2488,57494.94233,162430.0257,155930.3907,11682162.24,20599.97652,517.3355718,10246.73434,187226.7309,57363.09037,31133.44505,297146.0811,911787.877,43030.62634,9461898.045,571089.9467,49868.54172,22493.47995,154980.381,217164.5435,186739.1261,398300.3234,26804.4619,239740.4211,5406.590985,53915.34584,58033.76774,126053.6738,117443.7667,25308.42863,1209554.076,36011.00076,13126.68582,59943.89006,43511.56886,36946.96197,315540.231,149395.0221,15622.90831,38810.71984,88239.72653,168862.5886,21609.63759,8078.464412,7613.914786,19827.88781,332001.3217,78242.65233,105783.6233,57016.73421,442089.6056,46035.76125,128125.3345,12055.42423,581808.8685,124160.4476,35428.95922,22523.3725,205663.5624,26607.96946,119765.2535,17266.51249,57658.87777,67644.37285,8457.002668,347935.2692,171362.2406,2818519.108,1886351.785,214756.042,32914.49509,23950.58143,7447773.819,3860393.604,345454.7664,3417.613383,647374.7722,42536.25366,16117.20045,1665.540829,1673.884287,7635.406936
emb_18_1,ko_exp2,neg,sample,10ppm,N ko/ko,5694601.17,658175.6202,1431761.06,161737.9676,2560464.669,2603115.349,508170.0267,4813946.777,56304360.88,101054.9641,60536.26141,2034708.877,422646.7973,854430.0342,1121917.208,267376.9753,1419852.941,680458.1437,1940623.131,73556.97604,105925.9345,738331.037,1193745.779,540344.7184,15631585.08,1884793.68,17159.26231,257158.7521,80375.57673,66351.93148,378029.5547,768662.5451,852999.3315,63699.5676,77720.0895,70062.25921,135783.9256,606266.4379,166968.2313,82295.21187,4654747.256,3906340.523,101002.8299,1158075.586,753916.8844,232804.5003,57636.26551,1029111.138,542050.8814,403104.2546,136153.3059,12620243.94,425237.5269,26132.77397,125964.7751,55354.02685,16815.29635,10588.63895,82746.47108,702663.6016,256933.6753,172977.2529,36157.55988,193259.4315,134641.5454,150621.1946,796998.5204,18790.4495,2470.242608,127209.8706,6277.891085,134805.1523,3442.489709,44998.34925,17415.42994,2978094.231,11334.07942,1531133.342,174246.7621,838514.6184,14274.50628,13175.84536,1489.894941,387644.6036,78305.32911,4595799.24,8787.316529,53884.8926,186619.2727,13919.21658,199036.186,10427.89357,19375.71172,6589.79947,935.0384629,2610.335039,3163.604558,39599.32954,424059.4721,41671.50155,13317.61063,8757.633424,4048.626929,518468.6303,29861.07604,236729.2076,69175.82544,134924.5923,148477.4401,13474962.63,10367.04693,,10472.48918,557264.2063,44315.79176,,295730.7042,1172744.661,83443.971,10652585.85,309432.2106,39364.16607,18219.43017,249902.3263,18541.03626,77820.65465,267273.4621,21780.81424,117015.6479,6865.790704,17427.51908,72093.5417,141036.8119,57287.95076,52440.89867,2080290.562,36994.99825,14499.73721,57298.31602,25472.67015,47842.92149,292635.0303,179533.6337,21269.86582,49148.83343,36783.26809,248392.9648,30923.24751,4905.003094,13309.28972,51840.82957,433267.123,71942.58536,108035.7326,68784.76612,810024.6063,12886.03734,48299.94991,6469.835817,283354.509,217247.4198,11472.6228,42654.81457,157869.1136,33048.03247,133231.4429,32015.37565,83093.33959,428.7184828,,76154.36164,31784.81267,1238840.999,772670.6375,124850.7481,15329.16319,2216.870443,3787852.36,1861305.621,205384.0498,310.9290179,389489.4597,9913.887965,29366.78808,552.9563123,18871.84274,4833.609895
emb_57_8,ko_exp2,neg,sample,10ppm,N ko/ko,8357212.349,760694.9188,1428966.31,116838.619,1410715.449,2283199.887,485411.6344,3300114.442,97684277.41,144581.6097,92782.87039,1195567.323,452920.2449,2155598.472,2534866.682,165767.206,781199.2835,538496.2293,2604162.494,78643.31607,99091.85114,2563325.006,465701.7244,764268.6699,14915232.89,2471524.12,1563.747296,636309.8534,104947.5396,89104.84372,393352.5247,2247437.769,2890900.404,68599.3266,10766.34048,42916.10913,152501.2147,963849.0855,201258.2701,141271.0454,2427660.245,2996682.182,79014.4589,1088788.123,889740.0065,130769.5416,81717.94031,482122.536,4539523.761,912396.389,268036.0273,8108300.825,1474514.836,70451.54013,123632.1849,46729.42966,12207.22592,22679.66145,158601.8353,303758.9477,238015.33,347772.8907,,166774.6256,72136.00726,101492.045,2009255.471,86029.32247,,124101.8178,1935.784773,64908.77556,3177.801013,39940.13415,104435.6741,1757731.599,13366.59653,1245255.942,272783.8925,1765438.299,107800.0432,106759.5258,,235149.7993,164840.9955,4132722.986,9354.985176,29584.59949,249774.422,26209.58752,397880.1599,7134.519735,61625.12087,2412.857827,891.3073282,3887.796758,1664.211634,38496.28114,1022180.567,37987.97224,7971.34991,11244.40154,7697.061457,686567.9799,45853.22161,323851.9786,16048.47294,48817.82615,206012.2272,12454216.3,4541.188124,,13648.27881,158082.6559,50183.96845,7668.560385,536174.7561,1455996.424,28328.22269,10313600.43,126576.8615,24987.06603,24912.28832,259867.1836,493550.5167,354454.2407,560768.5318,38800.26482,125640.5079,18615.80007,22772.62186,88042.21429,154429.2018,240318.0801,6244.4355,418767.7186,34158.46011,14243.35544,103889.5211,50917.0429,69927.99704,208758.13,302983.5887,11709.2651,26374.2635,91536.10701,61949.48785,20940.75095,2595.152572,23795.14801,2395.755948,495450.5744,98898.82858,46385.60098,43145.71503,743122.3921,,13991.86996,631.8829942,123327.5867,266782.295,,73113.20576,298415.408,52938.94555,191960.6485,8757.339665,80066.19324,,,71506.86221,7939.06044,245769.8312,214728.6368,7766.627699,,,1255257.642,720085.5897,39896.62757,1241.506667,246624.6401,37348.30046,35849.28211,,23364.00061,398.2594975
emb_29_5,ko_exp2,neg,sample,10ppm,N ko/ko,9336923.58,1193583.899,1726356.065,159963.1937,3309782.588,3454990.586,636493.7113,5192500.137,128550637.8,103666.753,70503.17617,2481560.959,601791.6347,454178.18,2256847.029,354794.7154,1257385.28,818361.3146,3412246.318,116554.8497,106025.2138,2014419.337,665142.3852,1293394.501,19888806,2028935.687,21676.19252,391596.5163,96320.27048,104699.7636,495133.3803,2202422.676,2376033.836,63336.10748,79309.99992,71996.49892,149038.8543,1057473.308,182298.1493,114345.2787,4027564.795,6692462.79,87422.76173,1178797.028,653676.6625,227733.75,67421.59248,906528.7713,3633336.138,1327776.296,143168.1297,15526750.62,1139354.294,59633.73035,106967.2446,73949.53517,52779.54797,20632.68362,196999.4386,550450.8519,226115.4212,259429.4284,18390.87338,200804.9918,129513.9032,165307.7,2170806.962,50268.83689,3078.197271,184777.1867,8278.452791,110854.8827,11480.8265,52372.211,116791.2854,4533466.721,24354.03694,1605811.738,410448.3965,1976526.081,52989.36616,52989.36616,,333536.2256,135160.055,3856816.105,5703.733025,58645.13044,171061.0629,21240.32838,427456.0739,20319.573,49692.16748,11494.8133,1417.707216,2402.35664,9027.443896,44225.40962,640713.8077,37463.00773,13278.80693,11066.54692,3918.59441,533607.3063,38020.11889,222824.8157,48272.09165,155319.8544,130017.0441,12391498.79,14177.01543,,14383.73277,207727.1793,41299.06805,52401.04015,230114.9993,1104996.603,59239.77121,10989370.28,405758.8918,39206.29547,22469.28033,247117.2749,8822.642835,64357.58205,297552.2303,,136651.4907,7278.259594,26474.4656,74457.73019,157219.0428,42536.10569,25481.10896,1337606.949,42939.95516,17180.50895,48345.38354,27978.51905,37438.24521,220983.4893,199311.0342,36163.0454,68861.46582,48166.54397,156772.7045,29344.80037,3561.545839,22110.60624,15470.12588,508767.4135,79057.76412,78918.41871,47305.06014,626282.6716,22348.48913,87502.63599,14549.64366,342102.9862,171449.9245,7805.599651,83919.45575,178534.3997,31712.34187,173052.8599,21444.72138,82417.95307,20790.31095,,157165.9128,88833.66235,2179106.117,1673800.541,192676.4906,18338.69599,11228.09788,5898884.212,3209196.101,253733.9195,2360.144642,577697.8372,75503.60517,24249.39968,,11082.31305,7315.897066
emb_118_7,ko_exp2,neg,sample,10ppm,N ko/ko,11771788.18,854650.3889,2333315.799,130131.5479,2436581.144,3915697.667,990647.3701,7627220.683,65455023.48,264938.8824,76608.7807,2955280.191,230451.9081,943914.2223,3000858.287,300041.2682,1803411.335,2931203.218,4226430.903,163241.3278,154465.0133,2713620.575,1641140.152,1134752.111,23659194.55,4277469.637,1071.316156,1058506.996,245210.7021,158809.2721,696440.5425,2446529.677,2730174.602,143686.1514,27849.19265,140995.2413,181055.798,1489697.446,169943.4662,483403.2,4805635.635,7062566.113,367553.4729,2453990.366,691353.9843,430753.6732,101857.0386,2343352.526,7876160.566,5046193.983,485867.1088,19279711.03,1344622.896,65444.78059,186864.7873,91060.93585,20814.09631,21390.05827,364887.8686,618448.0095,235575.5946,560909.1293,71290.54395,443879.9493,240821.9631,231073.9787,1607747.459,90061.50611,25781.085,516929.0494,12310.03559,291103.2116,26539.38927,152369.5341,329540.6611,3643770.245,44977.43142,2184298.168,156432.2154,1542582.029,105220.6377,104648.8458,19174.47461,549786.6466,80302.06263,14943913.27,17262.93144,102285.2242,270108.6678,45368.91333,244482.0627,4162.010504,23205.94631,20934.93186,3335.40886,13094.90202,16106.64678,36277.59249,1264392.675,71585.0069,32376.28707,11683.37121,6424.239914,673986.5966,46728.92048,343378.4895,46760.562,179395.3028,187235.7965,10924869.86,13422.67304,2872.969889,17299.65921,2236847.026,54595.26703,,454096.2194,1057224.598,127542.597,7881429.694,433387.6757,32267.60051,31119.95455,276555.7727,25971.13684,68869.60864,348483.6298,18465.30759,143980.7063,7555.365998,22008.59082,80846.72339,142212.1278,80227.42324,74078.17385,2611718.705,49079.05459,17749.18679,71855.25763,30583.36136,32949.78382,365838.1783,287030.2044,22933.59784,52638.57152,45288.55925,510218.4715,34630.38101,3199.080642,19074.74138,74251.44593,351151.5071,40099.19747,78435.76896,66640.85241,765747.5881,49367.70053,156510.1644,10070.01858,586762.1615,253276.4744,49930.24024,53773.94366,208507.7099,60688.37643,162464.6831,24499.67057,111297.9017,24642.69486,,186463.6074,111724.0293,1691941.015,1270034.572,207763.894,28891.48426,11126.93643,4650114.821,2747416.601,296851.2118,1320.167271,603175.278,20787.18738,19665.02665,570.6455021,32927.44119,8056.187543
QC1,ko_exp2,neg,QC,QC,QC,5790456.123,631212.2912,1373830.589,48034.35534,1850224.633,3032058.877,580896.2086,1199543.941,67835285,80643.06593,97541.06895,1872042.498,260128.8103,1251232.888,1420671.714,197722.3397,1053423.429,323840.3496,2595303.377,112854.9502,56418.77984,1892866.856,654640.3005,1056887.083,16757444.12,830633.9488,9290.592188,294060.3099,73943.8081,111736.6243,458222.574,1517201.251,1668068.936,90051.19874,20874.4941,44408.8491,104546.8139,801123.5218,141396.4909,96140.12031,4182718.523,8303149.001,88386.53679,1075491.079,176018.5461,295009.1648,416005.0774,963345.7677,2927009.182,797483.1025,125424.0525,11752640.83,756009.2989,36542.08207,183317.4333,43610.76817,34769.94895,14780.51689,145738.1081,404233.8963,191995.0441,464624.5045,9840.387529,267422.8283,46122.53437,48739.99162,1368629.8,50739.37058,4282.891419,91125.85562,2847.615871,77752.81732,8389.369606,112032.6735,81043.43494,5032062.826,10595.86209,1452136.202,268158.4496,1291845.72,106165.1357,100709.9221,8608.833756,307336.6788,154929.5646,8739352.738,7584.902797,63796.19888,263417.2021,21980.12466,308930.2406,3818.9044,24869.15225,10754.41305,,8306.431593,7047.571827,13476.29609,1050189.027,16783.87445,9852.346511,12685.18432,6063.815065,305864.1024,29117.80624,149045.3124,63773.64949,201357.0945,156832.6216,4247938.986,7581.905256,1466.828087,11377.11365,254173.6151,36960.34667,13957.58537,611855.0336,865342.3985,38439.94535,3506462.485,419634.2821,49388.19477,21180.22536,93935.4798,30001.09221,57160.71855,229501.5167,22131.83595,247910.2709,2632.978132,43718.30943,53043.86776,80117.22721,18348.46596,22300.21867,998193.9464,21762.92961,6941.856196,69537.55417,32171.6211,46049.98738,298277.6856,127108.3433,37693.74089,32596.18916,51254.72579,134316.1683,13167.65793,7908.891188,5314.354997,13898.70159,209956.1573,51202.7477,87089.90533,38311.80716,305956.927,1467.887807,21151.82103,3676.10959,144911.0785,32388.77721,,11858.46639,165235.5434,10226.09464,83688.77427,19520.63069,41165.9091,,2334.029159,47848.30053,153885.8343,2851111.402,1995286.262,106681.5113,14711.49291,6600.70133,7845792.314,4625004.423,264136.5185,4375.150116,551037.8859,10854.27901,11228.67991,,8292.482958,7657.606077
QC2,ko_exp2,neg,QC,QC,QC,7638160.512,588285.5967,1236148.544,65578.91664,1652899.755,2858539.105,510485.1052,1127576.376,59873938.31,75954.79961,88321.73718,1800217.916,254836.015,1100502.187,1299378.066,184778.0982,959978.2285,373418.8803,2417137.356,109447.4893,57914.5812,1712955.234,567754.4967,923448.6494,15930641.31,849493.6229,12486.27761,310157.604,128814.4441,112953.1951,401878.0631,1453706.48,1509375.526,82089.90208,29543.41932,40743.19522,109445.062,776403.5784,131777.2108,94569.24084,4017377.473,7682807.396,86002.59021,996481.3823,175773.5327,267979.3493,458175.2348,941425.9711,2676199.652,757422.8327,122723.1434,11579124.82,755361.3635,35298.7137,165880.8401,53166.12688,35933.32331,27319.16491,130178.8351,392086.9836,184025.8893,439586.2391,2929.853762,246032.0452,80520.10258,48259.0307,1236808.465,46754.2722,3549.760993,95418.7481,4054.491907,69327.05505,7638.428909,96567.41191,66922.34511,4424269.277,9185.105172,1346483.399,252836.4957,1142052.089,94823.43322,91909.85583,8324.181346,285319.0989,148102.7132,8605847.579,6235.574373,70393.56412,277034.6159,17020.96742,279994.3841,5183.816095,20096.57129,10108.55201,,8242.15837,3701.172775,17352.79219,1022537.125,6709.365801,9336.351611,12151.55102,8305.872288,335980.9727,28654.76951,158934.7351,57833.72186,179741.0678,155893.9236,4466705.329,11829.82429,851.8242837,8784.503978,236107.7786,38141.31359,8882.973604,614783.6556,864282.476,33722.24406,3710719.492,395960.913,43213.83544,21024.52328,96654.69405,26358.92334,63630.11431,222520.1115,25911.7762,237274.235,2495.385735,41615.6214,50699.31948,88683.4763,12987.21614,19451.48084,857229.961,25464.92532,5641.520701,68294.8509,26054.51569,43376.98041,284641.3027,117489.5591,38830.93287,31518.75803,49500.34056,118378.5946,10545.83468,4191.677372,9851.627094,13539.12594,197538.6273,49891.95089,84811.19479,37551.72576,339647.6518,978.0886542,19195.09388,3282.811016,136349.9248,27098.4622,,17178.02302,170563.0936,8041.100955,75312.42862,18026.92671,32545.23428,,1907.111937,48247.73922,110149.4127,2043606.919,1409860.523,67545.21056,11134.5809,4611.688885,6787257.424,3482927.133,233546.2364,2939.870503,496479.9413,6505.627895,11978.05056,,6716.552213,3145.578688
QC3,ko_exp2,neg,QC,QC,QC,322923.4063,72321.4046,273082.4283,14564.93313,33498.23859,260289.7425,101279.2611,222110.021,119100.0128,67429.72409,31210.10155,46584.00833,9797.434028,21693.71636,93013.44386,,6509.478535,164410.1577,196277.3527,10814.1354,50783.66166,,53662.35365,22025.28024,45984.2232,130514.7859,543.9413585,71018.24248,64744.23794,61810.88899,11044.40846,,,23213.30193,20503.16751,14776.95316,75689.3947,36994.59871,6634.967948,65073.43337,1550401.014,116523.8968,6737.722725,3928.628933,111366.9069,,36248.46546,,5449.506807,185899.7605,22148.90127,194484.733,,,5616.54454,36098.14448,,24377.3391,,136803.7145,,5291.099443,,18918.38472,16016.10198,12584.78809,332.8591724,692.2596841,,35094.11325,,,,,,719691.1709,,49654.81367,19819.73159,324.5260872,4370.356392,4264.849797,,8218.153178,256.5714008,293784.315,2185.74334,11363.23572,34214.14307,,19343.27965,747.9415597,,,,260.7336211,,2841.057054,521.5894426,2241.196328,1088.86097,4114.848897,891.1393143,36184.63491,23119.52826,23213.0915,1042.377564,3289.214162,51374.09132,392927.4272,,,,793.135121,27821.23594,,26728.91886,34167.50001,1472.245477,263763.2314,16148.48236,5104.775904,21199.78606,,10037.30762,4748.926032,2584.306166,,68629.47559,571.7455792,,8525.722347,25618.77142,2485.877162,,23170.13907,16211.89212,619.2061405,2117.18963,5627.399196,858.1007556,,7043.858396,1634.152935,1352.646488,10337.90319,,2395.343994,,1121.261001,,,1376.627417,327.534325,21777.22201,5180.882276,,,,3748.564145,241.3805894,,,8269.989756,,,,6250.928743,,,9952.225851,,873.8671021,,,,,5649.419024,928.0145133,,,130410.1912,,,,,
QC4,ko_exp2,neg,QC,QC,QC,284336.1873,85190.88778,322803.0376,14562.97436,51090.80559,275838.021,117667.9284,265169.9919,138114.1359,97045.81101,34071.89276,46633.64524,9786.009166,15655.06981,102974.8555,,10273.9295,204014.6091,227704.0448,8732.437111,62388.35035,,57035.26622,26805.85225,37060.18365,139350.1335,441.040345,76043.31034,68865.96487,67718.98759,11034.75411,,978.8096754,26636.98979,25844.14449,18445.77064,103204.7095,36678.79422,10012.23865,71180.67933,1576501.718,104225.4223,6534.434335,1985.083549,127295.7827,,44737.42841,,,176744.0999,40819.0862,190782.3386,,,7455.679362,36371.6592,398.5733266,7824.079075,,191407.3193,,4004.602325,,18665.19673,24962.74926,15326.02926,,,,33398.92769,,,,,,720948.8204,,64927.50465,25481.51397,,5970.736513,5970.736513,,6292.222239,297.4180864,247274.5939,887.3865507,13114.88969,32208.40792,,38357.52217,261.009217,436.3521086,,,1058.40351,,2697.206837,,2028.375031,389.5276488,3973.64966,300.9128769,45131.57942,27451.35003,35025.30844,346.2392567,1933.118161,18148.27973,297352.5794,,,664.1018261,781.0171531,32406.70359,,27256.62797,32164.79062,2576.467217,295905.9213,21943.02028,5224.360419,21060.02784,,10154.76376,5127.481122,2989.202591,,79574.06089,966.1468247,,12972.98428,23835.64561,4219.901802,,22939.33928,19979.57545,,,9578.718531,2648.514503,,6719.577379,1402.53872,2919.872436,7650.100362,,260.2399961,,259.9361379,,246.0330729,766.6892298,,23639.75943,2934.255683,,,,515.6887737,273.6491647,,,8710.378531,,,,3279.857979,,,,,,,,,,6529.842106,2410.265578,,,156381.7055,,,,,
QC5,ko_exp2,neg,QC,QC,QC,131899.3054,88549.85169,347690.3203,15154.71273,36500.44785,288765.8568,136861.393,268524.4504,107674.6925,95328.07702,40725.55189,45839.80342,8682.353524,19943.41577,90100.27904,,10355.50516,252322.6304,213574.8393,11874.94178,66714.46599,,69893.87877,25298.12493,17938.50609,160002.7104,624.7537272,86621.50996,95225.12922,73341.90516,13007.39496,,1001.850089,19466.76937,21084.34769,18616.53166,46388.35173,38965.18979,11482.58399,70045.40921,1773870.42,101710.9318,6406.038624,,139219.5316,,54445.69632,,783.1457759,172037.8748,43832.75002,174203.4232,396.4817021,,8481.437464,42161.42558,844.0262881,10038.76597,,306265.6515,,4099.219536,,19825.35172,15039.62728,10156.36739,,397.7398526,,40929.76107,,,,,,840821.6475,,70548.3306,21594.70037,795.3028616,7393.747998,6783.521107,,5048.698263,655.312676,224465.0781,1228.261594,13229.73476,27558.83062,,40391.13407,899.806452,,,,,,3180.039666,,1579.269333,499.8207713,6047.595178,,48960.83514,30305.51107,31285.43203,,4046.897762,18956.75523,193680.1076,,,,473.6203766,12450.98783,,22635.65621,29290.57195,1995.68997,181633.0198,19843.59314,2982.110124,21348.06821,,8529.597071,6048.933111,1407.665632,,70963.40501,967.1615319,,38416.91167,18564.15671,1987.5871,,10395.98679,8658.830969,541.936281,1092.119995,7555.779065,1708.62628,,4678.366,1594.068756,2002.898232,13131.51568,,439.4584448,134.0301553,,,,287.7116963,,22177.96858,3450.408727,,,,,,,556.0855983,12320.4356,,,,1391.253053,,,,,,,,,,,,,,131945.4443,,,,,
QC6,ko_exp2,neg,QC,QC,QC,110857.8346,77548.5965,353734.302,36700.32204,39269.83274,362140.9961,159750.0421,281742.6157,138731.487,88244.95743,44970.14964,48975.90301,5382.412413,11291.06968,94792.79328,,8799.757884,231615.6947,183273.0215,9912.169018,60679.64525,,71254.01422,26173.20706,25508.52611,131806.6938,511.0305768,80982.38254,87333.6742,70521.24963,11109.83475,,1028.575759,15195.50092,23507.34107,16588.91336,94271.03443,37100.48743,11323.35293,74049.60148,1716896.254,128685.9188,5406.748997,7524.300908,145802.4858,,66358.61367,,2729.013476,152172.2289,33305.49297,207224.9963,,,5198.935745,41880.6918,,28439.1964,,300385.8787,,1833.178563,,20391.79021,24322.59428,11306.43225,,,,111647.4075,,,,,,873838.2903,,74941.24562,19517.86408,,5438.848673,4615.106165,,6745.187843,,304821.2904,1006.861582,12535.94409,23059.97363,,33973.52255,891.1102081,,,,893.733914,,1557.289599,,491.7182501,,2590.997722,324.778577,37778.43562,29696.21092,27806.75985,,3082.956537,19599.76198,211738.7469,,,,,15431.86893,,23258.85626,21783.78619,1281.867659,210679.7905,13655.75193,12636.45016,22023.32941,,6807.568844,7645.236231,1657.545934,,68868.88928,1119.485357,,11118.32618,28123.44185,2331.849412,,15685.5535,23911.87533,524.6234471,1215.747539,9351.285999,1487.580889,,6049.649393,385.1777076,1127.26571,7833.15525,,571.5057507,300.5374773,,,,533.7242593,,26696.67909,2675.354224,,,,3644.735287,,,,9416.821977,,,,1620.312975,,,3484.608766,,,417.4451244,,,,5291.680156,439.9632923,,,113862.4982,,,,,
Solv2,ko_exp2,neg,Solv,Solv,Solv,254829.2637,10563.97958,304023.6045,13931.51717,10022.85271,228513.7101,48742.62778,58320.18172,133324.3366,73725.38577,32231.1835,25015.00867,,,,,795.5962646,139662.3162,124399.8041,,9485.053969,,52070.32978,6460.31555,8279.467939,86935.62842,,12167.16867,59146.12935,42598.86624,7092.606294,,1404.256938,25479.24886,355.0411308,10607.74509,34082.05955,19442.25705,,58914.22461,1584895.53,17321.54365,,1370.183169,21970.05492,,26460.90485,,64413.03755,184199.5108,369.6304404,104015.2232,,,,369.7992578,,770.2608372,,180563.4827,,,,13226.79186,,,,,,43586.61909,,,,,,549544.4807,,51424.86837,,,,,,339.0656017,,19123.11557,,,18960.69267,,4814.973063,,,,,,,,,,,408.1238524,,53937.23742,1931.728931,30284.18966,,,23622.97817,706271.4405,,,,,2721.701272,,65415.36385,46085.161,,805994.1601,391.0439216,5206.927178,10249.43402,1078.999361,772.6672707,,,,8597.489563,,,2541.514199,23002.30637,,,,,,,,,,,354.0470449,,,,,,,,,,,8509.89811,,,,,,,,,339.9339251,,,,,,,,,,,,,,,,,,151316.3721,,,,305.7484682,
Solv3,ko_exp2,neg,Solv,Solv,Solv,580601.2577,47259.98104,347743.0573,48752.83373,43985.75278,326800.5868,58577.11972,75191.53174,198493.4727,45390.28648,41748.81072,38304.0759,9075.498011,20006.77901,42119.4498,,9192.008787,133396.9171,109829.7473,7723.787126,36767.91618,,27317.76746,23577.04632,89035.67354,144794.9386,486.3082023,50638.58886,46684.53428,66093.6756,3911.368726,,1003.16491,21630.38705,16142.7139,9848.38124,34397.02628,25715.53867,9730.189179,26415.51271,1777446.655,22877.58201,4929.721347,3947.267938,54159.49419,,15648.27,,36529.61304,184534.2758,8297.879634,112351.3574,515.7782148,,7393.569443,23273.01346,1732.101907,15404.39708,,90904.76022,366.9132503,2561.446591,,14828.96704,11786.47729,6855.949719,2041.180273,1846.451089,,31406.64778,185.4413591,,,,,536122.0617,,35563.48218,18005.40375,4600.654002,5892.703066,5148.982416,,6140.247431,327.4691488,3491.507168,2369.121547,9167.347882,32698.3418,331.0296196,71806.91902,2755.663259,474.3834991,,,617.2812172,,3986.926327,1185.161656,2770.519873,1495.911401,3453.87618,374.4049856,79444.10878,15879.75105,41695.18438,1725.078303,3284.582494,17353.66635,1340455.938,544.4418017,,1228.648518,2603.377928,9006.819643,,146678.5105,81287.36816,3280.750979,1718778.421,10238.33029,8016.184611,10441.0253,,6717.83977,2407.146295,2268.953939,,8451.887245,857.3163016,857.8317365,22700.9556,39244.83962,4100.979923,,,12389.93924,2089.951613,429.3085134,5077.988392,1750.742128,,8508.971983,4903.8371,5865.920798,9255.127508,,2140.166992,1428.294161,814.3233582,,3644.28929,1712.699123,232.8151368,13599.79868,3426.991561,,,,,109.6176371,,740.1810489,10058.3195,,,558.9000177,5769.930998,,,,,,,,,,236.0014208,,,,191488.312,2170.806025,,,,
