,Experiment,Folate,Status,Oxaloacetic Acid,Malic Acid,Ethylmalonic Acid,13(S)-HOTrE,Leukotoxin A,Mead Ethanolamide,alpha-Tocopherol,Docosatrienoic Acid (22:3 n-3),N-Carbamoyl-L-aspartic Acid,Deoxyuridine,Glycerol 1-Phosphate / Glycerol 3-Phosphate,Riboflavin,3-Ureidopropionic Acid,Pantothenic Acid,Deoxycytidine,Dehydroascorbic Acid,Phosphocreatine,Cysteamine,ATP,UTP,NADP,CMP,Creatine,Aspartic Acid,Oleoyl ethanolamide,2-Linoleoyl Glycerol,Alanine,Sarcosine,Serine,Creatinine,Proline,Guanidinoacetic Acid,Valine,Isoleucine,Leucine,Asparagine,Lysine,Glutamic Acid,Methionine,Phenylalanine,Tyrosine,Tryptophan,5'-Methylthioadenosine,Glycine,GDP-Glucose,UDP-N-Acetylgalactosamine,UDP-N-Acetylglucosamine,ADP-Glucose,Cortisol,CDP-Choline,Phosphatidylethanolamine(32:0),Pyridoxine,Protoporphyrin,NAD,Flavin adenine dinucleotide (FAD),2-Aminobutyric Acid,Taurine,GSSG,Uracil,Thymine,Adenine,Hypoxanthine,Guanine,Thymidine,Cytidine,Uridine,2'-Deoxyguanosine,Adenosine,Inosine,Guanosine,UMP,Cytidine diphosphate (CDP),GDP,ADP-Ribose,Ophthalmic Acid,Cytosine,Anthranilic Acid,Biotin,Phenylacetic Acid,Pyroglutamic Acid,4-Aminobutyric Acid (GABA),Ornithine,Glutamine,Histidine,S-Adenosylhomocysteine (SAH),Threonine,O-Phosphoethanolamine,Hypotaurine,Glutathione,Orotic Acid,GMP,3-Sulfinoalanine,2-Aminoadipic Acid,N-alpha-Acetylglutamine,Kynurenine,ADP,Allantoin,Linoleoyl Ethanolamide,S-Adenosylmethionine (SAM),Deoxycarnitine,Phosphocholine,Glycerol-3-phosphocholine,Sphingosine,Sphingomyelin,Carnitine,Nicotinamide,Nicotinamide Mononucleotide,Sphinganine,"NE,NE,NE-Trimethyllysine",Choline,Betaine,Arginine,CTP,Lyso-PAF C16,PAF C-16,PAF C18:1,PAF C18,Arachidonoyl-PAF,Spermidine,Trimethylamine N-oxide,D-Glyceraldehyde 3-phosphate (G3P),NADH,Acetylcarnitine,Glycerylphosphorylethanolamine,Propionylcarnitine,Butyrylcarnitine,Valerylcarnitine,L-Hexanoylcarnitine,3-Phosphoglyceroinositol,Tetradecanoylcarnitine,Hexadecenoylcarnitine,Palmitoylcarnitine,Linoleyl carnitine,Oleoylcarnitine,Stearoylcarnitine,LysoPE(18:2),LysoPE(18:0),LysoPC(16:1),LysoPC(16:0),LysoPC(18:3),LysoPC(18:2),LysoPC(18:1),LysoPC(18:0),PC(34:2),PC(35:2),PC(36:4),PC(36:2),Nicotinamide N-oxide,Cysteineglutathione disulfide,Ribothymidine,AMP,Succinoadenosine
Formula_cd_exp2,cd_exp2,info,info,C4 H4 O5,C4 H6 O5,C5 H8 O4,C18 H30 O3,C18 H32 O3,C22 H39 N O2,C29 H50 O2,C22 H38 O2,C5 H8 N2 O5,C9 H12 N2 O5,C3 H9 O6 P,C17 H20 N4 O6,C4 H8 N2 O3,C9 H17 N O5,C9 H13 N3 O4,C6 H6 O6,C4 H10 N3 O5 P,C2 H7 N S,C10 H16 N5 O13 P3,C9 H15 N2 O15 P3,C21 H28 N7 O17 P3,C9 H14 N3 O8 P,C4 H9 N3 O2,C4 H7 N O4,C20 H39 N O2,C21 H38 O4,C3 H7 N O2,C3 H7 N O2,C3 H7 N O3,C4 H7 N3 O,C5 H9 N O2,C3 H7 N3 O2,C5 H11 N O2,C6 H13 N O2,C6 H13 N O2,C4 H8 N2 O3,C6 H14 N2 O2,C5 H9 N O4,C5 H11 N O2 S,C9 H11 N O2,C9 H11 N O3,C11 H12 N2 O2,C11 H15 N5 O3 S,C2 H5 N O2,C16 H25 N5 O16 P2,C17 H27 N3 O17 P2,C17 H27 N3 O17 P2,C16 H25 N5 O15 P2,C21 H30 O5,C14 H26 N4 O11 P2,C37 H74 N O8 P,C8 H11 N O3,C34 H34 N4 O4,C21 H27 N7 O14 P2,C27 H33 N9 O15 P2,C4 H9 N O2,C2 H7 N O3 S,C20 H32 N6 O12 S2,C4 H4 N2 O2,C5 H6 N2 O2,C5 H5 N5,C5 H4 N4 O,C5 H5 N5 O,C10 H14 N2 O5,C9 H13 N3 O5,C9 H12 N2 O6,C10 H13 N5 O4,C10 H13 N5 O4,C10 H12 N4 O5,C10 H13 N5 O5,C9 H13 N2 O9 P,C9 H15 N3 O11 P2,C10 H15 N5 O11 P2,C15 H23 N5 O14 P2,C11 H19 N3 O6,C4 H5 N3 O,C7 H7 N O2,C10 H16 N2 O3 S,C8 H8 O2,C5 H7 N O3,C4 H9 N O2,C5 H12 N2 O2,C5 H10 N2 O3,C6 H9 N3 O2,C14 H20 N6 O5 S,C4 H9 N O3,C2 H8 N O4 P,C2 H7 N O2 S,C10 H17 N3 O6 S,C5 H4 N2 O4,C10 H14 N5 O8 P,C3 H7 N O4 S,C6 H11 N O4,C7 H12 N2 O4,C10 H12 N2 O3,C10 H15 N5 O10 P2,C4 H6 N4 O3,C20 H37 N O2,C15 H22 N6 O5 S,C7 H15 N O2,C5 H14 N O4 P,C8 H20 N O6 P,C18 H37 N O2,C41 H83 N2 O6 P,C7 H15 N O3,C6 H6 N2 O,C11 H15 N2 O8 P,C18 H39 N O2,C9 H20 N2 O2,C5 H13 N O,C5 H11 N O2,C6 H14 N4 O2,C9 H16 N3 O14 P3,C24 H52 N O6 P,C26 H54 N O7 P,C28 H56 N O7 P,C28 H58 N O7 P,C44 H82 N O7 P,C7 H19 N3,C3 H9 N O,C3 H7 O6 P,C21 H29 N7 O14 P2,C9 H17 N O4,C5 H14 N O6 P,C10 H19 N O4,C11 H21 N O4,C12 H23 N O4,C13 H25 N O4,C9 H19 O11 P,C21 H41 N O4,C23 H43 N O4,C23 H45 N O4,C25 H45 N O4,C25 H47 N O4,C25 H49 N O4,C23 H44 N O7 P,C23 H48 N O7 P,C24 H48 N O7 P,C24 H50 N O7 P,C26 H48 N O7 P,C26 H50 N O7 P,C26 H52 N O7 P,C26 H54 N O7 P,C42 H80 N O8 P,C43 H82 N O8 P,C44 H80 N O8 P,C44 H84 N O8 P,C6 H6 N2 O2,C13 H22 N4 O8 S2,C10 H14 N2 O6,C10 H14 N5 O7 P,C14 H17 N5 O8
Mass_cd_exp2,cd_exp2,info,info,132.006,134.023,132.045,294.219,296.231,349.302,430.373,334.288,176.047,228.073,172.013,376.145,132.055,219.111,227.089,174.018,211.036,77.027,506.996,483.969,743.074,323.052,131.069,133.037,325.293,354.278,89.048,89.047,105.042,113.059,115.063,117.06,117.079,131.094,131.094,132.053,146.105,147.053,149.051,165.079,181.074,204.09,297.09,75.032,605.077,607.083,607.083,589.081,362.21,488.115,691.51,169.081,562.26,663.11,785.164,103.063,125.015,612.153,112.027,126.044,135.055,136.04,151.054,242.093,243.086,244.07,267.1,267.097,268.083,283.093,324.036,403.019,443.023,559.072,289.134,111.043,137.046,244.094,136.046,129.044,103.062,132.089,146.069,155.07,384.123,119.058,141.019,109.019,307.085,156.017,363.058,153.009,161.07,188.076,208.087,427.03,158.044,323.279,398.137,145.11,183.066,257.103,299.283,730.599,161.105,122.048,334.056,301.292,188.145,103.1,117.079,174.112,482.984,481.35,523.364,549.372,551.389,767.583,145.15,75.068,169.998,665.125,203.115,215.056,217.128,231.147,245.161,259.176,334.068,371.303,397.319,399.335,423.334,425.352,427.366,477.284,481.315,493.317,495.333,517.312,519.333,521.349,523.365,757.566,771.585,781.566,785.596,138.043,426.089,258.091,347.063,383.109
RT_cd_exp2,cd_exp2,info,info,9.84,6.85,1.83,2.7,1.37,1.24,1.07,1.18,8.25,1.77,10.6,2.45,6.46,4.79,4.94,2.02,11.62,2.06,11.2,10.94,12.3,11.11,9.84,8.65,1.2,1.17,8.72,9.84,8.56,7.12,9.61,8.82,7.66,7.07,6.81,8.9,24.46,8.89,6.86,6.37,6.51,6.09,2.03,9.15,7.71,6.85,6.85,7.76,2.03,12.91,4.56,5.55,2.9,9.76,7.42,8.21,5.23,10.86,1.79,1.69,3.92,2.81,6.86,1.68,4.6,1.83,3.52,3,2.91,3.42,9.78,11.29,11.02,7.41,9.09,4.61,2.81,4.6,2.79,5.72,11.83,24.45,9.1,11.03,9.09,8.19,14.83,9.22,8.67,1.92,10.58,7.23,9.65,6.09,6.09,10.97,1.88,1.21,20.72,18.14,18.49,14.75,8.13,8.56,14.57,2.05,14.68,8.19,24.75,24.81,10.64,24.5,11.64,9.71,8.89,9.01,8.96,7.4,24.59,15.99,10.85,7.25,13.98,10.6,12.97,12,11.33,10.69,7.21,9.08,8.94,8.89,8.81,8.75,8.72,6.19,6.1,9.41,9.36,9.32,9.3,9.23,9.2,7.52,7.47,7.32,7.41,5.57,10.97,1.69,10.62,7.99
CAS_ID,cd_exp2,info,info,328-42-7,97-67-6,601-75-2,74784-20-6,6814-52-4,169232-04-6,59-02-9,28845-86-5,13184-27-5,951-78-0,17989-41-2,83-88-5,462-88-4,137-08-6,951-77-9,490-83-5,67-07-2,60-23-1,56-65-5,63-39-8,53-59-8,63-37-6,57-00-1,56-84-8,111-58-0,3443-82-1,56-41-7,107-97-1,56-45-1,60-27-5,147-85-3,352-97-6,72-18-4,73-32-5,61-90-5,70-47-3,56-87-1,56-86-0,63-68-3,63-91-2,60-18-4,73-22-3,2457-80-9,56-40-6,5750-57-2,7277-98-7,528-04-1,102129-65-7,50-23-7,987-78-0,5681-36-7,65-23-6,553-12-8,53-84-9,146-14-5,1492-24-6,107-35-7,27025-41-8,66-22-8,65-71-4,73-24-5,68-94-0,73-40-5,50-89-5,65-46-3,58-96-8,961-07-9,58-61-7,58-63-9,118-00-3,58-97-9,63-38-7,146-91-8,20762-30-5,495-27-2,71-30-7,118-92-3,58-85-5,103-82-2,98-79-3,56-12-2,70-26-8,56-85-9,71-00-1,979-92-0,72-19-5,1071-23-4 ,300-84-5,70-18-8,65-86-1,85-32-5,1115-65-7,542-32-5,2490-97-3,2922-83-0,58-64-0,97-59-6,68171-52-8,29908-03-0,407-64-7,107-73-3,28319-77-9,123-78-4,85187-10-6,541-15-1,98-92-0,1094-61-7,764-22-7,55528-53-5,62-49-7,107-43-7,74-79-3,65-47-4,52691-62-0,74389-68-7,86288-90-1,79549-26-1,86288-11-1,124-20-9,1184-78-7,591-57-1,59-68-4,5080-50-2,1190-00-7,20064-19-1,25576-40-6,00-00-003,22671-29-0,00-00-006,25597-07-3,00-00-009,2364-67-2,36816-10-1,38677-66-6,1976-27-8,00-00-011,00-00-012,00-00-014,00-00-015,00-00-016,00-00-017,00-00-018,00-00-019,8002-43-5,00-00-020,00-00-021,00-00-022,1986-91-8,13081-14-6,1463-10-1,61-19-8,4542-23-8
p280_6,cd_exp2,2ppm,N wt/wt,3735.657022,9522.975018,611.6962876,28618.50915,37681.52101,22047.6611,7226.217904,8121.660658,121478.6904,33562.89348,7852.80349,3666.949143,50203.0793,475388.8986,14146.00811,4064.7841,24887.08663,14818.17932,73651.01625,782.9190873,3898.00011,56007.24361,8226685.467,411550.7943,5358.251783,82330.06046,2396698.169,383823.6613,1034927.948,214419.6557,10083112.65,22126.68759,3024284.011,2811481.89,3657131.632,969432.8019,1048634.316,6315880.485,1749744.872,3572648.879,2516574.276,840458.0036,684798.8491,532955.5166,4209.875739,295163.8436,295163.8436,5780.27613,15862.50452,18284.57477,20542.57468,28781.61575,81683.50468,162670.9042,31280.23638,167119.8006,10095273.49,190735.1248,317394.8625,37381.0708,431923.3721,2573020.864,52488.00856,14551.40004,385504.6065,45861.46297,93289.31536,1184060.055,343853.2949,101494.9752,331827.9443,9859.353265,11575.10843,5320.984508,3171.046208,315816.0957,185014.8592,29226.49701,1284519.194,144692.406,19769.65801,241889.0694,7930506.398,319132.2277,333856.4726,3269771.617,140520.2897,149135.5404,1786791.294,20006.64828,31706.17362,2148.965523,89099.04867,38786.41746,208719.5801,184059.7016,26843.48789,6563.870544,181328.7694,117144.5488,24566466.44,3267923.199,61147.9502,25479.59769,4855682.256,2234970.634,9306.709152,14022.58005,2930.592024,18268786.49,8008434.897,1190684.441,437.5465337,3533.546295,137278.5511,9892.834286,2546.749642,520926.1816,40275.41802,57142.81106,2610.808576,3381.687821,816900.887,9625.680713,66757.5232,1131234.279,115098.9256,29810.87034,14716.34197,23716.38804,48929.51836,83913.39109,165070.8782,448144.4876,90724.5551,11747.05799,57224.92253,32453.35817,332152.3907,3640.216826,68250.97062,137222.483,342762.3223,16647634.68,98846.12551,12833722.88,7238472.728,34667.38311,5982.517592,4717.374762,493579.4807,499049.2032
p225_3,cd_exp2,2ppm,N wt/wt,4074.438487,13310.62866,2612.158648,1947.729733,11411.59259,54314.18074,11668.97596,21094.07433,88596.8145,56134.52942,8606.053421,4902.062152,74103.50955,838713.9458,30107.68276,5015.077449,47284.93705,22085.222,89626.04909,2804.726087,9083.171376,48135.56763,8842983.558,510883.9901,9188.895433,66285.17646,2545309.834,420515.8972,1137695.21,246468.9197,11881760.1,45893.23416,3981026.529,3076059.537,4073693.338,1080414.548,1280330.063,5519106.995,2057993.66,4535077.409,3049778.487,1050028.888,1264264.984,506276.4212,5701.266273,323912.2347,316943.769,6213.207738,13207.32194,29574.16649,10584.03198,20909.71911,102916.1791,255125.8194,48023.99708,272180.3876,11339957.18,206662.3347,460214.9783,42365.49323,376279.7743,2268692.5,77762.05455,15828.75143,363952.5754,93531.88266,57059.6057,203057.5284,560267.1506,98143.90128,301012.1242,17715.91409,13791.00153,13444.98453,41234.10432,331618.9461,141730.861,28937.75347,229976.2471,173073.1453,19647.78761,273281.7094,8188491.407,445411.0534,460317.4905,3027323.435,154200.059,175562.6053,2465608.092,19185.14819,22668.01551,2764.101624,116416.7802,49827.99664,100766.7003,218853.7787,50924.8227,17813.15803,223840.6082,146997.2165,27091838.3,5664672.829,96947.34884,25442.29322,6594871.388,2260702.093,15609.07837,15239.87954,19076.01217,12241914.96,11079028.07,1990242.29,945.1595144,6014.066457,245408.1732,11924.71781,1591.667492,481216.8795,31110.64628,88937.94332,2491.847918,3099.322378,1220383.224,12782.54437,82567.27856,1673420.354,95869.66755,31115.03723,13212.18855,27818.85246,44079.83114,85464.49905,120739.3215,370536.8823,84284.21459,12746.15119,93542.76694,51275.70179,598207.3757,4369.358525,87770.71734,249336.4632,664006.3706,14070091.46,112918.4924,12677444.03,5957169.243,28102.73987,3248.214822,6099.193677,417228.3394,477182.1775
p252_3,cd_exp2,2ppm,N wt/wt,2876.33929,10443.62346,,32562.91811,48739.09583,19502.35533,12735.32276,5251.964044,74263.12194,,5013.087277,3406.507984,56108.25201,598771.5913,33536.31845,1429.087355,37797.8837,10084.32088,96476.66058,3726.536037,7995.380493,24661.27413,8147947.436,575503.3062,4281.335747,56660.18744,2614546.643,377614.6398,1202802.055,276424.5686,10698661.26,18923.26644,3299503.981,2957295.106,3854890.129,1101475.25,1195038.278,6264906.765,2000834.4,4236374.363,2883226.769,983638.0894,687642.7624,515409.8817,5388.235846,88469.8734,204865.234,4954.240629,10020.35689,13267.96787,23492.33065,7243.729133,82864.78744,259714.7802,42091.62317,225061.8945,10375214.8,185429.0387,122637.0396,6757.435815,286144.3676,843072.5328,66577.11711,631.4115072,214203.2764,30933.01508,41067.43816,215611.4706,173167.4177,53363.70998,180635.8008,12927.08031,9925.806008,17228.73614,27277.0201,234347.4141,63554.8019,6351.230378,363368.2784,161540.6906,18426.0246,234758.2018,8488176.723,376735.9317,262706.1983,3308485.037,120683.7634,187315.5731,2120391.075,12991.5,12124.78904,2245.987346,119393.411,48393.54485,99898.24352,170799.0966,24516.36392,5096.039085,128234.1296,111787.2443,27786878.14,4739933.148,109311.5189,32394.2593,4818260.994,1581132.509,9232.049883,16606.93628,14573.36776,12368571.25,9675512.524,2270797.479,1405.836763,9252.00365,300275.7392,16283.35071,4101.510521,562165.2801,30236.07299,57778.75689,1840.652807,4226.1762,939048.4582,9520.424936,60372.86283,1465654.27,86692.30614,27788.81685,9983.949287,22998.36138,36347.0798,73746.739,83031.10138,230950.0927,64736.63913,13452.96921,97824.72421,55093.98135,741046.9331,3815.468814,114162.0515,276856.5661,873779.7412,16069665.15,112510.6578,13689068.25,6462453.251,61486.40456,2838.470302,,223425.5512,193167.4514
p331_8,cd_exp2,2ppm,N wt/wt,2238.773892,5518.099257,602.6914528,31130.5604,37867.83916,15868.15773,14982.81578,9500.541366,24531.40326,124720.9529,,2426.516066,50886.36112,377443.0672,55229.88835,7193.507697,24797.05507,1144.853074,98547.06247,4612.798156,2189.479544,1233.414152,5723056.817,344727.2269,6036.685779,14831.78021,1840699.929,272263.065,598198.5675,217304.903,6799977.785,15009.19116,1691631.88,1674173.848,2511858.528,581437.9286,626179.1625,4034604.131,1311645.726,2695270.25,1608694.33,572622.2404,276615.9709,329024.732,465.086822,102110.9382,102110.9382,892.0637331,14535.13946,,29834.56666,7958.182005,70662.19396,113733.5914,21480.61865,106015.3707,6827232.424,68545.84388,617302.1128,145662.8972,163427.0446,358794.6839,39035.10458,55154.04745,92127.85198,27348.02457,38940.2379,1591.436507,27781.87147,33037.25807,13200.86047,2876.115969,2019.42796,6277.432374,7021.474086,209438.0603,22298.06187,1564.851031,126398.512,80304.32753,11230.36534,114062.6187,4416895.386,199689.1345,68630.54716,1684766.377,47873.34211,97926.12714,528107.7831,16924.66725,,740.3389179,50703.14564,21934.1134,163090.4703,51387.78418,171018.7714,5875.833755,359146.1333,63240.95594,3639234.297,4072399.864,94910.90309,53778.80919,2849879.403,173234.6816,,15802.09463,2922.512708,3420018.609,5598949.199,1334088.149,4648.408383,6328.334386,484477.8914,26077.96487,8717.191576,474018.052,47866.684,42544.18135,224.9134031,247.8274177,723794.1392,5769.485708,56536.07792,1081954.97,53007.91784,19279.41609,6528.209405,26338.52486,18748.32814,45474.79391,14743.72202,34411.4591,57552.26602,13681.19803,62419.55639,92149.37622,1385614.545,8016.697261,265399.6153,462649.5285,1268424.033,14581115.01,80095.41153,12711331.69,6699828.191,12666.6324,676.1540313,2181.186224,18031.88788,12414.70202
p416_1,cd_exp2,2ppm,N wt/wt,3657.705987,6324.925245,5330.625482,21730.95397,14412.82974,24658.18842,9153.912245,15233.60099,44893.70311,73088.15111,2044.77173,2838.661653,58932.1908,411883.1272,61409.18102,15861.422,94087.56483,945.6288672,440137.1107,37883.54621,21586.42356,10816.70099,7688519.408,773066.6724,8471.957416,15288.20406,2136366.909,371857.505,838858.649,243626.3597,7979746.428,32721.38011,2211913.609,1940608.452,2397819.783,848200.5916,1043133.675,6734194.964,1272568.952,2534211.459,1595835.32,430440.075,617724.3608,432948.955,9228.202671,300604.6689,300551.7131,7285.104086,25419.6046,3512.979621,26542.05556,17707.29211,67774.68492,589698.4277,35939.51158,228574.2787,10074322.98,291856.4049,477679.8166,60771.11244,142179.778,854962.4262,28995.4585,22134.72739,179110.2435,154982.0045,57205.06669,29044.95799,123656.1223,106372.9072,80917.43646,22034.91058,18254.00014,46840.35765,42290.08585,280489.7179,71684.56857,7869.388669,339467.1445,148380.3324,16669.49718,184770.7018,5461615.388,250670.2084,200805.21,2420013.593,158611.7346,218787.4416,1174679.249,27226.27443,3703.046457,3309.693776,165964.0687,17444.94295,155813.9171,232122.0273,228759.175,9374.014228,559728.2248,132848.0776,11202696.54,11964137.53,118203.9042,30478.36918,5141570.566,249507.2815,1519.769839,17156.40491,52146.25417,7042164.979,9087516.459,1924401.873,46149.7662,6574.442516,389798.2517,14688.28777,5620.906774,478754.3788,43276.52847,38623.83717,4955.506916,5721.475681,1296353.581,16624.38287,119343.467,1423443.436,78906.36933,29170.78095,10146.61838,33265.20169,25733.23823,65418.93593,23374.73885,52977.22308,46046.47112,15416.44892,58488.15562,65385.0015,966295.9755,10378.49873,202824.6888,311857.2956,976843.8206,15097736.39,70377.78796,11437133.84,5864521.22,44832.22649,5051.359936,1561.806781,77130.76482,70344.15548
p280_2,cd_exp2,2ppm,N cd/cd,2314.873851,8838.036729,6240.759412,1939.602604,31175.96331,22550.68861,7187.646305,4243.225605,38938.46743,75899.86982,1726.553103,7638.058244,49417.96511,540888.7325,7233.015638,7279.664145,4567.24695,18685.18138,99625.29852,3157.405861,6359.665767,37533.09623,8793935.432,714374.4357,5797.970883,65435.65793,2548023.276,404824.3315,1026437.472,230260.1427,9891484.494,24879.21003,3220935.174,2788358.617,3560853.609,1054572.186,1102825.371,6289328.946,1787960.366,3657499.594,2598686.908,900673.7747,1014726.52,542964.8064,7726.222266,341919.7554,241698.6585,7297.922154,18007.28401,24749.93921,21124.72394,16572.41607,113632.319,149697.8159,24659.30866,193655.0272,10253312.71,201559.5365,574465.9292,86347.90327,276200.2209,1878628.817,55149.63705,33109.50737,351102.6729,166873.1983,28081.99913,227143.8448,588295.1955,136437.3797,220404.9572,19878.94933,12623.40032,171406.0801,13807.32634,283173.6619,3612.026644,24927.28208,50627.67609,113486.9098,15858.04364,208622.8511,6939561.08,304586.5762,329527.7055,3230326.044,150272.1768,196641.6415,2841439.869,29604.58012,18449.95501,1229.314632,155608.0803,44785.23899,243267.5873,224075.5862,69961.19013,4536.903012,225821.532,106872.9221,22359233.51,4419391.478,114923.4631,26269.98917,4927712.369,2712936.568,4714.761654,23397.78296,25074.40743,10908194.57,5827732.402,1794624.386,2386.167954,6929.373737,268223.1199,24004.72959,4162.596875,442352.2919,46592.4584,56100.58078,2405.929129,2133.33517,920672.2736,10459.94899,84822.8953,1077017.155,90369.44013,19006.75229,12883.77091,22676.38322,29185.161,63308.48915,65369.26491,152226.5055,50428.94112,13398.61267,87906.15117,69308.34791,757175.5283,6396.555027,112558.4106,312343.342,740513.2768,14815637.26,105763.5626,12627090.45,5878105.975,17689.53087,1545.711421,2520.333705,319222.5979,128277.7441
p320_7,cd_exp2,2ppm,N cd/cd,3433.233959,9748.260469,5077.235084,17589.66408,48169.52235,37955.03671,963.8940481,11618.49993,71019.36338,81748.69893,848.9676533,3898.247578,45921.43199,374920.8391,14916.04787,3119.914789,5249.920521,19504.79104,56527.48285,395.2704473,1186.550683,14659.4647,6871660.512,381235.1288,9560.853551,70943.89827,2549888.047,345811.0938,1034168.431,201348.6807,9440149.085,1835.377154,2580016.656,2608909.224,3700979.035,829351.548,603183.1728,5548710.98,1834504.247,3641141.65,2398552.774,880459.7324,516874.3435,480927.121,2056.697824,154326.727,153057.3136,2909.821242,28089.16982,5656.47348,25456.38041,18787.03963,90373.42686,131781.8993,42921.34433,169896.0873,7980114.764,83643.59423,527220.1284,48433.49281,463586.1387,1436360.499,52043.20952,17106.89673,319169.6761,131586.3679,20959.64069,146610.4406,196435.934,48193.7072,115241.1492,5690.439448,4691.225886,19161.7711,10391.56472,274781.6861,88694.20976,17300.43973,276095.0655,122374.0924,17361.05881,151851.0843,7803934.559,243349.1582,117605.0772,3234768.746,61770.61137,121300.1648,1438771.102,15957.99201,7937.752162,1244.118939,68885.58641,20373.21713,115656.9232,98306.6732,98779.81608,15161.57856,89100.21955,58361.00437,11329792.56,1760557.118,119042.77,38866.33508,2554050.807,1876274.025,1448.582511,18421.94369,375.6660369,8294005.265,4131261.669,1296092.742,,7073.812757,196557.9261,12920.72098,2253.236129,472939.5791,29081.78245,47416.14068,,933.1398926,486899.0098,5295.254497,43432.55861,814080.8751,75712.15162,28652.37771,8234.354409,22641.33835,34299.17209,79528.40028,90714.46612,242574.7113,68807.35557,16950.64387,86584.83598,51811.47274,569584.8839,3170.813027,98778.57257,212840.5363,558763.5373,16753334.6,125840.418,12576575.25,7738352.622,34044.22445,2998.586896,2914.030141,147364.3518,89666.09811
p320_9,cd_exp2,2ppm,N cd/cd,3276.153856,8921.292316,320.4795066,34896.13361,49157.8698,19780.3993,2704.199873,8176.542414,81993.48177,,981.0877693,8660.797672,48827.53167,463992.1446,5664.023626,795.0309358,3910.443516,18119.29434,92728.57122,1548.764962,2796.54552,18586.31281,7352564.782,407155.1785,6615.571933,105570.0078,2496652.06,352439.6811,1064441.667,208260.6333,9254359.72,26843.47324,3039426.971,2733344.585,3786045.014,981422.406,967166.6697,5931450.661,1811862.776,3636363.881,2541783.04,847002.0045,617929.7149,454241.9847,4676.231676,266368.7865,180028.7043,5554.172887,7137.558309,24395.22439,21609.64564,14649.32929,69480.69583,191270.6577,25812.30957,187390.4231,8808502.976,162095.6171,138079.6905,8931.055455,468269.4448,998424.6304,63104.2138,1581.471773,368124.9706,36324.72834,4255.406249,100658.4729,202635.2689,55169.58834,127086.4879,11535.81888,9562.104776,103882.9887,17151.68537,292186.448,79668.21034,27618.67178,526129.4846,126772.0141,17523.70038,198747.0014,8144411.855,321774.8062,160833.6875,3813730.873,98667.26363,144414.9539,1898182.298,14465.72161,11999.09661,2198.885976,84218.00171,41784.33517,218768.4557,159055.1756,20269.43316,5123.728158,97012.90648,82477.48736,25508730.95,3240490.747,89431.20986,30158.5963,3754527.66,2266338.108,2411.272624,17956.16871,2819.426261,11034032.14,5484426.07,2156134.014,1276.11518,6326.690148,167420.5057,17385.02614,3023.682144,443356.4296,35958.92761,41887.82967,1129.58119,2450.130268,646898.7486,7389.265087,56388.5336,893048.6551,101076.2864,29477.76636,12019.20511,30393.59194,31613.19318,76987.98383,49997.43307,131965.4334,104770.9263,14679.89838,57270.41476,52593.00527,598069.9917,5159.22246,114314.5975,258891.7966,432923.8063,16679099.96,113394.2978,12059665.68,7588404.362,41674.36379,5238.372265,,206162.3559,98232.44452
p241_6,cd_exp2,10ppm,N wt/wt,2997.046224,5443.259452,1103.308671,23046.8661,51626.96018,17598.11637,2155.368789,7290.094986,54668.62619,15704.63701,317.4918331,537.7027067,33296.36781,315672.6578,41289.83854,2850.936286,16985.60175,5315.124879,98414.92837,2727.511265,4860.816686,7153.626973,5691672.531,483452.0942,5116.536952,63219.93711,1883643.303,265357.645,818623.2272,162701.0602,7156916.713,9840.278631,1920242.718,1937481.01,2558556.326,672986.3176,632263.9301,5248267.668,1371278.012,2843938.698,1779124.901,657819.2309,533885.7904,433546.3529,1883.126615,189336.5981,189218.422,3067.306442,15424.61194,1084.196958,24642.34325,15328.77782,53082.26403,247879.3567,43730.00489,113263.7847,7163894.286,109144.5381,229002.3702,46192.59266,266586.2729,1359731.587,40605.43057,16205.26003,358213.1375,74484.51705,36375.5103,104040.0681,158312.9192,81825.82094,43394.66253,6338.236157,5305.353074,7488.396396,1332.842195,333827.8825,95545.22232,25959.20768,429637.9532,88629.82758,13067.75766,147945.7859,5095230.395,228905.7011,126577.8208,2628630.26,70097.29123,109076.7381,1336418.341,11023.05036,3438.671684,1337.90051,76413.85849,29979.69741,191913.5184,97495.37932,19027.80005,5976.966305,104467.6263,54888.1307,17217659.99,1356238.084,98345.76453,31443.85371,2743770.334,896050.649,188.9903164,24382.00922,1638.034015,9796907.105,3291759.436,1158435.409,1987.213893,5425.612051,387593.3003,16599.72071,6052.874878,512938.2141,35791.24675,38106.02625,,1457.228838,565486.322,4521.484619,61276.1906,535901.7101,76259.17958,17345.71229,7951.514839,25452.45871,23422.5128,64991.41328,28134.20879,66485.6245,44652.48385,17907.89031,54365.24808,70732.84461,1146314.311,8836.173071,327164.3747,357017.4653,1015868.607,16987300.25,117310.9149,13040004.93,7080010.3,31831.98646,2177.055163,2910.491422,66327.7383,70106.85951
p242_2,cd_exp2,10ppm,N wt/wt,4543.423132,10312.58436,203.8322742,20596.61186,31580.41957,19299.38095,15187.14899,12762.83432,110960.885,5982.874963,3440.628955,2913.081529,74623.8208,719711.4133,70963.21111,4790.483436,79898.10948,5158.928707,395407.2428,39723.0052,22109.52654,14191.54198,8778088.884,783387.6336,11400.21408,51357.16645,2751744.254,414491.673,1251002.094,299065.8449,10841417.3,49092.85024,3624807.886,3127878.046,3606521.03,1245543.332,1397984.394,7157704.416,2021909.454,3943346.988,2839045.707,797494.6023,1269220.769,489449.8428,12313.39508,340202.8535,506688.4224,7772.137526,5079.688478,13578.69254,20954.52485,19808.46686,100251.0903,674831.7631,44983.40521,212052.6659,11891074.21,362568.0094,175343.9628,55189.51364,233120.5078,1034822.541,66094.77764,17325.47252,205928.9996,44066.05999,65069.05192,94488.17295,240137.1102,145382.8811,94322.6544,26672.32445,21327.28474,31443.74121,54184.60843,313035.6063,71052.36618,7607.340792,180317.3104,177788.8342,16454.28045,225308.9426,8862474.232,424763.7611,271217.0025,3504976.681,183240.3796,198105.4448,1810130.136,25802.32528,7183.91369,3178.941889,176472.6399,42755.56473,180988.299,283191.5022,34974.3859,6826.560064,221624.4011,169415.5872,30922428.21,9207778.347,107033.7639,30818.87586,7654800.831,975075.6075,1738.749443,76861.5689,40155.97801,10409839.18,11233548.48,3183293.002,34006.91918,7212.945328,489896.9121,15320.25683,7730.55397,460338.4554,47482.67494,54894.83728,3744.407404,17934.11416,1421952.282,18122.96442,83294.16017,2089971.247,104517.7703,37724.39149,15983.48731,27209.56973,27391.59477,63832.57707,29528.0231,65600.45237,86192.10269,13555.7714,57662.87988,85819.7651,1415264.733,9734.073121,343774.4992,464328.1958,1405539.221,15469024.39,117836.6714,12189029.78,5828659.215,32434.72577,8544.925607,784.9085833,121895.4569,118773.1924
p242_6,cd_exp2,10ppm,N wt/wt,2953.525816,5109.678436,3035.838704,31608.42534,83177.95339,20591.26654,2594.813742,11034.89116,92118.19361,82567.21108,1758.641405,1258.952109,46537.01912,364757.8364,52246.63594,7512.666228,34065.61436,1758.252384,231719.5814,19235.17647,11484.87653,10092.47106,6862404.114,459361.9469,37349.90975,57248.71392,2138290.624,328048.4802,929061.3054,179611.4841,7136613.751,15111.70034,2082855.19,1994430.27,2526451.334,825193.3635,797069.3725,5443207.721,1341505.522,2709591.076,1816769.577,607330.4186,607890.2733,342435.0731,5704.383915,286055.6837,286055.6837,4874.439745,32201.57339,3764.03964,29582.22118,13876.23072,75308.23052,393612.1926,43494.02528,126937.6756,8504245.584,195136.1111,519886.0931,67942.21432,184925.3361,754112.7428,28217.50796,25923.28325,182741.3692,127444.6647,56149.95079,155141.5464,169714.7047,78292.00408,70531.65984,14201.02936,12339.89651,20469.28164,28844.99172,252103.0247,54562.0436,7031.936616,178590.786,100011.7064,14412.63218,140680.668,6909906.769,253027.1514,148318.2384,2705744.147,110333.291,147631.6753,1147212.443,28282.7657,3426.173939,2651.829592,102848.0596,22712.3611,147472.9478,164331.7034,181389.873,12101.00421,258192.8338,97845.54786,11449319.33,6008616.259,123113.0639,46271.5127,4283502.797,411825.7437,1333.58711,18183.46175,8535.114769,7420335.824,7319497.037,1828476.572,17508.68765,4715.187683,437130.6633,15794.41482,6599.571881,483648.5968,41706.61094,33687.218,1599.075315,2553.983698,776527.8948,11294.23746,54963.3149,1371615.529,81564.55351,28892.81809,8682.869611,30138.97784,23245.56274,65122.26405,25639.7977,59359.83584,50084.49452,14705.64591,56028.76425,70411.52059,1128114.102,11016.75472,297651.6919,380756.2226,1167728.859,15311687.32,104367.4619,11785014.4,6605885.752,22068.32828,3349.885222,1906.979242,82249.70597,53805.65622
p208_7,cd_exp2,10ppm,N wt/wt,3541.038611,7877.286192,5912.642548,,43915.39372,18521.69844,6689.735849,5979.144851,42491.88977,35136.00341,2856.236488,8579.240482,38898.49311,347980.6085,20818.88997,3702.959761,11858.81193,7802.73376,89237.82177,1481.573582,5817.085566,14643.59511,6522528.437,356343.1406,5656.861324,49730.80867,1854523.516,305777.3022,736838.8552,183834.0918,7829690.558,4116.165644,2482404.684,2448070.601,3069624.625,719059.8843,874632.4868,4934249.551,1590107.471,3274025.899,2089853.021,839998.8045,708292.7608,372769.896,5691.477721,243055.5661,169637.0494,4394.21485,18111.79373,28782.31882,26275.37114,20439.28364,86278.80854,352235.0948,44900.93694,219395.0205,7942871.365,126631.9145,384771.5623,49849.39588,412107.3024,1185975.573,51780.01141,16725.81795,417648.9663,134650.6922,42058.76834,412611.82,111144.4177,60976.43217,90380.10285,6940.068698,9053.029796,19065.12634,31103.87,329627.0577,77471.18773,35979.14318,34946.55623,64929.79088,14216.68846,154384.4867,6329512.331,253109.3711,158098.3383,2726878.855,77779.74812,120102.2067,1662107.363,13398.03791,6315.021806,2826.394115,61246.89634,36855.9745,84732.6167,154105.2968,43917.4178,5454.008034,139375.929,77311.88596,16447278.85,3338471.293,88268.83069,40184.80723,3604490.13,803815.6018,909.7302737,15365.58948,1106.797435,11080120.16,5237933.155,2004275.793,825.6677261,5996.7999,380133.4824,17471.49923,6392.852083,535892.0958,36777.51118,39502.49445,418.5378651,10300.29557,771204.1349,7312.351126,61979.79417,1130622.465,71409.09461,28036.42998,8400.729009,42100.31386,47649.96257,104740.1064,49561.31196,140678.9772,61608.56782,16753.24097,67936.08403,81492.26966,1230369.48,11063.39463,301603.4049,417253.3634,1043624.961,15926983.53,127260.8508,12961490.54,7010654.142,13952.63022,2471.215422,6230.412603,113003.2003,80212.83643
p376_8,cd_exp2,10ppm,N wt/wt,3289.635828,6226.621256,3068.411043,33588.9595,28429.40518,10339.92012,15657.80471,5952.420021,77490.00563,106400.7814,1567.676527,2204.774744,60476.92031,471161.0173,52356.95512,15428.20606,39339.78903,658.830507,352976.1498,33947.24287,13120.28545,7502.280539,7710242.194,476951.3566,6544.377565,17621.95017,2427103.387,369696.5544,1076170.13,221986.9731,8679480.785,17859.14729,2477595.738,2087305.755,2839252.918,973001.9846,1085103.632,6296239.052,1603514.209,3089925.27,2085189.373,636610.3688,536434.0868,544214.7198,9004.223639,252614.0065,364861.8748,5906.168571,22033.80711,20543.6961,31058.59566,26550.57241,61994.32031,530705.6032,33173.90901,216342.183,10160249.7,224286.8367,584337.4474,75010.86684,186379.4459,599588.6549,42359.5583,29201.66439,190111.4032,101604.3095,41451.2432,23267.48355,59133.87635,62974.22481,55327.51116,17603.92087,15645.24714,26857.50769,22687.97209,271786.7417,43612.77604,11237.08339,235793.53,148043.0485,16253.65333,168804.1913,7497900.427,277696.076,137186.41,3000756.552,145313.8778,186815.4625,1482217.062,31295.52774,2834.999897,3310.901763,74912.33766,21669.39745,172371.9083,193139.1174,198863.1992,3945.275206,401474.73,91405.48672,10822170.59,7552671.32,108990.9691,54320.64496,3879870.344,153288.8185,346.8578165,16154.95404,16236.86719,6717881.576,7268761.163,2185938.988,35614.90441,5099.456595,496413.3358,14021.19091,7869.430726,492229.2212,40110.95291,50183.18438,2476.37427,4126.750798,733591.0219,10948.11883,62015.31791,1361839.964,84170.82729,25595.82632,10283.14498,21659.60219,15666.68626,41519.72184,13457.47213,25681.92687,45834.44161,12535.93085,60616.99367,65422.96796,1174137.904,9729.20455,280776.9648,354911.6137,1211189.034,14800125.46,95170.38464,12677269.43,5989051.934,40033.8381,3580.29353,2948.935517,67052.91794,47168.48411
p241_2,cd_exp2,10ppm,N cd/cd,4265.467385,7164.213792,6424.682573,29711.11214,35798.82724,32836.86884,3692.56562,14483.50749,48534.26674,113003.6448,137.7877945,1476.762235,47486.2477,426099.4631,47451.13732,9423.750167,39239.99781,3212.767203,249300.7826,17974.34692,14687.3026,9691.279542,6658860.535,696871.9235,7809.631226,80504.97016,2161197.739,317720.8534,1008484.292,194453.1724,7449150.272,19888.11979,2649770.522,2423942.047,3088942.675,933266.3449,996273.0627,5736281.408,1690056.725,3314745.452,2248254.102,704036.56,802658.283,469841.0245,3572.320174,287434.5854,288678.0273,5710.520426,21043.48119,16332.88024,24333.37923,13743.89566,65369.12178,350654.9428,26463.53002,120940.7653,9282651.611,203336.4597,681518.0973,50909.74526,296818.2151,1184801.343,45910.11363,17801.69079,262796.7602,188094.5075,43149.10241,83131.1077,138954.6433,79752.41939,62395.13127,16434.43643,12396.48357,12814.03721,6383.354423,288146.9347,76954.5949,15830.14069,370933.0793,130685.1397,16608.56103,213452.0707,6148823.211,312224.2684,182279.8924,2963223.18,121453.6658,153615.4021,1307775.977,26744.85085,3260.981953,1559.3464,123283.8899,27481.319,182552.7986,167376.3616,186589.0989,12534.505,346919.7539,77136.36409,11864359.95,3115850.19,99725.23306,36705.31637,3446211.948,515510.306,760.3846362,20558.52632,16244.87514,9026678.565,4460480.406,1951158.522,20782.96789,6308.09943,384540.994,18364.79396,6222.723399,505904.0534,45702.61721,49245.01284,2059.149508,2391.58425,796267.9707,7927.014054,77400.80744,1138945.09,77433.04206,18133.90779,13588.51073,21138.90658,18658.04283,54453.39861,18189.76507,37741.35968,39881.11857,15179.09834,46111.57651,70394.6311,1057387.509,8757.971691,298981.7043,360306.9197,944089.9175,16586323.31,128321.5318,12987933.5,6591605.237,23956.88923,5256.1601,2353.490262,92954.18051,63952.09729
p208_6,cd_exp2,10ppm,N cd/cd,4179.893632,8957.212378,4015.994225,16236.18429,17530.40205,31689.92274,9182.336661,12387.63067,59469.10753,46705.22319,4060.860053,6247.663741,49037.23788,460936.108,24936.45546,3612.546124,21789.17235,7588.155304,128915.9136,4928.685662,6900.960273,15834.14789,7234212.348,396194.1533,7825.56151,74832.37429,2107222.445,330534.0174,826296.2084,208623.5522,8877168.36,26945.57462,2795788.12,2598108.373,3466594,802040.9362,1139855.987,5568215.491,1706545.995,3661798.137,2270027.122,833001.4783,774506.1768,436734.2592,4544.506286,226192.4648,226192.4648,3522.634148,22920.35212,14614.72342,29291.06319,16437.24357,62146.54254,272958.8934,37477.80326,268029.9124,8729893.788,139443.8107,428915.7732,40102.79523,374129.5094,1026198.688,51006.78109,12796.03952,353897.8551,137350.2207,43231.05105,320378.811,65564.8503,62343.80775,95911.91426,10142.28851,9579.763314,28129.8852,35006.32018,307553.6758,68198.26258,26915.32096,328559.6173,91841.17894,14282.12309,207678.7833,7526974.451,293775.0018,165627.2267,3197541.227,98636.02677,112783.6396,1212906.093,17233.6335,4287.784986,2945.35146,81197.16915,37309.21153,81703.84727,163715.7781,58625.75132,12043.96943,149660.1918,79121.58663,16111324.09,2910478.172,86789.09652,41790.91669,4077723.682,1256661.609,9460.345679,18928.22653,3487.506814,13527390.37,4815431.875,1955616.863,3309.23828,5589.064057,311608.1671,18282.36729,5328.271636,519684.6475,40641.5994,46201.27612,662.7197088,7623.451695,617815.1091,5661.346473,63722.41204,1079804.735,77459.60229,24996.09401,10760.51267,45100.77994,48730.68741,118278.2853,41919.11536,159432.4909,57482.19307,16921.44864,71820.47237,76374.56057,995781.0797,6642.997923,171706.4099,354478.8301,839588.3529,15953049.27,96269.29458,13040245.15,7788331.531,33036.11621,1986.504459,3172.974824,99196.35906,75190.24957
p201_1,cd_exp2,10ppm,N cd/cd,2487.290689,11024.22211,4238.306444,10386.9128,28813.30791,64999.23504,10204.16035,29613.32414,28881.82334,76771.09191,10176.53543,6734.523815,48546.11088,739904.9021,7191.943798,7241.499233,39524.12377,23107.67095,80126.27208,2819.745281,2852.02226,58743.9661,9181298.443,596665.0027,19134.66753,64754.26804,2641477.121,434705.5068,1134471.249,199080.5962,12123901.97,29997.68071,3643730.903,3009833.24,4081390.588,1154354.211,1337728.949,6113563.775,2055537.483,4127033.08,2846346.35,1067712.084,1070189.082,535824.224,3682.61883,227302.8838,329002.7278,5155.689194,25271.25841,21201.55896,19105.4494,22028.07479,103588.8365,134820.1963,42919.28711,95473.89681,10879841.16,196796.8563,497108.9951,32834.31295,423395.8208,3178106.136,67531.23673,12790.47143,301785.4343,118550.3284,27958.21287,289883.0653,670341.6219,108620.7049,418993.2176,14828.52328,13905.64733,6679.768023,9457.82982,255473.5542,197030.7714,23090.86451,239530.8645,215595.5973,16351.2351,266738.1553,7922675.95,363560.3029,409823.6838,3465231.779,145770.7643,181179.5881,2708434.656,18734.4937,34535.88417,2332.358949,180277.0932,53781.38571,266567.1806,219525.7621,72314.42114,38310.7012,210258.8734,129058.4725,21039688.62,5650659.988,75245.3938,23308.5233,5988177.295,2337830.922,7401.288132,17513.47595,30065.1213,13908516.31,10855406.26,1470703.628,402.5430735,4151.361855,139623.8937,8157.363718,2047.408968,484911.0352,37724.76613,77981.08377,2802.479434,1368.414566,1122175.513,14885.61626,75640.57606,1290857.682,117100.0765,27599.61292,15457.40305,29006.72092,70088.95712,82557.62638,215241.9314,471814.2469,74171.90951,15632.31137,65796.02938,43295.75667,350676.4783,3716.069745,90078.99401,179890.6699,388290.0703,14868017.67,105909.8172,13086217.55,5982695.847,27182.27621,3422.862201,1201.24032,535163.1835,655785.843
p317_1,cd_exp2,10ppm,N cd/cd,2984.168406,11813.45787,15282.35487,9176.049952,23356.41563,14603.0202,15288.59094,6939.170057,33230.6356,135148.3947,3088.655007,11438.08573,59882.56205,747809.3628,36377.77315,14878.96697,33865.23058,3786.210892,289323.6211,17124.16811,11148.43066,13211.60455,9762005.606,599864.145,7821.595166,16701.46661,3148087.336,463445.9281,1320402.053,270078.9426,11857537.49,86266.51187,4343496.158,3747199.48,5223988.693,1449854.466,1823533.857,7422138.558,2404565.948,4630946.465,3431239.309,1315480.017,1360198.988,637401.6958,9727.710576,111714.4671,111714.4671,7962.958552,18188.57408,87038.72561,27485.02859,37505.5157,98355.06259,454929.7698,40838.82116,113593.0375,12017091.03,277640.1006,1150281.793,72736.87396,372115.3901,2892799.098,72737.03625,26274.99344,524978.7755,417212.4109,47352.94569,99685.72396,237481.9746,102270.4278,73815.57649,16537.73138,18327.19552,25567.45461,12495.47652,458787.3519,184265.6497,50988.76151,169113.1896,229609.2441,17762.79375,302209.7655,9482793.582,463490.6884,322024.7594,4648455.553,190486.3904,226605.6818,1402199.917,32377.91987,7899.200269,4612.617993,149380.3931,50554.37194,220962.2351,242603.4953,274266.8226,6940.397364,639134.1776,131497.2514,13707387.21,8274410.836,65955.14554,44925.6689,6406395.963,551947.082,2118.028584,16444.90121,35000.24667,15744306.24,9796012.592,3697585.634,20736.18229,6953.865125,523319.7173,25734.95459,7745.280746,508737.3532,40033.83775,75781.05554,2967.524449,7274.725845,1213194.07,13317.5237,122133.7165,1537766.297,163507.8138,35177.45741,19587.47572,37396.84963,41617.79481,96316.36248,47434.50602,102549.9248,61580.14279,15189.30316,68533.14835,87110.0969,1261590.671,9506.569638,284254.8026,469466.6299,1299181.961,14445096.24,114686.8521,13250831.65,6178471.726,18287.1535,7115.327528,10221.87984,157426.9779,131471.6656
p315_5,cd_exp2,10ppm,N cd/cd,2741.968152,3939.04229,2818.080917,9416.470905,62463.57893,15977.66119,7275.891389,7497.78185,57634.02633,73433.59896,705.6093141,634.5905087,36841.25815,319844.9968,43758.28661,5757.035588,35750.86496,4928.851624,181402.2762,15280.53986,11369.99383,11907.92573,5906741.86,514115.1489,4009.638888,12545.30616,1915205.561,277668.5551,800490.9752,184611.1864,7120596.28,20335.38886,2046521.653,1764572.493,2401232.139,764710.5656,744682.8564,5581800.766,1226351.623,2625707.851,1814527.339,534170.8644,758125.8153,473097.5441,5140.672771,272106.9748,272106.9748,4493.124812,14109.37685,2781.894337,30986.65961,35163.46777,71201.90276,365546.2801,26411.67188,142927.3319,8434665.382,176408.2543,486823.9844,60808.55427,191484.7779,1010138.666,31937.05926,22565.89854,172884.9435,100403.6604,57097.6066,161007.8494,113711.5912,79831.95385,75291.57566,14803.20015,10176.66992,14215.59162,17538.37144,217987.6801,65047.91549,4831.79221,67195.89426,73700.94271,15295.37123,133128.177,5136137.15,243844.4674,166783.5742,2464534.497,115944.2943,119689.9219,1394734.365,16270.0795,5470.012449,1456.622662,95577.99701,21399.29565,137739.2371,152008.2164,49717.07459,6489.70742,206889.6509,75475.31666,15166908.76,4059915.948,98471.2024,49866.49796,2999663.133,949088.4955,539.3514311,16630.51058,16554.81027,6527566.425,4887893.147,1496513.301,12134.31401,4041.212803,457737.8115,18186.11221,8256.107346,490806.5678,34061.08097,30991.61754,1630.00817,3540.722789,659122.9651,7750.51358,45664.37265,1058887.085,68940.74126,16462.25464,13042.89838,27448.38518,18685.33439,51785.96554,20135.39882,38933.45771,43436.49167,13675.8588,51632.21369,68760.04432,1148825.945,6417.640067,303985.0118,372684.2606,1207676.899,15742706.59,133496.19,12069106.6,6774987.491,13006.85267,3682.473543,2721.288902,108726.5194,52853.79725
pCDexp2_QC1,cd_exp2,QC,QC,10940.56779,15543.51727,26245.63253,29112.62459,130808.0877,209299.8738,16639.3847,58054.75297,150062.1003,156839.9103,9969.815024,34613.06679,82449.25271,1083184.522,50073.66351,17489.45873,95239.18816,4860.061311,114196.2368,5139.909376,18607.98994,43190.41212,14772351.29,1082195.859,7911.202829,16128.51226,3675026.467,722916.6244,2010946.709,412555.5058,18308468.96,131727.3155,5844117.383,4312021.287,5368716.897,2208084.86,2088698.272,9535345.887,2352452.244,5605024.425,3909694.574,1434663.169,539115.6264,940024.2797,15383.23723,773095.1419,773095.1419,12021.51623,,108826.3723,4158.740353,64440.64902,105136.1469,1161747.26,36899.50293,275890.135,16827684.13,642045.6683,1246973.692,115406.352,305329.1497,2572889.681,91087.31674,44687.86889,595405.3215,451687.1146,118009.1681,1371608.455,523669.2588,140871.4232,264521.5224,14877.34328,6495.350714,67177.42504,77658.34715,438107.5086,234567.6226,47455.55576,1641557.41,191996.1939,30709.6474,427973.8292,14375283.27,771380.6128,381669.2418,4233410.395,357676.3821,432733.8264,666232.4913,47600.34242,25839.3323,5979.50034,219967.5277,73202.16939,255234.0921,217603.7175,378746.3919,19693.60236,4866932.271,180943.4849,9788701.537,12793649.42,85223.38033,42246.6415,12209354.21,274147.2046,7633.169692,17429.42245,78881.02157,17369159.2,10893229.76,6075619.691,1011.710116,10142.65714,567060.5639,16747.20901,5075.555676,448515.4677,30876.36078,137219.0404,5935.367883,3999.709743,2456991.192,23389.38608,191623.9924,2853765.609,227232.5145,69425.99478,25720.27059,48700.45147,38798.92453,95828.71505,50140.18656,125669.0575,104223.0973,16425.89484,84049.48458,120861.3134,2263122.941,7977.841908,582228.1968,785246.5626,1895410.773,14820034.55,127508.4166,12487399.35,6068592.744,103986.9296,26408.04956,11303.94519,399547.5675,221993.049
pCDexp2_QC2,cd_exp2,QC,QC,4866.390141,7748.038024,4660.818862,18617.40086,118310.7848,334822.052,12557.48259,86868.13016,33823.31451,84983.99081,2163.469312,4622.48482,41235.86459,404050.571,44635.76678,1402.787085,25775.15349,4774.038945,39942.82355,112.4633222,2840.475665,11943.91639,7285661.105,412466.9171,20268.63419,10602.10319,2046080.724,343121.7545,920845.8896,239080.3105,8233041.044,48113.84812,2619157.127,2325807.466,3412363.75,953230.6305,1233669.188,4610178.12,1615476.19,3654627.703,2361879.697,983613.1943,455688.2431,424508.1439,3239.025593,218184.7737,218184.7373,1993.447165,,37901.16267,19843.66824,29371.56403,88837.60588,293484.8919,52083.49949,179122.8856,8035291.019,167814.7753,544082.5311,62749.17202,288487.9647,1025672.975,52717.85282,24628.36755,315001.2217,147796.5128,59090.69833,660987.2029,87815.4415,55559.7396,78091.84666,2235.404343,359.2337157,12568.98804,16855.98657,251568.2061,86936.25048,24790.6878,514534.0484,83409.26997,20333.02284,231882.7672,7584095.349,370147.5022,172519.9483,2212959.759,109083.9252,156094.4357,236962.4006,9939.015672,6874.110101,1644.794356,71158.28424,17782.25098,164043.143,61323.82574,143104.0322,36100.32105,299641.5508,94997.02143,13106534.79,4276859.532,194825.6144,87255.16188,5022006.636,461425.761,1134.516775,34773.03418,28490.46086,13986311.91,5699291.607,3209690.685,118.9655028,10062.04899,713991.3167,26145.69388,8080.027997,478551.8756,35710.64268,75611.3966,970.2449757,83.7826539,1077442.351,7984.389411,106062.6027,1438211.802,128663.9551,44247.94383,6762.702402,49791.35922,43164.89381,123400.7387,67879.6699,166193.6808,152242.9892,20084.04154,85061.52069,130259.2794,2391852.286,17265.61022,651968.6325,872754.3663,2067198.022,15219807.37,107926.4535,13646367.71,6051103.654,56400.0903,6894.554505,1298.115725,113919.9309,85486.46352
pCDexp2_QC3,cd_exp2,QC,QC,4047.923477,10785.89545,9639.998679,39457.05713,127380.1615,328613.2942,16245.42188,118550.4905,82498.76392,120095.141,4413.406222,6414.083786,68418.23331,593224.3113,51339.03916,5765.767593,39757.88312,3123.29741,59974.17848,592.034669,4875.174769,17614.21351,9647573.769,617576.3923,18836.76356,9021.181324,2696324.815,446946.5689,1319458.512,256062.552,10649641.08,58971.81501,3501634.386,3116375.209,4531681.163,1282134.463,1363455.783,6198799.437,2119286.832,4473690.388,2962496.329,1046548.548,506718.1707,571950.0612,3855.673313,318169.2898,313675.6156,3672.551388,,42994.65743,27418.42417,31087.46637,69428.55693,407329.9886,30266.6705,230738.704,11584244.79,221907.2067,858109.5508,87125.48657,343828.2585,1555307.665,65875.55311,32082.15917,366488.8028,265791.959,76294.89009,831237.9986,142936.7416,87097.02803,118195.5666,4931.731429,1773.609333,21392.47593,27112.4776,317373.1928,140423.4613,24924.0323,1338467.113,137888.3962,24015.22116,264196.2379,9068106.331,451419.0664,167606.6628,3128177.38,155790.9526,222023.1318,267184.5618,19471.37631,9883.318416,2976.182961,111519.8107,23015.32727,175480.9939,89960.79021,257322.1313,41820.77539,427827.9677,111862.7257,13289774.35,5681536.488,208463.0714,68065.76715,6301894.049,322707.5137,1403.272273,38739.3589,39408.64281,14566905.24,7983499.501,3539823.259,147.0538254,10612.24589,807566.2259,35084.4604,15295.81045,644634.8998,38521.60311,74598.33045,2047.635453,349.911682,1262925.273,11335.70582,121662.8933,1625666.106,143328.3006,50159.90076,10621.02876,45438.235,43900.41982,122388.5012,63799.48835,160699.9727,169272.675,24034.29206,123247.2599,108796.2522,1965186.058,12528.99337,504316.7244,705814.2503,2155577.829,17846123.63,137750.6287,16021178.67,7009564.57,73079.1374,9529.240604,4224.230733,159211.1183,113707.9213
pCDexp2_QC4,cd_exp2,QC,QC,4255.076121,9345.776122,8668.420339,35979.18717,120008.3213,357634.0021,11922.27472,133733.2528,72173.17437,120653.0929,3869.218031,5176.803207,60011.98274,555765.0726,42285.2368,3213.321345,37090.27501,3193.211515,58392.59496,386.9229377,4176.935239,15631.26455,8728664.581,586226.6945,27825.6431,5344.12303,2578939.748,412363.6243,1239724.533,242670.9132,9427882.33,53871.62049,3090224.668,2471522.034,3955367.438,1202256.407,1332893.231,5923449.339,1892147.19,4021708.065,2666893.087,889659.6143,561586.1295,515920.9678,4329.177222,298598.7701,292614.8642,3382.791414,,34068.74637,29397.51481,34360.76967,60952.19177,369778.9291,28020.71264,209057.7808,10801253.5,208614.2301,823913.1817,83757.01382,306524.7473,1391600.334,53183.7016,29800.90781,330062.8436,257188.6253,76179.75587,787737.3139,124579.5037,86000.73814,110482.7575,4544.954369,1984.256177,19548.68926,22460.47334,300298.6612,137841.6327,24805.44117,1162058.689,132565.3357,21652.00355,245483.8985,9027551.543,426709.9762,172837.8328,2925036.377,152299.1092,207319.511,199913.7849,18370.92099,9394.092436,2646.351175,108997.0188,39267.64551,266769.1761,87604.2698,236678.5237,46178.1662,392979.6037,111790.2337,12890415.1,5633212.527,215430.0993,54633.26389,5850456.559,439843.8973,616.1355342,43761.40124,32566.39462,15032005.18,7835686.773,3341801.914,,9251.428916,754872.7659,36791.45238,19290.88151,646567.0126,45680.97668,67184.33117,2252.631705,147.047664,1159150.044,10144.43429,112605.4294,1441028.299,132828.0822,47121.52935,9416.713799,45926.68361,41926.84836,116560.1172,64538.93132,148613.9919,177061.4553,19539.6592,118600.4222,105095.7818,1856905.194,13889.21237,482332.4691,715238.0263,2200500.841,17990198.13,150250.7283,16021212.68,7032177.842,62133.08886,10757.32091,4846.30534,156679.8781,96407.82136
pCDexp2_QC5,cd_exp2,QC,QC,4984.404838,8625.674913,8065.484489,39082.38059,103446.7855,339964.4162,8882.176845,131936.1302,62744.158,110636.7444,4211.918351,6753.771654,57101.8746,496521.5577,43214.04233,2715.510908,41222.47006,3795.725139,82054.02967,2517.815849,4598.839019,16959.96457,8525308.178,584279.3843,25194.1187,4545.918075,2460040.348,405110.8051,1144718.99,233786.4841,8999512.667,46929.9983,2778532.104,2333066.119,3655235.5,1169932.389,1255778.989,5913976.292,1747996.481,3558129.455,2444679.675,799578.6703,583402.3344,477136.9455,3748.565619,291285.8364,291285.8364,2953.709312,,35313.98798,31700.96966,31689.75873,53241.21817,356580.8347,41895.63345,199430.553,10153438.08,222724.5943,745949.4022,75476.77653,327629.9134,1234547.931,47542.99852,24841.01547,309569.105,235899.5131,82998.35522,776245.6778,130502.7404,84076.96237,110703.3088,5819.83739,1065.428631,19506.85393,21164.74349,278876.6907,125122.2082,23301.14562,1027289.074,136144.8022,21577.82137,226168.1374,8985244.042,429534.9307,161974.5179,2764593.327,154690.2974,208417.699,149154.6793,13788.3561,9244.117199,2796.208754,104729.0449,36931.63301,139397.2466,87168.39938,213397.7637,45452.94299,445765.9711,110588.5001,11458377.44,6202110.738,218338.0234,53384.02116,6039047.491,445749.0932,1702.620851,45561.88821,32938.35984,13877227.87,8101631.364,3107916.157,1131.395983,10024.97443,702740.2543,33638.38397,18075.85133,617278.42,40559.56177,59385.82272,1865.492752,365.1627962,1183606.439,9938.311058,115675.1688,1447858.914,131337.4417,43763.55913,8836.634999,44403.5543,38501.23652,109843.9181,61742.48974,141161.2595,172431.2369,16291.93178,108931.2091,98540.56004,1671484.089,14194.40247,428161.9183,657161.0233,2065550.14,17461946.45,133552.8354,15180618.99,6801302.852,62514.50197,10334.30502,2259.407937,160894.7197,100216.7641
pCDexp2_QC6,cd_exp2,QC,QC,3632.031596,5960.385805,8372.449804,47873.89109,93864.76901,282265.0553,9982.095383,115308.8319,73824.2559,100301.2061,5636.260922,6012.851426,66686.97727,607025.2118,40755.5767,4493.093642,53897.35787,2325.69863,109538.552,4246.106042,8448.163702,23016.67063,9170757.344,711449.5321,19793.62579,6713.540949,2688788.9,445185.249,1341802.18,283365.6103,9769769.45,66716.53729,3144322.415,2486801.341,3832144.825,1347257.861,1586107.45,7052600.179,1874149.752,3792842.048,2695657.718,788692.0931,669392.6922,536515.4508,4688.376768,280217.3561,280091.5818,4691.596397,,50658.21331,30262.23364,35931.29357,37683.71419,528123.3057,23238.54989,221048.1111,11653999.76,322319.5858,796577.234,75080.10934,362704.7922,1419957.238,54932.05978,26278.49744,377019.3962,279962.65,90786.39889,877666.4086,176106.8164,100488.4779,159853.3308,6187.46437,4501.924989,32457.67284,25836.44575,338450.2783,130652.3241,27303.89302,1184120.178,149428.6055,23009.61183,287809.9573,10172801.18,465030.698,211183.6011,3203247.513,216654.8312,240997.7868,169065.586,19990.70068,14195.0563,3308.267938,138735.3688,42826.02817,238394.0478,118860.0532,229388.1402,39817.28272,655325.9779,124017.7062,13871717.49,7663559.445,169106.8632,48711.75846,6903428.948,532157.6405,1285.057223,34055.76009,47010.84371,14508288.43,8202028.566,3848327.193,3818.236751,6374.866604,526461.5424,21709.90142,12969.32873,577813.4307,47239.82696,59871.9092,4126.978994,850.1761233,1269243.484,12767.37524,117014.7897,1399760.928,124899.8798,41977.94803,11581.19714,36222.68307,30107.70993,86357.91964,44758.85588,107224.7875,134352.2429,12055.17679,89252.45265,76787.40181,1313657.838,11280.34665,343805.6348,523350.8443,1631453.256,15643248.79,102735.0459,13477490.31,6576401.738,73000.6618,15650.09442,3203.007186,215237.1534,143369.8352
pCDexp2_Solv2,cd_exp2,Solv,Solv,85.33779036,,,,7370.338129,10629.06022,574.8333122,1950.357926,,,,450.9734375,7565.428202,30268.67423,,,,335.6767216,3286.09504,,,,,211939.8798,1118.863869,35384.6276,45125.03875,41184.67621,29776.88405,87592.66266,68478.55226,1893.44249,67063.35495,1452.449728,,62938.99918,29211.5514,,,330621.7894,,39417.46031,,190465.7415,262.8395709,,,,,24868.89502,,425.7488575,3215.855501,,,21546.27134,902.0366475,,,,,,,,215474.4764,,,,,,,,,93.37116476,,125815.7543,,1879.832648,,60604.79216,17829.78818,1011.524059,41924.18227,21440.81362,12485.76002,71005.89873,,99.19242896,90242.60559,184.0899607,,,11463.00716,,75107.16237,2408.403186,,1993.761964,,,26293.27971,7343.64991,18023.77491,80.44117039,900.9041779,21372.72976,,8173.325831,1118.061925,155878.147,1036451.647,11125.05673,,512.9937399,1976.5751,771.7293863,396.8385791,,1757.376651,26557.12173,,,53525.05381,,3779.430889,14415.89895,3327.565207,1311.025299,,13040.99517,384.2336524,2696.743368,,,7478.99497,2022.929144,1402.997653,3669.011016,5829.571578,2035.391137,,,810.5427957,7557.326895,168.0445065,4632.435243,3695.539229,538.2782244,139.4565466,,,
pCDexp2_Solv3,cd_exp2,Solv,Solv,70.98789725,,,,5801.259373,7314.995534,542.2687698,823.2124703,,,,,,22095.91356,,,,319.9718867,1755.306109,,,,,211462.7138,2552.623356,23514.78593,40397.41737,33167.79167,23749.01885,137160.9837,57119.90503,1175.540722,47416.73823,2633.139136,,47174.59605,27174.80676,,,195978.7656,,37113.68973,,145103.9335,77.88057269,,,75.4725334,,4729.465468,,1056.98186,1370.056572,,90.19748862,16479.43177,820.203314,,165.8132038,,,108.8680186,,,38415.6903,,,,,,,,,170.3594371,,114285.9686,,,,48865.96253,14098.89877,889.5512402,34416.98783,19918.38496,15158.43356,59143.99815,,162.0449773,64117.16658,676.3698761,,76.46982655,2657.942682,,33716.70727,1137.609221,,2629.47062,,,17548.54485,8941.679342,10904.08085,,804.4482378,21466.50969,,6252.538887,185.7507341,97890.05734,955890.278,6852.957056,,394.7776903,2527.186072,810.1345524,195.948881,79.27839928,2751.288642,22371.90688,,177.6225609,58123.18535,,8470.700362,21157.29562,4289.318866,1380.825311,151.0380894,8560.09823,155.427706,1511.148519,,,4961.04567,1762.479524,1348.024609,1946.953047,6994.825706,2764.864478,,,1359.02741,4393.845807,83.04730745,1716.866953,2360.812574,814.0288635,,,,
pCDexp2_Solv4,cd_exp2,Solv,Solv,457.6092887,,,,2201.55284,5842.279045,593.3669872,1491.453907,,,,727.3837844,8898.969393,17520.90479,,77.15770346,,82.07724231,18348.52589,,420.8123292,,12991.53071,110077.3036,2348.497173,12428.76688,43265.71721,23621.758,31888.66894,46068.40085,64621.88179,3637.973189,46642.99655,36623.29654,23204.12344,32509.79698,37832.64823,,,,,25722.47496,,108317.8322,42.3911426,,,,,,232.2705182,2077.849579,1946.253613,,74.39392764,9502.39004,1534.858667,,,,,,,,,,,,,129.4929949,,,,,,43363.65593,,,,5301.448714,4794.867703,1506.853179,54648.62742,18846.99022,,44501.65297,,,115197.4712,1819.389991,,,1406.261929,,107555.8427,7761.947855,,2500.757967,,140.305072,303016.5265,56606.67964,1345.928831,201.5492893,5776.714309,15517.97882,,6229.230462,2287.224726,480073.9316,1058801.385,12959.16101,143.5129301,394.6127226,2723.252331,773.4142502,431.1434652,755.0221716,4125.611043,13317.28246,,77.36446423,68952.41684,,19193.94687,36417.23884,13370.52931,3805.581285,,9920.508389,692.827041,3890.430274,,,8949.248693,1354.638931,2134.709698,2835.039115,8217.58144,3158.749169,,,2547.759818,35858.34891,777.6562891,23990.37166,17569.09009,5558.691215,,,,
