Samples,Mode,Type,Group,VPA,FA,Plate,hVPA_FApC1,hVPA_FApC2,hVPA_FApC3,hVPA_FApC4,hVPA_FApC5,hVPA_FApC6,hVPA_FApC7,hVPA_FApC8,hVPA_FApC9,hVPA_FApC10,hVPA_FApC11,hVPA_FApC12,hVPA_FApC13,hVPA_FApC14,hVPA_FApC15,hVPA_FApC16,hVPA_FApC17,hVPA_FApC18,hVPA_FApC19,hVPA_FApC20,hVPA_FApC21,hVPA_FApC22,hVPA_FApC23,hVPA_FApC24,hVPA_FApC25,hVPA_FApC26,hVPA_FApC27,hVPA_FApC28,hVPA_FApC29,hVPA_FApC30,hVPA_FApC31,hVPA_FApC32,hVPA_FApC33,hVPA_FApC34,hVPA_FApC35,hVPA_FApC36,hVPA_FApC37,hVPA_FApC38,hVPA_FApC39,hVPA_FApC40,hVPA_FApC41,hVPA_FApC42,hVPA_FApC43,hVPA_FApC44,hVPA_FApC45,hVPA_FApC46,hVPA_FApC47,hVPA_FApC48,hVPA_FApC49,hVPA_FApC50,hVPA_FApC51,hVPA_FApC52,hVPA_FApC53,hVPA_FApC54,hVPA_FApC55,hVPA_FApC56,hVPA_FApC57,hVPA_FApC58,hVPA_FApC59,hVPA_FApC60,hVPA_FApC61,hVPA_FApC62,hVPA_FApC63,hVPA_FApC64,hVPA_FApC65,hVPA_FApC66,hVPA_FApC67,hVPA_FApC68,hVPA_FApC69,hVPA_FApC70,hVPA_FApC71,hVPA_FApC72,hVPA_FApC73,hVPA_FApC74,hVPA_FApC75,hVPA_FApC76,hVPA_FApC77,hVPA_FApC78,hVPA_FApC79,hVPA_FApC80,hVPA_FApC81,hVPA_FApC82,hVPA_FApC83,hVPA_FApC84,hVPA_FApC85,hVPA_FApC86,hVPA_FApC87,hVPA_FApC88,hVPA_FApC89,hVPA_FApC90,hVPA_FApC91,hVPA_FApC92,hVPA_FApC93,hVPA_FApC94,hVPA_FApC95,hVPA_FApC96,hVPA_FApC97,hVPA_FApC98,hVPA_FApC99,hVPA_FApC100,hVPA_FApC101,hVPA_FApC102,hVPA_FApC103,hVPA_FApC104,hVPA_FApC105,hVPA_FApC106,hVPA_FApC107,hVPA_FApC108,hVPA_FApC109,hVPA_FApC110,hVPA_FApC111,hVPA_FApC112,hVPA_FApC113,hVPA_FApC114,hVPA_FApC115,hVPA_FApC116,hVPA_FApC117,hVPA_FApC118,hVPA_FApC119,hVPA_FApC120,hVPA_FApC121,hVPA_FApC122,hVPA_FApC123,hVPA_FApC124,hVPA_FApC125
mix1,neg,cells,mix,mix,mix,mix,4479.060892,7521.605678,180393.3004,2192586.386,16956.66786,69422.12467,35899873.94,98385.27791,30219.59919,514192.4796,33461.95359,9230.942273,2164737.039,397615.9538,701581.8995,2544002.521,254115.6935,79278.06288,37539.26807,3434967.078,2599.091777,3526.123525,4099.957885,2615.764885,16700681.82,1638144.928,1984799.494,12189.83634,33805.92054,145090.4412,15949.18085,83919.37552,19439.22717,39581.41884,28727.81472,367329.9898,515546.7414,489081.134,2036167.309,268921.4679,1992.602792,5062.023552,16763.62206,262292.7416,638666.623,5812556.181,1835679.072,16575.26221,9254.19644,374031.427,168080.5711,1995.902114,3242284.201,6222.397628,791936.3236,95549.73358,68317087,6221.776728,321121.7182,5026.023512,5026.023512,2243678.146,549249.2183,17990.14517,1053218.544,305546.3717,430672.9421,232804.344,118333.8601,4771.625968,7106.707739,1621670.908,20616.7319,13554.67671,218689.8332,12899.23375,13082.28073,6288.549579,103658.3878,9709.537139,7187.413033,4628.539847,1316888.528,4144.530498,17101.97099,5657.029538,545.1488668,79862.27434,10069.07725,11581.62529,3289.160395,145248.5289,65678.43674,9123.593344,5817.576033,5623.713692,13139.11731,554.1348499,610675.7659,20192.74401,1602.62357,426517.8945,30633.27172,5684.040205,221130.8951,11255.88424,9422.772458,1778003.306,218447.1097,3722.627942,25365.06889,,342.4004048,2141.096291,35707.29034,1393.264481,623530.2411,546923.1917,130223.3858,52062.86487,28886.22018,1803.057708,3540.735681,2375.353876,215.3349376
mix2,neg,cells,mix,mix,mix,mix,5432.046608,8077.046371,209075.0695,2390756.51,18468.64075,77588.13437,39978058.33,106114.732,34250.81905,547757.1685,35670.24996,8849.748804,2429773.643,418003.8854,756066.653,2865467.893,276949.5806,91767.25558,40436.13808,3829909.181,2778.727343,3449.626553,4765.014691,2866.601724,18629632.26,1850446.038,2207115.192,,36540.03723,160988.3373,21129.88787,98122.65654,22860.08341,46046.71985,34438.73404,420576.9253,591154.6889,513817.5058,2196200.45,286421.3415,2289.009315,6918.287507,23025.44039,287884.1341,681818.9248,6430644.33,2029987.076,18637.96849,9991.686766,412164.4375,171433.0104,2893.623837,3425843.643,7869.022204,842039.438,99153.4439,73658381.21,5796.982343,352152.4684,5026.552339,5043.875976,2478156.669,603189.653,20768.23195,1094388.26,331294.6721,477757.2002,237794.5144,112473.8536,4947.2639,7362.451884,1823288.474,19325.69742,15469.8606,233902.8797,14144.27573,15751.70829,6778.26781,117650.0532,11431.66886,7847.077428,3884.65978,1479567.077,2916.552533,21968.55806,5227.867747,768.7732118,79708.24116,10217.99325,14013.13117,2863.818729,146264.7389,71024.17964,8108.687005,6806.968774,8839.304212,14020.49381,241.0684166,675899.8672,23234.41488,1271.351899,454622.0589,34546.18016,5542.03157,261370.0031,11731.31042,9957.09369,2038244.619,248980.7015,5731.259552,28412.63734,,401.5583821,1310.704638,34716.78374,862.3768112,650795.8248,568945.8226,149389.0245,50801.31256,32195.47809,2147.863985,4531.468335,1964.360532,115.0362169
mix3,neg,cells,mix,mix,mix,mix,4923.043497,6837.952465,188440.4556,2726692.387,17766.14425,79127.88368,41969223.15,106313.3732,39815.93445,629201.4838,38954.78409,9984.488236,2936244.213,454845.7939,850757.6234,3019264.34,348776.7852,50895.96375,43560.99837,4413858.012,5969.349159,2864.219828,5365.238564,2123.188035,17760033.48,2212938.086,2145849.92,15949.13841,28628.93925,169408.4196,25164.06914,104320.4751,24943.19098,46419.5507,38061.26253,473994.5677,599661.988,481761.6284,2289199.909,304138.066,2226.110346,6730.481467,23701.45922,224641.1956,650933.2958,6922592.294,2224895.755,15230.25843,12773.72244,429469.216,167133.3058,3430.043387,3212569.72,7632.970597,800748.941,97276.58986,73707397.26,5923.677475,350253.5115,5197.24322,5197.24322,2453103.629,615008.037,21691.36627,1182926.044,377600.9439,466199.4021,259911.9382,134320.0904,4773.685155,6978.410103,1620649.94,28579.59367,16136.84326,318464.4982,13113.98695,15468.05347,6376.678131,124973.2683,12015.28801,8697.219214,5118.290786,1573345.343,3869.840594,18334.69519,7855.728772,585.8506068,76154.88732,11892.37212,13572.72196,3033.007475,166099.688,68081.49804,8000.671388,7861.682267,8059.842879,11258.56512,388.732415,642740.0617,24265.75586,1739.957409,466394.7277,35819.31617,7182.116472,225957.6016,13901.17841,10054.48186,1991312.594,239355.016,7114.851485,30992.71812,,749.06554,1935.460129,41830.47231,1501.675189,856430.9406,691829.8135,176349.8276,51148.24804,35984.90059,2719.392269,5326.153987,5109.115819,275.6371057
P1_C1,neg,cells,sample,cntrl,base,p1,5349.090215,6168.6815,250077.6707,2418641.533,15580.4657,88078.40738,51770639.11,113739.6118,40753.48081,637375.2565,30963.06989,1116.344993,2704586.693,340564.7332,797103.5132,3282351.997,259809.0803,73129.98,45653.10184,4939611.739,12179.47347,4422.770969,6894.990897,5660.501372,19723151,2041508.157,2162458.458,18413.6754,31292.3442,130940.0187,21937.47158,97013.15781,26622.81876,51466.38703,41443.02962,477334.9556,767353.5364,440254.3815,1739729.916,285386.0009,2292.460788,5709.462284,20437.28152,252880.4824,519330.8202,6667891.29,2064666.815,18722.59843,9549.377034,375764.0704,144122.9153,4698.152598,3283652.977,12648.16126,829468.5524,105431.9243,75255647.89,5804.600353,345125.1777,3177.592204,3177.592204,2638186.943,583915.3649,19013.93304,1567602.595,399087.6659,458717.5694,245646.7346,175399.4913,4586.684032,6040.980318,4947198.779,26282.38662,10768.00433,270212.0467,12072.6398,12532.39301,5782.687875,118367.6656,10788.36002,10710.46514,3879.163552,1237415.24,3965.017576,20252.88385,9378.91127,885.043205,84721.65613,14757.3369,15274.25099,2141.834297,323570.5439,80198.28433,11614.78051,5713.902697,19782.32183,16023.47605,746.2171071,659777.3597,36379.07697,2885.66611,608350.6659,46463.87415,15279.84755,194866.6376,8756.086562,8246.926827,1806763.152,201357.0113,6601.81145,34443.33171,1280.166613,581.9541069,1423.136926,56910.31532,1660.983364,600260.9642,748507.1305,220148.0411,85995.74629,36741.25576,2642.100797,3542.376999,8385.146891,389.0973083
P1_FA1,neg,cells,sample,cntrl,5X,p1,4134.12862,9123.829341,261231.5634,2741836.505,16418.32872,90559.2198,60039278.68,110764.5647,48530.39841,749344.0321,47721.42173,2062.960258,3321151.604,383701.9808,973374.9271,3908118.093,297971.96,76529.27854,73385.37615,5469412.253,4779.205759,5159.09616,8204.369649,4794.815584,22017273.95,2515028.791,2745406.764,19324.97358,35068.12807,130268.2645,30962.35714,100011.5959,22571.69194,65006.45542,52440.34512,564395.2217,586534.6765,593588.6086,2274072.474,343318.5844,3005.510475,6749.308768,24287.75716,246977.8173,714065.6719,7849342.326,2607014.617,28279.86081,15435.31946,580426.8239,168206.2444,5483.348005,3925443.504,9426.104036,1036611.179,132954.9805,86587784.29,6816.963408,475359.3204,3936.382876,3936.382876,3600698.026,711683.9951,24199.81999,1899833.955,370148.338,636628.2252,235222.4406,236320.8679,6737.626379,7993.064064,5938150.319,25527.85135,19020.61343,307560.5712,23445.66409,27705.99895,6901.515462,166774.0973,9675.502359,9667.16636,5832.9254,1593698.362,5467.165054,26775.16603,15182.08626,1706.842497,142583.5416,15023.55745,26862.66021,4490.564538,453997.7812,131908.8477,18635.27532,8976.608303,13999.72181,11953.73283,843.794664,673108.4007,43161.29006,5834.750776,903455.2473,68182.9588,13958.34493,297871.4709,10415.75194,12574.13033,2462094.92,299692.1183,11982.55336,40209.7127,2226.398563,1016.016109,3509.247598,66226.35719,896.6463365,725198.8802,962567.2474,167877.1293,68269.47884,41680.58513,4995.4441,3890.227187,8077.18739,723.7054267
P1_FA2,neg,cells,sample,cntrl,5X,p1,3952.32377,6937.34858,271831.0024,2749718.18,15403.9431,99408.2423,45374859.75,112129.5736,43567.86374,719153.0453,32551.07122,1423.332332,3064712.411,516420.5266,797520.8939,3463605.021,300187.2311,55944.26531,40535.57097,5382194.497,12370.47489,4567.177317,7857.710062,2642.640048,19461400.67,2066141.561,2136043.614,,22313.45136,141776.5978,18515.2242,85505.82443,30772.98983,58389.38005,35167.08945,566336.2351,945652.2225,528491.478,1812439.674,298000.224,3070.75909,6393.598143,18545.47731,210677.1332,582004.3129,7712718.193,2220370.617,15384.73306,10119.47904,300826.3081,142012.8459,2987.280968,3503383.331,13954.24477,875155.3279,115737.7792,81357726.58,6064.117953,402747.331,4962.445341,5165.316513,2928734.77,587035.2558,18747.97221,1624597.999,498331.6798,460813.7923,239752.6421,183630.3623,3136.62487,4926.05505,4056327.791,27399.2449,14635.0048,255778.2634,10732.69301,10293.3502,6916.556227,134165.5979,14478.85711,12423.68799,4108.152862,1558659.737,5640.330718,21004.4635,10675.23367,1200.413351,81536.51973,14594.21627,19310.022,1248.936687,216619.0352,92570.15422,12946.43886,,8911.038887,13860.70006,339.5044246,733950.7438,38150.2816,2311.756739,730045.8149,54302.54711,27037.23277,210663.8654,9840.819057,10615.2891,2029077.891,241928.2523,7846.70377,37907.35709,235.8381609,977.5692527,1356.38936,49095.99513,913.7771797,726828.0151,832251.0825,181882.7981,70122.20136,48175.36469,3310.737481,4989.707815,6916.201758,112.9202401
P1_V1,neg,cells,sample,vpa,base,p1,6210.572838,8674.462049,217184.8076,2664674.155,16445.79685,103350.8495,39146292.84,115826.4468,42647.63466,612925.5533,37509.27748,1061.125013,2680452.169,592764.5236,778972.397,2916260.052,334146.0344,78557.14289,35422.22979,4327436.304,10318.57825,3650.976091,5514.635149,2154.31555,17392410.38,1770569.887,1938626.465,4726.159415,29095.51389,210651.4292,17517.01086,65391.15173,27108.00147,45255.89284,26128.50627,461433.5926,904571.8358,464268.4703,2051279.558,302275.8725,1592.349743,7027.590549,21653.18489,325691.6013,717423.8213,7444553.474,2027406.101,16927.69728,12086.55166,307235.1764,164778.54,2571.835758,3022015.423,8772.271128,822592.7431,95590.13764,75942943.35,7987.238532,377936.64,3384.778174,3510.304015,2360683.104,567794.2225,21328.14098,1594156.801,591637.5696,441865.0768,305465.2204,162033.5162,4251.539355,7662.796415,707932.1354,32847.75011,17008.59972,377998.907,7088.34896,9318.128468,7812.045696,96530.32943,10958.65254,10908.29277,8284.325989,1894525.034,4131.711175,18628.31716,8136.335323,1022.318351,53024.86868,12111.909,11689.029,3423.353046,216950.1388,76339.26156,7053.475197,7034.026383,9625.015309,13296.62874,335.5499567,603471.2804,31551.60997,2900.016037,566886.8704,40358.6822,4030.723916,235873.5345,15140.79751,11621.50541,1990906.744,217959.3559,7279.387178,35439.55058,728.8684611,1121.206335,1565.148232,58326.4653,874.6601428,823001.9043,791693.3247,190580.8209,98210.98013,40060.7247,3505.083872,4515.136057,8053.312778,1331.525572
P1_VPA_FA1,neg,cells,sample,vpa,5X,p1,5619.760052,10524.67227,216269.6414,2994925.858,16808.22109,90539.95129,57369770.47,122893.1148,51773.51014,753715.5369,46098.27096,4547.666131,3490310.5,543103.0105,967969.1453,3622186.986,370436.5101,89397.94676,45485.18568,5084030.726,5984.141908,5015.941589,7406.014261,3443.83808,21668982.2,2285376.496,2625270.734,15982.38011,35256.73029,230973.0163,24426.4865,94368.37234,28826.65113,54794.96065,49709.57681,518047.3991,802351.8916,582491.8342,2650468.164,365456.8167,2124.263188,7164.026888,21098.58277,415708.4168,898951.7699,8582778.418,2463487.227,24590.48313,14864.61915,456074.2566,213887.3496,4293.936727,3872782.688,14109.31932,1055597.707,116477.2833,88081579.2,11198.84512,472855.3458,5160.901713,5317.125162,2874797.14,706531.4388,28155.41023,1748411.986,494346.869,547729.9336,328815.0962,191099.7229,6063.97473,8569.707401,1362449.217,33059.45992,24256.16863,391891.67,14393.22223,19911.59212,8585.700392,108281.0696,17026.66242,11299.41444,10564.76572,2119679.889,5611.322039,25414.67411,11503.2895,1011.592814,92765.12531,16436.25192,21444.79761,6893.608051,333288.2859,124858.0218,16630.75828,8764.014118,11796.83514,16211.93863,887.0765306,830658.5495,50734.99368,6004.982678,941459.8593,63336.75574,4495.098211,276643.769,17051.79319,12730.50604,2401539.43,284908.8579,6309.662235,41947.11045,421.0096027,1451.808871,2714.053039,64597.07169,1608.478812,947207.5582,912341.3489,183780.3309,54883.41532,42388.74012,5236.515619,6519.142761,7002.217151,1363.004491
P1_VPA_FA2,neg,cells,sample,vpa,5X,p1,5984.601764,9011.826203,226575.6545,2784790.32,21014.42237,95557.60198,50133856.28,126857.3242,50045.88094,662410.2809,44776.49711,1807.829219,3058559.225,603488.0384,856033.9245,3333415.287,354219.8907,87340.43755,33551.06462,4893623.183,7171.730261,4506.70856,7192.503077,2127.655671,20455035.32,2043059.807,2255268.088,12110.81689,30315.04431,223770.0812,22651.25832,80096.67031,28424.04792,51521.94233,35579.97762,488486.3217,966663.8159,531234.0176,2239912.293,350986.7183,1775.06458,6553.640371,20727.73855,354127.1967,749744.6134,8040526.065,2251296.371,16643.95843,11009.38822,356005.2526,179176.1907,2611.468996,3589183.397,16775.00646,945083.7338,104085.1434,81413092.26,9695.657527,433864.9246,5234.719424,5234.719424,2645793.022,651681.5952,24026.45488,1482638.291,527046.022,477702.1621,306543.6248,164492.1967,5629.90654,9422.403936,1131053.483,30611.59313,19731.84477,379861.4461,10837.20928,15206.74741,6762.890736,88817.04241,19377.35999,8575.226305,7895.580913,1881557.761,8399.267832,24148.19206,10604.1351,1439.20175,64712.25468,14804.65825,19061.56217,5699.534638,240967.2235,83747.96063,13755.62093,6485.358366,21984.93983,14270.22384,1048.874225,748473.5814,47101.5554,5363.111641,794736.5535,59470.55908,7861.223864,258454.5666,18362.75299,12583.77985,2182184.942,252822.8631,7279.285768,39240.02669,255.0832169,1050.740622,1720.322001,58651.51914,1777.853015,863187.6781,820209.0861,208013.2464,89171.28515,43752.54819,4858.946126,6501.103947,8173.660273,1115.09054
P2_C2,neg,cells,sample,cntrl,base,p2,4623.583541,7197.502659,202360.1256,2665911.45,37089.7961,99063.95777,42373032.63,120006.9928,36594.98947,588111.8855,33553.61663,1698.037711,2437940.878,636694.5912,807360.0009,2810510.693,334754.7635,67188.8602,32918.34267,4245938.469,10785.64855,2653.165608,5372.110189,2174.671657,17420600.44,1917903.895,2049935.587,4999.806261,27437.50503,213341.2699,21534.44679,81852.73041,23282.91586,40832.41636,26319.78703,453161.056,809891.8359,461881.07,2110429.693,310093.7112,2148.923971,8231.942793,22775.88538,340606.0995,704555.7467,7477330.191,2108916.606,14397.3486,11398.24149,351401.8342,164261.8932,2394.159936,2939539.078,11128.79714,815987.6037,93774.82946,76097399.14,7924.257158,356650.3029,3653.313275,3494.673826,2068961.723,589625.0805,20405.43239,1508129.703,404730.7857,447817.9194,281987.4333,176029.0881,4774.616676,7341.645661,748969.5248,29610.58099,13392.54881,391309.1283,7578.478991,11510.37588,6126.688873,85372.11397,14096.75647,11557.12774,8582.556742,1785358.341,4513.516978,20035.01071,9077.440813,689.4111767,53475.65768,13983.85471,14260.71969,3845.236103,212068.4382,59122.10722,9161.364994,6310.236751,6356.84854,12367.47838,379.3679281,604716.7006,38681.78174,2473.759665,652564.0701,50979.95647,6337.532817,252311.1625,16033.03362,10611.57838,2104995.002,257760.0622,2760.631342,35831.79598,430.5275545,1286.388333,1864.375352,63752.3911,1508.251278,825751.6915,814849.8982,168077.8176,137812.6356,39799.38837,4760.830973,5756.540407,9013.445897,668.1716048
P2_FA3,neg,cells,sample,cntrl,5X,p2,6552.842514,8644.880838,210722.5414,2651545.515,15405.76941,90807.45984,45955104.58,128854.3877,41507.55582,612627.6499,37497.60683,1833.354435,2481185.882,572510.8332,860237.4579,3142723.988,307337.2854,103311.5803,37083.70238,4128912.613,9274.691531,4527.284715,7713.332632,4664.574604,19586728.48,2216122.919,2483245.726,4288.485942,29322.40312,207907.492,27570.64662,103807.1897,28627.64528,41138.11145,38721.88501,433571.2539,561758.7326,465358.4627,2442233.95,312921.2901,2647.707146,7859.733701,24063.00738,421766.8338,722660.9627,7479679.317,2242995.209,18309.19133,10927.65042,452299.7729,190801.1013,4968.617279,3027712.339,8859.670435,876946.6446,96157.4504,78324390.06,7057.734261,372873.3337,3491.824994,3491.824994,2080917.236,662376.0457,21074.6171,1435852.416,314260.6538,502687.5589,336096.1768,169530.2611,5012.968317,8194.713065,1061220.85,30810.37617,14009.33217,382988.7335,12434.20449,14950.53393,6359.089608,94365.78651,12986.36256,8240.02201,8676.308686,1785618.154,4718.918897,21355.30224,8155.534909,1303.934722,64670.15652,13643.23568,18425.23879,5427.387647,279979.6691,75469.5737,10204.78644,8388.067843,9643.059543,13982.42442,936.4586105,622971.2428,39045.91513,3039.613339,651012.6149,48172.25073,8958.453266,266428.7457,16838.73368,11595.20841,2162096.722,272402.604,5986.13593,37753.9963,818.4946359,940.108267,2355.415118,62730.38224,2440.947892,746673.5583,773725.8065,195645.7897,184080.2462,35812.4012,4072.850268,4687.970221,6798.981202,1795.34706
P2_FA4,neg,cells,sample,cntrl,5X,p2,5908.59031,7902.368502,214556.5499,2830610.425,16054.38838,95712.79971,41578462.25,127625.2851,42067.70347,627606.2278,40383.60042,3859.110717,2955676.729,726842.976,915547.089,3266449.439,351917.0997,81216.27586,30755.41104,4571558.734,10116.40167,4295.708559,7664.001964,2233.670197,19483065.51,2255809.032,2456017.368,8896.87956,34416.77578,218077.2092,27966.70367,127222.9986,30592.34294,47224.39861,36641.5733,481206.7289,854885.3911,486333.28,2225276.703,352628.0319,2622.996219,8838.912302,23620.52548,376274.8311,721945.1248,8201533.272,2334605.421,14709.53342,9950.707625,433966.0813,187868.0623,3553.833309,3172177.658,13855.73093,970449.9304,99665.03157,78405813.67,11087.9221,397270.7682,4084.888333,4084.888333,2292676.553,687901.0746,24555.54976,1390270.528,378029.6346,489107.6663,350216.4317,146004.2332,5063.119178,7652.474129,851405.0191,31896.48939,15910.85576,370820.6327,10409.41408,13982.31081,7086.195675,96539.38731,13793.3961,13473.46977,7750.02204,1874165.279,5621.491629,24760.02543,8373.854478,1056.110696,49395.14068,14047.43818,15988.37639,4102.104123,237623.1825,92744.5195,11955.11846,7980.285924,7447.682261,13767.22414,1110.264664,639031.5262,41309.65379,2515.657549,640474.5486,45319.48445,7926.105046,253992.3984,16884.90718,10638.13408,1958718.26,218176.4642,7497.951037,36047.88819,284.0326611,1207.781172,2132.4875,53054.98097,1693.184314,858963.8448,731691.0237,204951.5359,142651.8918,37298.7354,3318.04908,4650.427445,7018.984071,768.933734
P2_VPA_FA3,neg,cells,sample,vpa,5X,p2,4359.147238,7809.107697,258903.9753,2912533.652,16329.47694,93484.83524,47322789.85,134531.2766,37992.36122,865572.8817,36218.54956,1644.00661,3209905.055,653150.4705,1031435.034,4174934.665,341525.1802,69826.70123,40137.02914,6115414.684,8728.974836,6144.362608,8261.750469,5598.419061,21848027.98,2879831.585,2913734.628,,22187.89748,155799.4789,34875.07313,201804.8781,35797.28527,56670.06021,52579.86797,625580.342,606835.4134,526576.9381,2541571.628,364640.4267,4128.071802,10156.91163,24204.29085,325332.4007,644286.2501,9352542.348,2712772.61,14888.1653,11336.38427,585452.7512,199692.1809,5220.285051,3408199.882,8906.418114,1129490.375,146660.7345,88968765.23,8554.076875,464469.2844,6265.494592,6374.199647,3096846.63,758929.296,22149.58772,2330579.776,418942.664,633471.0072,281517.2657,226055.3433,5356.548304,7264.472009,5644709.443,30123.90422,4889.91443,347834.2623,10925.33912,10673.60685,6959.702466,155326.5331,8567.979548,9947.253825,6455.711964,1814351.755,4238.030034,21092.03538,9496.338411,1918.618635,73630.86517,18603.14853,20770.26379,1506.7736,344714.7019,82421.18087,8511.864574,8616.643876,7713.748001,13328.99849,375.5587262,612253.6875,38696.10756,3262.068558,642463.7767,42565.15152,24012.67938,286207.9887,11047.4609,13212.61212,2374702.206,247077.6846,5970.792517,46475.79624,1110.191822,975.4654706,2279.327458,71348.24068,1664.134659,795078.2031,1038100.298,217920.3421,126301.8283,46331.22652,6102.616864,4507.750163,9646.422164,632.7435061
P2_VPA2,neg,cells,sample,vpa,base,p2,5206.605781,7277.057643,250472.1485,2800161.433,16926.57435,81787.93141,52223522.87,117331.4113,39132.34679,750372.2918,43203.84869,2949.254572,3222405.145,515274.7546,963372.5562,3744770.762,305909.1736,79396.43921,59202.40209,5499600.294,8435.838115,4600.409953,6164.079794,4620.752242,21875845.94,2641348.781,2775532.523,18007.00457,32732.78617,138252.116,33459.33148,204450.4526,33708.31528,52709.67632,65805.77972,562813.0544,643909.398,497904.2067,2079161.38,346188.5027,4306.624791,6554.305646,24161.81563,247406.4937,631338.2121,8126907.774,2595730.713,22915.30539,11322.77265,620299.5907,166681.6558,4655.851825,3375444.014,11682.19361,1046010.097,133146.6968,83948213.8,8174.911245,416195.6317,7059.417891,7059.417891,2919434.745,694486.7827,21293.97951,1552885.023,404440.0471,579383.4442,283174.213,173067.8519,6716.851003,5809.242238,4990563.053,26657.23194,11071.94725,298150.4221,17091.10605,19240.42119,6555.733766,124449.7177,13701.68216,10255.46371,3948.549851,1417452.52,4927.276362,26224.80463,13438.51175,1380.874978,101542.1095,14708.18667,24786.91406,3638.733651,381808.6908,115989.0665,14285.81617,6826.312663,10027.98287,12030.01278,824.3496677,642137.8116,40121.93697,3851.996599,749931.9244,55967.12958,10721.7092,262583.8795,10208.04851,10835.03764,2135320.241,261535.0525,5471.772803,35056.06602,1183.993373,798.7914536,2141.759116,55279.17603,1525.668238,694893.8627,783224.8609,221380.7055,118167.292,33680.64813,2865.666988,4194.13609,7036.100727,711.6372962
P2_VPA3,neg,cells,sample,vpa,base,p2,4557.9847,8100.425748,278880.012,2879084.221,17381.38745,112485.9708,38234447.38,123483.0885,44200.56657,709670.9246,28768.38247,281.2045179,3171593.493,641408.97,841126.5103,3301565.847,301129.7153,61034.05165,31558.66921,5322478.282,12890.64219,4460.331424,6753.585552,4237.035209,19810713.4,2150135.644,2078188.42,6431.914031,19563.24746,139928.8538,19217.14675,134908.7045,30179.25181,51323.00726,36325.57404,554940.6764,1000506.793,480222.2619,1728946.077,289451.8836,2712.210507,7846.475327,18153.21365,247564.2016,583707.5729,8227791.351,2260772.542,9934.703418,9838.825097,332238.5514,148455.4306,2718.198801,3159651.029,11258.95257,861271.4116,113718.2921,80901478.45,6796.955886,385856.0547,3919.353336,3919.353336,2484976.854,577060.3589,16929.16439,1570952.849,486846.4224,464431.3731,277941.8089,191426.5047,3817.539568,4196.754907,4086857.994,26643.43597,5411.447435,295178.1966,7579.408925,6658.458726,6750.532546,121435.2058,13321.96291,15584.10227,3669.26676,1552023.284,6235.76615,23133.98644,8700.378214,1073.140333,58606.3089,14269.03015,12937.81615,1135.315603,178448.4765,61737.44239,10219.46796,,7938.184941,14499.08568,411.8179152,649636.1459,36462.51528,2619.382627,618668.6663,46387.36908,20261.02255,228581.324,9266.31692,9486.47438,2038637.28,241835.9375,7984.602414,36883.42602,527.1231414,484.5725758,1266.747936,55780.56656,1454.915214,687324.8909,848368.6479,184972.1792,131076.6139,45148.73238,4705.102852,5039.169025,8659.950326,642.3172049
P3_C3,neg,cells,sample,cntrl,base,p3,6094.919887,7881.850202,221693.7144,2779907.775,16014.73054,92572.10849,56492190.48,125062.8394,50262.40241,649902.5673,45646.13028,1691.441438,2505824.236,396225.0167,963458.5831,3370340.737,343290.6503,91405.02468,48036.71934,4581373.512,5718.862612,4595.082832,7452.33707,3721.999747,20250526.29,2686938.957,2728606.89,4995.946754,35230.95167,186877.5587,35534.13256,67491.65326,19579.37517,51896.87549,43185.96445,486490.6445,810884.7446,554967.1122,2479372.073,366567.0161,3622.918457,7631.977717,25509.37437,356264.8162,777179.1692,7138639.805,2642195.967,26326.03023,15153.23223,598331.916,196130.8177,8459.301507,3759660.434,11904.73558,991916.1048,109697.1682,78722495.76,7408.611352,385540.2829,2793.205121,2906.463772,2799626.981,742366.8459,27189.96226,1574702.663,334452.9762,542118.9711,361964.5759,225523.0371,6666.575483,9977.879082,1655898.866,35076.3144,22169.59826,476400.9999,19392.62366,25708.70696,7043.642782,117706.9129,16384.57096,6679.016975,10356.03307,1744568.175,6398.037258,23647.48657,11895.65554,1631.736662,80857.63153,14210.12086,19566.97866,6545.143158,477213.6093,106668.5683,17924.26286,9446.790058,11059.31192,13872.00809,747.4573181,655313.0516,43077.80568,5036.696599,789022.2835,60053.13649,7380.368471,231915.358,19886.31826,11216.96914,2034119.407,248248.9262,8514.857482,40492.22068,2136.344049,764.8531134,2863.439688,82634.42378,1808.32358,815897.442,951774.5916,157042.8463,74415.02778,32170.35005,5078.338397,5104.081099,11668.99426,593.1812912
P3_C4,neg,cells,sample,cntrl,base,p3,6912.990788,7299.108912,230820.6771,2757835.549,17509.99597,101979.3508,36958111.75,121255.5641,31414.52656,630617.6365,34780.88138,3128.131851,2889635.592,553473.2572,843274.882,3024601.043,344053.5532,80735.65845,35576.35723,4381869.003,8507.42669,4026.111554,6545.131527,1860.725906,18016483.91,2141686.496,2213404.696,5863.112794,31175.44478,206434.718,22448.60028,66705.88908,27875.90722,47612.46281,23030.13801,480902.0873,897199.6385,519487.507,2268698.448,334362.7141,2025.194918,7195.102369,23176.42502,357257.4223,698482.6146,7292126.841,2287671.197,12942.66278,10032.79618,374612.8834,188818.2746,2509.327465,3341088.516,8311.387649,857526.1524,103889.2012,76211733.62,9300.478294,353489.7553,3733.819473,3733.819473,2627014.187,626190.4427,22575.75345,1482055.284,471928.1097,473358.8321,307110.9979,159868.7707,4514.429318,7492.103176,756462.3297,29196.67099,15333.71667,366832.8113,7378.779025,10596.91312,8139.30616,92905.07786,12270.09142,8681.575867,7394.42676,1883932.37,4092.759436,19908.70398,6533.541635,741.9844835,54234.63436,11694.52977,12721.98882,3365.774788,205638.46,76981.90892,7724.447167,7713.784404,9567.394825,14410.06962,768.8318551,627300.3202,29915.42329,3204.432206,597247.7337,45627.05557,5600.895818,234910.0479,15246.48469,12094.32427,2125805.451,259609.8414,8226.98294,35310.04128,112.3045596,1080.850327,1969.71761,54182.64291,1581.947731,856518.7007,774528.9273,179144.7211,166758.6192,42377.77313,5104.783303,5075.005194,8764.045987,607.3412226
P3_FA5,neg,cells,sample,cntrl,5X,p3,5542.423544,6082.328415,207994.7306,2677959.314,16279.69764,86983.18766,44971653.22,118682.4117,36301.29703,653915.9803,36618.69611,2291.976889,2511093.67,434390.6658,892015.8783,3264573.798,331799.1995,85729.02473,36592.7459,4462010.882,7929.478368,3476.599458,5733.973926,2473.170408,19258528.38,2191964.777,2349641.233,13735.25607,32698.29571,195042.4183,26892.87764,70453.46341,22984.26999,46667.74794,33509.85124,448446.7165,624847.2034,530765.1525,2537733.521,323608.7682,1947.600962,6416.72076,26184.97548,373346.8438,723083.819,7123799.954,2235502.654,16279.05713,11650.2997,438811.7268,199290.4352,3506.00328,3490472.04,8024.994492,882977.8619,96008.20839,77361394.03,8613.662945,387137.58,3777.830268,3777.830268,2465229.1,647944.7319,23220.40506,1538324.299,372573.2358,516170.1385,300662.2656,166375.547,4478.672231,8581.25538,1224199.728,30378.68547,18845.03146,362303.2034,9914.278575,13798.40655,7356.292662,101770.0754,12241.8802,7696.655434,7535.326163,1863623.714,3556.816558,19240.96647,7624.136749,1433.832554,73055.30345,13994.93412,16119.70478,4029.532979,262778.7068,80454.11101,8455.926771,9326.985666,6624.721451,14297.83116,604.6426859,630175.428,28489.95359,2850.475384,600641.4518,43978.57644,7196.068082,257064.6043,15675.96389,11210.47848,2283684.049,280558.6639,3503.01009,38219.60178,341.1165578,942.1783884,2395.468076,57451.20784,1639.640699,784552.0764,811475.3517,167808.5302,147147.8517,39684.25155,4352.599039,4474.537783,6681.270743,1409.020191
P3_VPA_FA4,neg,cells,sample,vpa,5X,p3,5441.707033,7517.4261,251581.4538,2597235.162,16332.55321,99539.95494,47208512.06,104691.4064,48407.67721,644045.3434,32469.43517,1922.414264,2873230.945,404836.4935,772301.6658,3117877.422,287613.4564,63269.03127,43032.26069,4922101.489,12079.90128,4891.94663,6957.823546,3776.744896,18387014.04,2064744.734,2014651.035,17114.05453,31752.98431,125854.4002,21203.98922,82908.01722,22695.16555,55444.65394,34326.44327,520688.8178,865464.294,494423.8983,1674191.629,283989.4296,3292.347368,5388.237686,21891.43972,187585.6424,569264.4869,7007404.021,2184036.842,15375.25159,12137.6528,357185.0271,128993.8792,3340.924286,3421793.582,13214.96295,803965.0102,110060.2753,77202968.44,5054.055635,372436.1332,4550.264498,4550.264498,2842751.189,557517.5987,17308.84238,1706248.525,407852.7972,466811.7529,243913.262,187011.1798,3254.497758,7206.792212,4073658.592,26454.4953,14596.27584,277419.1188,11110.31427,11320.93974,5153.733413,110295.8968,12523.46584,8529.048174,4449.889189,1394045.42,5004.896659,20160.23182,11025.26036,1214.883992,89755.76699,13875.59586,14651.11612,2945.585839,256006.6045,86526.90777,11928.83198,6157.390066,9150.037247,13339.82631,516.6181883,706008.5312,39959.49316,3244.940946,689789.5734,52980.29901,9246.386438,201129.2245,8054.733299,9574.522367,1911155.123,225824.0712,7309.496186,36203.05966,1300.09017,369.7533607,1792.951257,51291.78529,1195.144232,728496.4955,839906.2333,210789.5015,114842.361,42114.25629,3695.878911,4546.488791,8337.596823,120.5342994
P3_VPA4,neg,cells,sample,vpa,base,p3,3465.738607,8320.001251,90697.41999,2522521.164,16630.84831,91668.94188,41987389.54,109040.1731,33829.67516,635359.3525,59388.74697,29125.64181,1467567.719,329888.4385,861533.3144,3421231.446,235124.5519,61049.29798,54480.13717,4714766.731,2874.338801,4155.028204,4732.022167,2667.155853,22060561.98,1783971.8,2518540.805,19368.36576,30110.15712,111603.424,23171.73792,104003.4229,44229.66664,46895.60586,8665.646598,476782.4041,414445.35,481612.4398,2475775.761,279132.8988,15101.02318,3537.750458,25832.90948,229326.8901,570077.0177,6387587.791,1789177.641,15799.35363,8828.495874,389322.8169,188173.2692,2366.341841,3538011.387,3097.787211,808286.9164,102884.9797,76483796.73,3523.474888,370650.1118,549.1218713,549.1218713,2079269.757,476758.2669,15452.10746,790036.9374,322798.5531,585354.4222,205578.4985,66082.85946,7703.513365,9189.83452,979925.5817,19107.64889,13570.69206,108855.5492,28133.72647,14141.62946,6947.726575,147557.3525,7934.374956,13148.14158,1548.018325,1155185.585,1527.104475,20678.90449,4121.026476,1144.753937,121004.3227,8546.374881,12556.23696,1853.827344,9793.617493,20100.29157,1647.638269,6936.840473,7512.731376,13768.03659,538.8332866,965298.0307,3702.250901,,86853.35351,5136.042965,7657.72397,246238.6675,10011.18618,11455.85264,2254884.58,264174.9735,5398.663884,26813.95323,,230.8640946,1858.178901,14529.37123,,679185.7918,509318.5916,187192.6567,103817.916,32135.10446,879.3111028,3862.477338,227.9098922,133.4364445
P3_VPA5,neg,cells,sample,vpa,base,p3,3803.949344,6887.08335,261704.5155,2900651.613,18255.42873,83502.80243,52938060.91,120862.1721,40113.85954,756931.8922,36808.33432,3845.594996,3449690.215,431757.9492,908822.0363,3766983.39,338251.0798,73768.16758,43760.01717,5895164.271,12672.92169,4785.975318,7087.677539,4437.022897,21381623.34,2339495.807,2465011.113,20400.26343,35636.90928,150251.2781,26260.99073,124189.964,30018.73626,59945.74499,42249.5159,585086.8252,917172.5518,578330.7468,2019987.751,345740.9694,3341.892451,8676.388072,18851.36849,219284.3922,633844.911,8024394.076,2360326.696,15781.67504,13574.8436,421481.6472,153182.6079,3735.910523,4026944.764,17366.04873,955911.304,123288.4497,83108022.95,7620.824247,436339.6751,6393.251333,6557.634576,3370734.318,631796.062,19111.09804,1626129.684,445281.6272,512143.8983,265768.0587,157489.8982,4594.256655,5811.520821,4879015.593,29269.73571,17642.32754,273504.6734,9637.524601,12320.49367,6341.542163,133989.8304,15413.97891,18399.56346,4391.552007,1574353.876,7623.147549,24997.67578,12751.12655,1165.196416,87592.40962,13530.49783,16619.6605,3078.050474,196689.4918,97642.40694,16415.72879,102.5956273,8457.97882,11392.92061,828.0742659,797104.6947,48751.25685,5168.978942,751122.4957,55895.71387,3676.221465,239196.8124,12217.66863,9880.35261,1888597.635,201054.0462,6992.130187,37037.76337,104.5438544,121.7493089,1892.202396,48663.5725,1455.387846,742752.841,790214.0876,219308.1591,85171.54497,40313.26536,3410.684877,5069.774962,5411.183786,548.3411356
P4_C5,neg,cells,sample,cntrl,base,p4,4645.659168,7031.981653,233338.1035,2523808.323,13991.44323,86664.37915,50569014.63,111215.0234,40269.22149,664048.3012,27788.3951,2046.503429,2559927.871,294468.5507,819081.5865,3398872.192,273135.0272,70693.59204,52235.33826,4860089.157,4855.458076,3491.873919,7053.721963,5067.844579,19478612.42,2266212.99,2317995.51,,33113.81222,125358.3982,28807.98209,102566.6179,23464.03824,56785.76125,47942.08436,499783.8088,533972.3481,485514.6613,2064037.835,279311.2142,2928.997605,5983.733014,26961.22275,225277.2073,604344.5553,6696987.119,2189298.854,19147.79159,10834.69015,471893.0309,155706.4685,4300.876436,3472269.633,6411.379078,812736.3437,102318.1391,79301497.81,5062.72861,377878.3894,5388.130726,5388.130726,3104038.706,596177.4555,20979.47635,1806421.747,326215.7685,501282.4413,257205.2,193530.9792,4459.39365,5876.609984,4765810.804,27728.94157,10457.34032,273094.777,11289.63867,15072.12542,7520.027641,135915.588,8478.165886,7159.954955,5043.825914,1407408.074,3050.129073,18579.93435,9759.590279,1732.214056,107124.0468,15697.66199,18400.51464,2575.224605,386742.1817,89352.57837,11530.8097,6458.320877,8880.725417,15233.58431,438.1090776,654907.1094,27714.17472,2358.554095,567909.2178,39301.03745,15059.79213,219178.0413,10120.74346,10705.89597,2097838.324,243496.8891,4505.378908,38673.5928,770.5957883,748.3401329,2559.389154,57655.85489,1704.184809,667862.0774,863025.1522,185538.7524,118919.1287,36500.73055,4168.88977,4747.640089,6557.458217,360.7727747
P4_C6,neg,cells,sample,cntrl,base,p4,5624.506286,8072.281017,260778.7577,2743286.622,17861.02634,88417.33323,50025277.91,116535.6995,35859.11314,725155.7345,39454.79116,8376.073495,3264837.96,459049.7776,916711.199,3708712.818,295902.8621,79133.54364,59514.94981,5374646.906,10813.40327,5258.213582,5996.844843,4537.538548,21380919.23,2219266.815,2653044.795,3602.103358,34507.72303,142053.9803,25147.83209,142411.8449,38367.68504,55283.81724,42894.75514,541715.6523,806403.048,558818.2323,1941290.776,320344.0367,3292.527453,7440.34012,22851.18119,250133.6227,620878.0156,7550377.102,2239406.716,21039.6056,10994.48781,442208.384,166976.8755,4121.705602,3819440.263,13506.80065,995690.9683,122166.1051,81394143.39,5961.724863,424007.0381,6553.203735,6553.203735,3218631.632,631792.6043,19403.8185,1534908.689,369966.6184,526834.4313,281328.5841,143363.3374,5762.50695,7035.861316,4183526.798,26732.41683,15494.45608,234277.1759,18008.13462,17111.93735,7514.491164,143065.3664,12103.72621,9005.396382,4764.867442,1502808.651,5831.833892,24695.7793,10713.37172,921.0350666,95375.68155,12832.99654,17254.80946,2275.034908,261614.3395,124126.5085,13110.1505,7196.456641,12378.83133,15515.77939,792.2858841,759262.2724,37302.02803,4584.923126,751526.5707,50424.35353,20276.18577,189359.3946,8556.535404,8333.381923,1825864.344,190069.7317,6271.214063,36518.99323,354.276236,629.9215172,2029.334413,42124.89962,1019.1712,744386.565,718614.8811,178674.6638,166230.4246,37454.48061,2470.994251,4787.474259,4156.293986,
P4_FA6,neg,cells,sample,cntrl,5X,p4,3965.727274,8369.66108,248500.5613,2687620.508,16651.7172,95953.20564,51216972.54,108762.3443,47689.49776,659475.1723,36797.06778,4456.998797,3047122.56,469987.0215,823621.7359,3296314.037,298047.9758,65479.85465,57977.16989,5043936.541,10043.33074,5184.261427,7617.529118,3557.883626,19386266.46,2045643.619,2147177.182,16428.11652,33044.19583,130928.8305,20924.05663,116262.7687,38866.2208,54704.28478,37064.12021,530394.0804,685577.7823,518692.6754,1882911.534,293892.338,3002.21424,6127.226841,20158.26046,196405.1193,606323.7133,7360739.805,2173988.283,19108.32129,12081.06949,366425.9685,139037.0797,2555.792481,3496374.268,12230.69749,885218.2925,114904.3982,80306038.77,5751.144763,412371.9462,6139.69127,5980.724186,2985858.064,609729.1178,21000.16579,1598261.177,388644.449,501415.1567,227859.9623,164554.2947,5533.288718,7029.716602,3894000.93,25499.18873,14110.00159,256656.1659,17616.94707,15630.57186,6846.885702,132730.482,15031.72077,13288.06097,3734.930208,1312600.716,3983.836382,20883.10081,12158.96399,1528.417266,101879.798,13488.84994,18471.34923,1816.124577,335568.8071,115817.5302,14724.6866,6892.52886,24314.27561,13553.2519,921.9493604,697971.2374,37780.28665,3564.979686,686637.9868,54708.89992,28849.95556,223335.1319,8844.736656,9030.155421,2048099.763,241449.3368,5313.340127,34744.43438,1035.657899,398.2143095,2549.567625,45423.6461,673.2040212,760034.9646,758874.2085,163301.262,124854.3465,42930.66305,3138.718159,3760.279139,5444.126363,631.8735308
P4_VPA_FA5,neg,cells,sample,vpa,5X,p4,5500.642654,8818.03968,221481.8797,2792566.605,20699.76358,86933.37531,49079078.64,116013.5684,38722.10752,659990.818,43840.4817,1894.136729,2599481.546,410533.3364,976725.808,3389715.98,333141.1471,100828.1885,44681.66345,4510690.34,6486.428396,4387.238237,5869.921752,2104.152835,20683101.67,2710845.144,2900909.54,9671.873152,47194.13745,174308.9802,35480.24348,72202.92124,19861.91066,52995.48868,44863.77696,463298.6888,612620.4469,545256.2689,2613512.686,376796.0921,4072.871202,6295.791941,24361.55536,361992.5527,752729.1237,7085029.007,2607504.886,21323.29561,12966.68212,592757.0241,205962.0012,5987.08201,3694650.904,10042.67648,1027036.726,107253.6847,80175679.93,7122.005338,377584.9712,7289.951245,7097.936028,2845607.952,750734.3634,28329.86806,1329269.499,302239.5459,534220.8102,299307.9541,170483.9394,6228.417753,7398.653102,1583992.865,31693.876,18290.90716,401228.9757,16019.77697,20664.65958,7232.491605,94312.25573,14140.3456,8692.004146,7737.402594,1796616.365,4887.570704,19963.49318,9328.634676,1057.212142,80491.11615,13400.45315,20939.84692,4365.434556,342200.5749,101516.328,12565.6053,9600.409274,5848.926227,13682.83948,922.3822144,677257.6901,34523.53835,4619.12776,672239.4848,51685.55948,8168.216299,240484.9089,17111.00418,11741.57828,2085298.716,251573.2694,3675.832099,35364.37839,1006.530149,896.8427373,2467.264774,62442.62177,2210.754782,766162.4396,778274.268,171138.9461,173821.2541,31854.66808,3906.237608,5073.278233,7713.882092,519.5939161
P4_VPA_FA6,neg,cells,sample,vpa,5X,p4,4453.047384,6320.8992,214977.3441,2880232.506,17067.44881,101178.5902,38777898.91,115712.3285,35809.57906,670746.617,38350.87375,1062.748616,2796285.87,637487.7038,790910.6656,3071253.272,371176.7663,65376.53456,31525.04172,4460637.016,11599.72503,3009.942511,6203.234029,1052.730815,17631626,1951907.411,1934671.237,13649.13761,25494.64451,214269.3165,18717.93628,61578.32958,25832.05955,45913.45226,24026.55096,479396.6079,842457.6466,507550.3797,2239409.991,313367.4046,2322.806912,6649.68564,22203.43188,330481.0221,736999.1326,7652597.25,2167623.65,12419.56056,8786.152997,313183.2688,174134.7341,2457.918614,3246121.55,7823.517698,821341.9671,97996.84491,78528981.49,7904.574798,386191.3625,3358.209852,3358.209852,2462588.163,612196.2236,20081.96974,1670143.005,478278.8753,455903.9471,303192.7701,183772.0077,4136.948336,6924.168088,759884.59,30220.71917,12576.34767,394590.3625,8718.492822,11648.79648,7600.886146,94910.32484,12047.71816,8929.404907,8248.268584,1909901.874,4414.643531,21238.18701,7674.472449,809.361436,54446.38548,14078.23341,17457.44824,3016.079926,255721.8694,78480.11918,7378.993013,7178.215038,7299.612632,12417.98331,,601455.9629,34463.52553,3117.07717,602380.2896,49504.75598,18340.91956,256810.4707,17577.21472,11531.89858,2257986.533,285311.7893,9169.67476,39178.49116,717.248471,924.6509138,2225.491659,64985.78216,2126.954385,892343.9455,878634.867,155300.5603,169891.0515,41619.45028,4881.078005,5985.529198,10001.06758,1453.222525
solv1,neg,cells,solv,solv,solv,solv,,2193.873489,8880.053858,12141.62438,564.6370936,3328.466343,19918.44599,1917.877445,1101.020232,,103.4911971,,8961.944972,1291.825372,54909.2881,43819.90718,834.9488175,1230.231948,2687.002835,1417.215993,,126.1024036,,,10885.36608,5253.861936,10191.64595,,7023.038815,477.2512077,,10660.41518,232.2628883,1699.040669,102.1060221,268.1822197,2473.232487,18287.58288,1329.455395,398.3347055,244.4492593,,746.3351283,2229.71539,12384.44866,1421.397566,4297.403363,,986.6203113,,145.6333019,,25752.3182,250.228813,740.2853211,4084.695186,359331.1906,,727.104403,,,246.8078936,4537.607991,604.9763043,727.7688953,683.5335591,106.0275544,1830.654892,3717.974949,,,1324.181097,,,474.7770019,,,,,2640.145607,1621.545871,113.3406738,1461.755541,,,,,,,,,514.5585884,257.9308776,,,1029.151948,374.090713,,5472.845072,,,649.9896643,,,106.904055,,,8462.180708,,252.9534249,,,,,,,,104.4755162,,,,,,,
solv4,neg,cells,solv,solv,solv,solv,,7154.25927,11119.15806,17626.01581,1926.468644,7055.012882,62089.91086,1116.512255,1991.965415,,217.6113019,,26320.05351,2283.884612,75202.79093,66734.93876,345.3711712,694.4427503,6888.045984,4111.693591,163.3585006,598.4248392,636.62943,120.3037001,16272.97043,14102.45985,28959.8526,,17306.36112,351.7365765,,27217.49704,2710.576946,3977.190397,144.8053549,962.5261156,3011.539775,39182.93835,2144.772087,598.984894,120.0756286,,1943.921765,7548.217553,40788.3428,2905.301416,10141.76254,121.8072938,4825.696907,131.5227821,1120.635648,,57274.5921,774.7010518,3553.072243,9507.687802,1986490.579,,6721.00621,,,848.2953984,12862.80486,1914.64609,5469.486643,1638.308241,428.6835342,2947.454769,9272.664359,222.6358178,,3123.37945,104.1361212,332.9698603,776.2218187,363.5989669,,120.8218559,,7533.156773,4021.004525,,6082.318124,,,,,,,321.2332206,237.2742655,5082.898995,479.2787303,,,1445.737121,2827.701371,,49358.44315,104.833529,,7437.339891,128.3877638,,1929.381745,,,46498.48076,1740.298473,607.5646001,,,,100.8545215,,,1958.078606,4554.434225,,,100.0638095,,,,
