Samples,Mode,Type,Group,Treatment,Plate,Experiment,FAnC1,FAnC2,FAnC3,FAnC4,FAnC5,FAnC6,FAnC7,FAnC8,FAnC9,FAnC10,FAnC11,FAnC12,FAnC13,FAnC14,FAnC15,FAnC16,FAnC17,FAnC18,FAnC19,FAnC20,FAnC21,FAnC22,FAnC23,FAnC24,FAnC25,FAnC26,FAnC27,FAnC28,FAnC29,FAnC30,FAnC31,FAnC32,FAnC33,FAnC34,FAnC35,FAnC36,FAnC37,FAnC38,FAnC39,FAnC40,FAnC41,FAnC42,FAnC43,FAnC44,FAnC45,FAnC46,FAnC47,FAnC48,FAnC49,FAnC50,FAnC51,FAnC52,FAnC53,FAnC54,FAnC55,FAnC56,FAnC57,FAnC58,FAnC59,FAnC60,FAnC61,FAnC62,FAnC63,FAnC64,FAnC65,FAnC66,FAnC67,FAnC68,FAnC69,FAnC70,FAnC71,FAnC72,FAnC73,FAnC74,FAnC75,FAnC76,FAnC77,FAnC78,FAnC79,FAnC80,FAnC81,FAnC82,FAnC83,FAnC84,FAnC85,FAnC86,FAnC87,FAnC88,FAnC89,FAnC90,FAnC91,FAnC92,FAnC93,FAnC94,FAnC95,FAnC96,FAnC97,FAnC98,FAnC99,FAnC100,FAnC101,FAnC102,FAnC103,FAnC104,FAnC105,FAnC106,FAnC107,FAnC108,FAnC109,FAnC110,FAnC111,FAnC112,FAnC113,FAnC114,FAnC115,FAnC116,FAnC117,FAnC118,FAnC119,FAnC120,FAnC121,FAnC122,FAnC123,FAnC124,FAnC125,FAnC126,FAnC127,FAnC128,FAnC129,FAnC130,FAnC131,FAnC132,FAnC133,FAnC134,FAnC135,FAnC136,FAnC137,FAnC138,FAnC139,FAnC140,FAnC141,FAnC142,FAnC143,FAnC144,FAnC145,FAnC146,FAnC147,FAnC148,FAnC149,FAnC150,FAnC151,FAnC152,FAnC153,FAnC154,FAnC155,FAnC156,FAnC157,FAnC158,FAnC159,FAnC160,FAnC161,FAnC162,FAnC163,FAnC164,FAnC165,FAnC166,FAnC167,FAnC168,FAnC169,FAnC170,FAnC171,FAnC172,FAnC173,FAnC174,FAnC175,FAnC176,FAnC177,FAnC178,FAnC179,FAnC180,FAnC181,FAnC182,FAnC183,FAnC184,FAnC185,FAnC186,FAnC187,FAnC188,FAnC189,FAnC190,FAnC191,FAnC192,FAnC193,FAnC194,FAnC195,FAnC196,FAnC197,FAnC198,FAnC199,FAnC200,FAnC201,FAnC202,FAnC203,FAnC204,FAnC205,FAnC206,FAnC207,FAnC208,FAnC209,FAnC210,FAnC211
QC1,neg,cells,QC,QC,QC,QC,132486.3587,125385.2338,1014481.858,6901.991136,157210.8414,129762.4937,3663515.469,1076773.996,82005.28235,28433346.01,78064.67014,28742.37182,65978.81398,1662545.244,18774.41671,87733.10291,1266744.535,1232227.224,124771.9253,312149.6756,81184.76538,353563.8712,,228335.8499,1457476.527,185985.8039,717855.4397,81370.39898,441739.3035,1547049.545,106382.254,74900.4326,7061279.439,6910.846256,12408864.14,470708.6448,102561.7817,165433.8518,852512.7738,1047335.924,1299702.404,72641.09262,47854.84387,25191.18645,12048.81294,1244852.759,7841890.268,10226.48334,2074169.624,50589.12992,36963.59706,11975.27373,15708.36903,1087515.539,2432777.055,48887.97917,267572.2653,10851250.2,51032.83239,3653.897767,85161.03034,63812.24768,4164.193381,6140.55755,602020.3729,39257.85202,44236.8142,45516.43055,23487.76522,113042.6033,161709.8901,459412.0299,1117425.723,61032.3828,1147.703615,23190.36336,1348814.857,14958.80669,18736.76369,21073.41151,15478.17372,24732.04885,75720.47896,14442.43424,135415.5617,136771.0025,19388.81696,2399902.905,14694.73035,1779.332409,1459656.356,146778.1822,235092.1052,54513.50105,1208152.521,52245.34308,2240406.616,28335.26285,95740.86812,136108.8379,12152060.47,20608.2698,48395.98343,5469.035738,13683.89034,7481.652577,268909.4299,9433.128111,17567.01388,11938.31798,8754.708889,24342.64953,51422.17023,2595217.814,37051.19849,13833.23624,3369.820346,172233.8102,7407.084968,65653.53468,18055.32616,19209.93255,137986.2815,40198.28776,1419635.797,1223079.874,30889.66864,33936.08132,120842.5039,62716.30042,20250.23504,3952.449685,2000495.457,9195.588447,7480.01432,2321162.356,62154.33742,3548.714122,424194.5684,231343.4184,107604.441,1030949.691,130520.3077,4816.870978,1823.594009,136262.4275,11274.03501,5076.890195,119968.1663,190750.4575,8017.180345,93238.69219,3737704.566,7847.3357,497975.6709,8973.323394,7382.682984,224887.3122,5959.22874,928.8388117,145390.1314,86227.89851,323935.4327,27135.01061,48319.19181,152328.7592,5614.458214,12371.95876,155424.6124,6399.889729,11221.35743,9942.872535,9816.534808,278107.1196,7238.011164,9457.886499,43759.53092,18482.40505,55821.06364,7211.344693,339411.8606,15217.20756,27317.19162,1865.846101,26283.38459,1853.984086,14506.04781,88391.96364,1737.089824,11351.92125,51873.55064,2206.483313,1517.902486,301561.4707,16702.90755,235044.0591,851766.1141,547868.6417,6080.948733,35458.19398,9551146.464,8681145.514,14247.39639,203634.0279,302432.514,1318.262075,1931.838909,1712.344026,1712.344026,4922.200753,2478.141986
QC2,neg,cells,QC,QC,QC,QC,123765.2308,139426.6186,1021204.666,6784.409763,133228.1543,125385.3719,3655028.156,1040712.609,82180.3794,30095198.52,83970.72052,29489.31465,58491.84329,1644355.129,18392.10614,87288.31864,1198525.789,1290479.048,124970.9181,305982.5913,89546.83109,189540.9416,,234290.2934,1506240.472,182211.2628,693274.1111,87771.98234,459375.0044,1503825.695,109387.8701,76618.48134,7053366.448,6463.44983,13116235.16,464648.9752,106544.5375,162991.0762,829391.0145,1057171.617,1282759.467,72048.85762,47218.30638,27219.74793,11665.41963,1232891.479,8094084.471,11393.47359,2063473.598,51437.98606,38908.44061,10464.31397,15910.87027,1093131.061,2455943.472,47130.27654,271418.4032,10786469.34,52082.37327,4135.280797,83869.19411,65501.62906,5401.851773,6367.88354,518913.0568,39280.38495,49260.60388,40179.10046,21575.78274,128369.2101,160865.1589,439194.3133,1113187.522,72924.93616,1162.183858,25205.56448,1298291.318,14472.28479,14896.23293,19883.33728,13790.86854,21562.31303,66642.20697,13043.65654,128665.1521,132653.8445,19272.62618,2358992.135,15384.1879,935.5790539,1500620.824,139787.4281,216022.2432,54789.78552,1138417.123,49983.85243,2154941.83,22835.49403,101388.7866,143203.4073,12155064.72,17042.47142,50022.63954,5518.23982,16970.84328,7301.916602,252450.3988,9383.722805,18685.9417,11535.93831,8523.86192,22081.00094,62525.23256,2687989.69,24419.31828,12164.53483,2391.89063,174911.8221,7276.610762,58783.03727,17742.97213,15568.54201,128075.5243,38148.11421,1432372.687,1296840.419,30895.77504,29316.05384,103815.763,62975.61668,19667.98926,3845.855778,1852429.821,8975.359422,9549.018231,2427568.076,67207.10921,4254.074774,413109.521,203845.523,102294.1798,1055694.756,125228.7056,5062.00268,1603.129712,142645.0953,10409.88764,4986.011643,123787.8043,182595.9084,8484.802546,92781.13058,3840548.086,5929.755546,515630.9052,8376.938687,6819.640891,208785.279,5237.155266,613.4079329,144821.0807,85262.24588,327791.0385,28489.71199,42777.22284,134075.9936,5619.277763,11324.80973,162129.9954,7349.738702,12874.24488,11129.9122,10380.67876,288680.8942,7065.53107,9083.298216,41495.38944,19194.36738,55230.35067,8309.691326,325595.6472,16868.56744,29202.38942,1652.376995,26107.49838,1694.150443,13758.15414,83722.83342,1772.684752,11902.41965,52039.30593,2102.918994,1318.364006,302127.335,17061.39825,224899.1369,672923.0535,322172.1761,4905.720448,27230.42737,8393807.389,8713082.075,13387.26978,198751.017,231067.4098,599.8055398,2533.25279,2105.333063,2105.333063,3957.553557,1964.300238
QC3,neg,cells,QC,QC,QC,QC,128408.622,138333.3354,1051681.521,7524.796322,142650.4744,125226.0867,3701444.774,1027752.376,84507.51336,32711033.55,86822.88015,29486.44914,57655.51934,1657073.307,18853.5529,91981.05268,1167339.207,1309087.3,130150.7294,299085.2718,92741.58497,189207.8786,,225447.2682,1550619.251,186875.9362,689408.4001,94168.45574,475758.885,1475783.461,96514.67331,72230.68688,7031005.649,6594.704196,13266943.23,449888.3149,105269.0566,161302.67,815908.8002,1048128.169,1252886.071,70975.00466,50142.9882,24589.67067,12186.33535,1256673.974,8245214.655,14422.64794,2044644.193,47725.07569,40687.74147,10065.83138,15631.14776,1081335.48,2517464.472,48276.87553,271935.1856,10951288.01,53526.74573,3722.363934,83759.09358,63415.69083,4490.612816,5545.255128,476775.0778,40084.41562,52897.37413,38145.76566,20972.27234,120092.8399,168411.4065,430027.3673,1107724.236,73870.42633,1230.732236,28500.23219,1299105.352,16609.31415,12334.19654,20950.91232,14016.69526,18328.69086,64426.23555,12304.07283,132924.5291,131760.9153,18210.27866,2353698.435,15311.53989,1899.804815,1510225.846,137349.47,211797.2855,64136.3963,1129455.172,48464.75923,2120828.432,19406.67353,101674.5299,144948.4759,12355229.74,24528.93534,48872.07041,4811.194772,18233.22158,10814.57275,249337.7085,8872.785935,19218.4347,11152.27601,8655.302952,20495.42218,67825.76685,2698404.28,23658.47836,11705.17951,2616.809253,177149.5562,8277.207268,52444.60891,18901.17745,15801.71321,121026.301,37839.0441,1418362.031,1301184.641,29583.78012,27515.93931,94779.75003,62941.75273,19549.82536,3378.468838,1811222.154,8942.170842,10115.45519,2475101.857,89083.36449,3864.821259,403041.3515,200782.3962,101001.7587,1089512.923,125051.1898,5558.382448,1396.150992,152528.6391,10736.01971,4020.892084,125828.6847,174432.7047,10397.71043,88899.09834,3731960.501,8828.245979,510606.0537,9160.888932,6153.576836,204950.1123,6053.962567,1183.584439,137353.1856,82754.531,332331.3607,28940.36679,41120.09682,123944.8626,6602.144771,10668.42456,164297.0432,6514.049285,13405.1568,13356.33423,10888.83315,287362.3455,7895.956755,9696.439326,43279.157,18263.13601,48193.20959,9667.631293,310505.8712,18109.64915,28432.05562,1710.456993,26225.78347,1804.105925,12733.67909,84059.80492,2036.636216,12104.74977,49484.15887,1533.627111,1057.052454,294991.406,16629.40754,229856.2688,646576.228,316667.7204,4615.636387,27440.0015,8245520.616,8523844.39,12930.13699,192091.2409,217340.1908,831.7273532,2232.035346,2198.955748,2198.955748,3898.003612,1993.368381
QC4,neg,cells,QC,QC,QC,QC,128877.7604,145141.7585,1070582.219,7687.059358,156841.1677,116012.324,3712198.962,1014666.486,81804.77199,33557004.16,88023.60323,29697.37916,54646.156,1633163.992,18280.64483,95870.38619,1102924.947,1326711.307,130823.0564,305209.4158,91351.7164,208753.7714,,227862.7394,1583816.656,180459.6237,677917.1216,99001.33025,486253.1747,1464219.281,104458.34,71489.26472,6951603.402,7518.280324,13345686.67,430196.3264,109227.9115,160617.3598,817879.5702,1047708.806,1237764.29,71083.07134,51313.41069,26184.47557,13040.32609,1272932.75,8412500.982,15210.76245,2030425.317,45399.48826,39631.48396,9640.223675,15186.58059,1068361.655,2538440.298,49825.32545,270118.0779,10822580.09,55115.788,3886.20532,82789.22701,64461.77209,4696.850273,6496.623692,450520.5499,40771.45357,52090.086,38222.02011,19340.8481,113870.6859,179090.2533,419218.8309,1115517.444,74418.07219,1581.730221,25140.12491,1282622.871,16904.02805,10024.88037,21130.63528,12637.64077,15792.02469,61454.45323,12373.18026,131920.8284,130304.0639,18446.29965,2303776.586,14672.50629,1281.362914,1489632.217,135006.9641,204556.6791,65459.60221,1123863.617,43749.56841,2090865.005,17291.85562,94480.40377,140888.9655,12502762.96,20485.18568,49394.43692,4774.104713,16615.09437,16609.99401,227601.4871,9051.879294,18226.5955,10738.32864,8741.688201,19174.15074,70604.05296,2666375.591,25574.52174,10974.77963,3346.81568,176376.16,7201.073761,65156.44586,18030.25312,15105.08551,111775.5132,36982.56207,1417782.648,1318476.103,30969.2335,25159.19472,89855.76552,61099.37494,19153.73127,3682.798393,1808475.068,8704.04868,10055.56092,2518445.809,99852.42233,4005.585416,382843.5238,196721.114,100516.437,1120116.161,125212.1847,5393.433027,1197.704639,152414.2747,10557.79996,4149.757843,124217.89,163209.4285,10581.76285,82940.04879,3609150.701,5631.3685,494753.1232,9311.858347,6087.22728,200375.9801,5399.73591,999.1981931,127599.2935,77599.13672,336819.0768,29376.43084,36698.43947,117223.5244,6387.171441,9556.629318,162428.4873,6869.838339,13943.25529,12419.43668,9665.336448,274420.3043,7918.457518,11551.69321,42483.97291,18875.57007,46140.99002,10673.4681,296158.7409,18091.99976,27627.4139,2016.8292,26515.88607,1903.922994,13428.17324,83224.3197,1735.407968,12012.30516,46272.32761,1254.674242,488.918572,288072.4023,16880.53837,233186.1268,647418.1659,322451.0823,4071.129284,25966.51221,8493799.028,8532635.923,13356.05385,192343.6997,211454.9372,742.9986551,2320.868971,2520.095465,2520.095465,3615.469822,1680.916509
QC5,neg,cells,QC,QC,QC,QC,130286.2514,141208.4389,1087286.316,7058.108005,158337.2662,113427.6717,3785330.486,1039281.108,84976.11008,34607501.25,61162.90463,28421.43345,53311.52397,1633877.95,19115.87934,95483.21945,1095700.111,1342588.136,132788.9763,297577.1671,93503.31884,232368.8153,10559.99339,229171.8807,1621637.147,183169.3193,684426.4076,96525.89313,501812.7562,1464807.578,110116.4336,68339.92019,6971590.471,7478.898713,13448356.92,422713.7611,113395.7889,155851.4311,826328.7234,1036871.264,1229767.921,68207.26441,50374.05819,25917.36051,12330.359,1297091.966,8510211.455,16230.9453,2038348.491,49792.80442,40937.41863,9371.553647,14845.63408,1068178.501,2599751.941,51881.562,269469.0552,10787083.57,55955.35532,5636.519734,84208.41078,62840.03807,6124.938096,6118.10316,430926.9975,40251.58636,53450.14758,36030.17619,19248.40983,117038.3547,178140.5351,406532.0183,1122889.748,75409.72891,1433.841375,33041.92371,1290699.869,17521.01397,9071.001098,22765.56892,13737.82083,15619.264,60820.59238,11539.65696,135246.8852,130627.3194,18949.2384,2310124.933,16719.63676,2199.225971,1508423.591,136616.2496,199126.0065,66669.31772,1130172.022,44766.47697,2093372.241,14806.33991,98016.46322,144086.271,12648038.39,20420.53125,49407.69866,5067.051532,17368.3431,21890.98353,230673.092,9193.181721,17703.37087,11052.81399,9216.088914,19381.49773,75150.34978,2690126.388,22059.61028,10666.57215,3413.50149,181659.8247,7025.565426,60372.33916,17596.85081,15270.82574,106877.8821,35331.57236,1414333.615,1323373.2,29869.08568,22214.63166,85569.67592,60508.46621,18978.1892,3814.112899,1833681.634,8622.338444,10254.6691,2571675.669,97755.13038,4498.376199,377785.3205,199915.9868,100561.8422,1175713.256,122725.0982,5312.842908,1482.995273,156145.1063,11372.28499,3275.303428,119626.6188,157637.4832,12800.5659,82969.7717,3627550.489,3788.730919,488240.6374,9130.242496,5991.116867,200564.5592,5024.931364,1210.738125,127276.5158,77750.22815,337984.1129,29066.35777,35881.11451,113775.288,5648.814299,9017.187823,163344.8139,6882.87032,14908.46146,14188.2858,11272.87673,270459.4984,8299.488116,12165.93349,42063.67898,17350.45929,45532.8515,9168.838649,298518.3688,18560.07881,28422.57499,2230.901583,26212.64226,2261.594905,13323.28483,84119.16826,2051.216374,11782.96987,45712.61,1214.152847,934.0603189,289708.8626,18113.27762,241857.2097,659062.302,332224.8567,4797.736265,25879.69073,8552950.966,8609854.306,14638.41923,196266.6124,208790.5929,591.9029239,2438.865089,2089.832885,2089.832885,3511.981168,1357.5453
QC6,neg,cells,QC,QC,QC,QC,145043.4004,161398.035,1179863.541,7748.587379,181914.472,130733.4431,4190543.812,1186692.499,92845.65118,39008524.86,75116.48811,30271.70945,59951.54316,1902858.991,20935.13634,103652.6203,1205907.967,1563159.683,141009.9375,308522.2829,94611.49231,365813.5677,28602.90373,256026.4348,1869462.096,202691.2196,739112.8663,110727.5119,624378.9361,1601606.47,108465.6973,66941.06587,7373859.825,7922.15184,14373520.84,449065.5088,119630.2181,184075.5733,938707.5991,1125486.658,1322534.99,71281.89171,56081.5317,27605.05511,15658.97083,1452187.791,9557954.52,22778.00157,2242251.036,55555.26666,43396.75208,10730.6,16073.55915,1190179.583,2861352.022,52780.78849,292328.7783,13182591.82,63058.59317,4628.674215,87430.99096,70131.48393,5863.076669,7228.036141,401090.4,41715.47983,52907.07093,34597.89176,21963.96268,120366.1864,186329.3982,383675.429,1199307.945,76329.81118,1918.159409,35541.44387,1361165.803,21699.90691,4509.984922,25817.29098,14825.61869,15909.84797,70285.79353,12639.23918,146843.509,163914.4288,23048.76454,2718925.221,14829.01021,2945.585207,1714072.016,153363.1861,196640.4534,67480.974,1176597.975,47635.03637,2150211.694,9469.791577,106150.2129,162174.7786,14062259.43,13901.4333,53709.9031,5509.077947,17806.63984,57165.05827,247100.478,9833.828425,22989.1827,7121.68937,9999.364469,18924.85037,82198.44811,3236568.618,32286.04989,12823.01093,3695.241115,193787.1661,6944.457403,58702.18433,20466.92447,14824.34346,101708.6048,34530.7731,1412147.221,1443185.714,33410.77434,25184.41908,99097.28526,71260.01265,19278.48151,4990.959795,1901687.675,8159.523905,15957.82912,2758908.485,142712.6224,7880.132047,399056.8393,197989.8233,108869.1288,1313850.885,129345.7231,5922.383195,1421.070737,166546.689,10824.83719,5217.485361,118313.3837,151003.4714,24982.26668,79692.26822,4308572.167,5270.695544,533227.5408,10761.06508,7585.794165,237179.5317,4029.688593,995.1890978,123890.076,74573.65012,370538.2935,32983.93585,38897.31896,123451.4994,7063.5314,9082.785892,166127.8546,6727.770244,14349.43511,16972.99937,11409.74597,303751.5679,8506.978341,13113.16308,46755.89401,22163.81953,53953.01973,9853.470305,369281.2663,19917.34846,35462.6107,2415.241358,29663.54726,3029.361984,12643.12893,86478.34876,1660.029308,16003.15838,59949.80241,1551.704529,901.2114177,380609.3914,21293.2702,256718.6531,734276.6864,381482.3106,5578.093911,30050.36204,9325682.981,9391723.219,19988.97815,218790.4343,236036.1615,1057.320224,3259.871011,1971.459509,1971.459509,4247.400871,1626.767014
QC7,neg,cells,QC,QC,QC,QC,145088.1349,152943.2776,1239282.6,6924.026204,181998.0225,124412.518,4275360.613,1220583.727,94074.95418,39829075.32,117328.2685,31560.06081,59557.68653,1932833.573,19645.36665,100604.9271,1189880.282,1540327.54,142240.5123,302934.3032,90251.5375,273981.8953,32487.43954,256265.4332,1917668.242,203200.3359,746141.4435,111447.5197,603766.1246,1617449.295,93278.50609,56763.21261,7610243.759,8532.471048,14768092.42,449359.4427,115056.4375,184689.5858,956690.7676,1149620.716,1337251.247,71638.54546,56208.62316,29682.28679,10370.03508,1454023.54,9696756.237,31019.88335,2145969.835,53543.97871,44732.28081,9426.551154,16148.99273,1148981.21,2934477.926,54948.83744,281259.4151,12333409.31,64871.07528,5030.836642,89361.69351,70498.55975,5883.677461,5913.232118,392166.0395,40112.87388,50091.82355,37155.94784,21415.46891,117475.931,183330.6109,388761.4388,1225497.595,82590.39274,2226.097014,34169.63399,1367391.651,19918.0332,1765.798724,24176.1567,14936.47082,13602.678,65393.79947,11664.50971,157841.6063,162517.0066,22974.68395,2717319.686,16202.41619,3068.445369,1717876.624,150961.6601,179207.7056,67372.06612,1171855.021,46640.69851,2079067.019,7679.674059,107675.5264,162330.0748,13935316.94,15445.04408,53061.64509,5510.763257,18759.56165,42856.91156,233990.1741,9533.924701,23271.27308,5125.184304,9730.183268,17079.07125,87736.91555,3274446.907,19830.50796,12209.86153,4580.723205,194250.7478,6925.473898,60300.09732,19236.93992,14939.80148,99603.91181,36034.69284,1467554.28,1400452.283,32862.87176,22490.77359,93813.13904,74158.8225,20400.7863,5198.331195,1921363.668,9459.023651,18844.29166,2823538.406,123473.2684,9313.689328,396407.0768,190999.6085,109052.1326,1376243.912,125979.3251,5951.781475,1177.978131,170497.8505,10353.46113,6017.466057,114528.6693,152189.9514,29078.96184,78654.94058,4264016.768,4620.700423,533037.2647,10213.34544,7484.452452,231660.7317,6547.79218,843.1195493,121028.3911,76267.32462,380795.4156,32910.09184,34267.15846,111929.415,7155.900602,8956.231832,169216.1058,9273.546755,15216.05232,20386.0881,12559.61502,289706.9021,9061.274835,14856.52378,44148.2329,21861.6374,49541.95536,11188.69637,351081.1376,19429.56525,32451.52844,2209.103198,32262.94188,2298.797114,13335.39648,89954.46078,1888.212486,15355.84068,57359.13879,1351.188814,1614.807368,374435.7802,22620.38254,256312.9364,706954.0679,372162.2571,4820.970352,27621.25483,8665284.138,9503299.807,19418.179,211484.6008,230108.1748,813.3844152,3076.981457,2182.886271,2182.886271,4357.115734,1496.884235
QC8,neg,cells,QC,QC,QC,QC,155244.5482,147044.0652,1295138.503,7533.051421,174944.0006,128878.0311,4392563.953,1240284.003,97478.01682,41708432.43,88285.60754,33123.00212,59236.68694,1963944.736,20252.35694,104639.1891,1210140.974,1532529.449,154229.1581,301254.9565,86059.21973,256262.2299,33232.16097,262644.1704,1945875.381,179506.8424,777838.9953,113198.4912,610158.8393,1632115.055,100477.5262,52590.67521,7753784.984,9406.307987,14826960.65,458240.4959,116304.0671,180782.2568,966790.5586,1183271.766,1361040.229,72759.67117,59591.75564,29778.85067,16419.09062,1483312.621,9867567.229,36323.08851,2134371.319,45814.98326,45981.12477,10023.57888,16687.94874,1140525.429,2982912.072,59931.06682,278262.439,12419898.17,45598.33863,4703.67801,93041.92056,70731.14204,5168.181548,7061.966567,388985.6437,41186.5703,49512.24931,36594.47726,21939.02427,118891.211,184319.5637,381689.6974,1267303.605,96826.71397,2458.803725,38538.08758,1409233.411,21825.70459,1159.676907,25078.43541,17910.61849,12712.43503,66445.69716,11797.35383,160801.3682,158235.4042,24806.48104,2706327.88,15907.66969,2774.372689,1700696.788,151811.5945,176482.7894,67761.26214,1214036.212,42951.91854,2086214.521,5776.184793,104016.7912,162625.5294,14012182.75,20167.99358,53132.43101,6081.191487,13531.49469,41064.7307,254226.0135,9794.94903,23614.40952,3824.225753,11393.94169,17220.14574,87922.12258,3265131.195,30567.5983,11425.98057,4585.290767,208350.3196,7752.79554,57786.99689,22132.07733,15509.84267,99680.22685,37406.80861,1512840.937,1361676.763,33509.50119,22036.18916,90115.97788,74726.56906,18762.62925,5578.887987,1994976.592,10097.81061,22418.80237,2897497.269,120374.5914,11338.93427,397200.0098,205455.8091,110841.9022,1461805.539,122226.3396,4885.616744,1530.971062,174367.4966,10422.24001,5565.291396,119889.7545,155263.6182,30606.54501,82068.28318,4178290.471,4941.77046,501762.0454,10679.79088,6755.241959,232399.7829,8682.216685,1569.750677,125177.366,77058.49115,397794.4905,33924.65915,31981.40809,106467.4197,8236.15244,9040.651757,172199.7429,8792.170004,15897.07019,22750.9966,12624.11936,274485.6212,10160.73736,15150.43847,44075.22227,21402.67078,48237.81868,9979.446802,340688.2132,20120.03574,32903.41323,2018.300597,34279.57475,2651.347818,13742.70126,92929.0135,1975.523814,16810.90719,55899.611,1291.770045,889.7527132,377912.3221,22072.4849,259986.9892,764727.4201,441303.3417,5707.287442,30441.89234,9086237.071,9502440.924,20635.73378,209110.9899,247707.4377,655.6958769,3258.841606,1674.432423,1674.432423,4338.729552,1146.59717
Solv2,neg,cells,solv,solv,solv,solv,9618.333671,28593.11621,32904.2091,440.3192955,21137.59402,4867.552825,39763.43968,19193.26541,44398.39477,103051.4265,21715.82808,11088.06352,301.0622513,6374.292089,5222.887355,10998.89699,5540.207276,,169.3111382,17548.1659,380.0207423,3674.232827,,12319.7511,13079.18308,21809.33467,16417.77701,49249.09906,17739.11939,3142.686556,23627.51067,,,1113.534761,26217.56089,5304.108675,5322.001511,4321.259635,16065.94674,6463.552098,3097.427825,28838.99453,3964.264619,5181.783609,7190.631068,142254.203,22627.43881,802.976605,56971.39805,9362.662926,7640.007395,,9102.776652,369.018628,146545.1286,17895.93064,6214.536035,24921.03775,16543.3,1530.107085,336.4439878,1471.740988,169.8122002,73.70424332,2215.790562,910.8230338,78.89397608,3291.086368,,27780.27742,1238.729772,398.3799068,21558.38275,4836.253518,110.6105625,73.68695136,1312.367801,6885.21481,,81.22491192,75.101,,,,,,1939.621189,28346.18587,7391.444572,237.997883,10821.99258,1573.695689,1819.388553,1996.829916,1347.60266,1080.379093,2266.310726,,10692.03879,3653.953657,17600.03314,,419.4913625,1265.721895,4208.304179,,8339.498279,428.8949294,40.06698439,,7726.922513,,1744.885179,,1329.522577,,240.6441446,,1592.551316,,3749.04635,591.9503743,653.2520304,6380.035804,81815.1724,1283.408422,5558.959541,,,,481.9400627,,3189.471968,747.7031169,402.2991496,109.1566867,1523.622821,156.0302109,4403.353696,639.8282666,231.5448345,73792.26167,2530.694263,81.25376401,95.72592667,6091.647811,3786.840773,1276.736804,19274.56116,3124.689501,3034.127258,,1146.065254,,74.76151631,396.9375366,,2312.077458,663.8912205,,5575.633209,1260.822277,1764.223084,1384.474687,986.9524254,,649.4437112,,4653.732975,2196.550497,,78.6441973,,143.4002198,,,836.1442869,,82.61060162,227.4669026,,144.7445251,,,790.2380712,,,,74.50604097,,,,,,,156.4970961,1046.474389,75.86378434,,77.82921521,,,,229.7926021,,,,,,,
Solv3,neg,cells,solv,solv,solv,solv,4521.795422,22697.83395,35998.42875,148.306263,22715.99064,5873.634438,56115.69035,18090.51851,40409.93832,108365.466,22474.32464,12628.0073,116.2625624,7729.318996,6504.234672,16782.80971,6920.870851,313.0078351,71.60538667,18288.68134,1193.05774,6281.482106,,17891.81919,13052.31487,29118.81403,17563.10398,11830.69239,25367.15651,5257.825983,24394.17902,90.58213361,76.52291894,1210.145014,32577.27217,3801.279573,7684.146277,6238.591415,20896.54539,5403.879423,3602.523955,28392.08064,5082.171989,6085.228365,7465.082966,192827.0121,32318.12779,2735.068009,27962.58584,12928.92691,12295.2081,,10622.89907,472.1677309,206563.1817,18153.62616,10870.16257,30045.3102,19303.0155,505.3183577,347.2294024,4155.685495,180.1533379,,3796.031283,2058.933454,263.8845641,6181.583962,,25660.0623,2091.819757,832.7028853,26632.80267,5712.570376,,323.8691304,1728.330167,7032.936504,,887.6027425,,85.92908311,,,,,1270.98854,41194.64454,8627.559328,,22121.28436,2701.367478,3649.491043,3337.492538,2092.024952,1321.284601,3659.865977,,14267.89362,2986.848989,24322.66517,390.5829152,1790.576039,2314.587977,4426.834821,,16070.43299,355.8895468,328.0855995,,8203.932919,,2176.70301,72.7098125,2695.814357,,234.750907,,1289.44597,,6151.979327,1294.630229,988.4428757,6433.692204,89968.70372,1010.843759,7778.151208,,,,693.9735724,,2505.860465,758.975412,304.4523901,,3768.813229,82.95853906,5968.104145,1157.814486,79.56286567,116192.2578,3845.504493,491.5234916,,7988.47255,3099.523156,1460.743187,14291.44577,2488.006828,3928.414708,72.42350724,1567.984512,,227.4516514,1006.419299,,3889.217505,1469.488712,,4632.222778,723.5618082,2175.166654,2650.820561,457.0405052,,700.7551548,,6008.028371,4202.942888,,230.6993642,74.46495974,79.27865424,162.4173589,,1183.361672,,,690.4665836,,71.92410991,,,1176.937891,,,,,,,,,,,76.15978242,934.9893585,,,88.15586061,,,,465.7223212,,,,,,,
Solv4,neg,cells,solv,solv,solv,solv,5429.529331,,55422.34583,76.26584238,23408.98321,8920.129208,69421.51216,63669.83064,53082.3225,217457.8673,40345.6666,13453.55983,,16260.47856,9246.272284,22065.1727,11113.49661,6152.272771,832.6076066,33500.64836,11988.59372,35707.35564,1443.735762,28489.05628,28177.68819,32543.61527,24063.18498,403.6772682,27726.47036,13337.98423,25654.00005,555.5138884,6606.612586,1231.851321,72516.86312,9716.623679,8157.134135,8101.730912,34437.29833,16731.35354,9950.789812,26367.42549,12242.02142,12424.2887,5161.95746,233319.8065,205117.2873,9851.276949,65636.41923,22357.72526,21514.63194,,17531.75813,,82413.59975,9274.579543,13654.44116,66052.91297,27433.51684,1078.546868,1624.202807,16006.62191,589.7558468,353.4320865,9194.85579,14089.74594,9712.191567,10486.41435,,39257.90728,5162.287909,980.7902255,12460.7068,9080.699786,,2974.296306,3484.165144,9234.089509,,12563.19218,1225.020577,,,,,,421.8620417,54143.67186,2615.358021,144.1966074,32636.91473,11216.92948,9165.244657,12460.21147,5164.951721,3025.446706,10663.21364,,16222.09796,9308.108222,216982.6756,601.6254682,5706.300263,7235.536527,7590.873517,,13799.60666,2027.508918,946.637569,,5985.446986,,5371.682419,869.7279239,7665.922983,,5296.070575,3055.905798,4330.315584,,11448.03519,2823.95457,2528.529472,12019.5167,300002.1646,3063.625017,7553.140793,,,,3514.45024,37.65511061,1825.814724,8898.115149,1582.52458,,11737.63295,1223.07408,8218.747343,1374.21265,208.4957243,491295.5841,3890.898317,262.7389263,,,,154.4262215,50535.19121,5628.051884,6784.928698,589.0185054,301692.5501,850.5092086,211.4367523,10632.77386,,10146.82353,3993.820348,1637.983635,6843.402265,3734.352428,8488.257731,5352.961655,,277.1862165,2726.096891,,9312.722755,6866.91177,241.3911533,5264.164994,330.4740459,1144.280377,585.6970508,1444.606176,1306.931648,,49.37217936,4532.281726,9668.386925,234.7969552,,,3611.719522,,,,148.2164522,,,,,16829.37839,,1875.581864,2585.837378,791.6427024,,,11866.25266,9902.356221,,5567.784538,86.34607066,,,,,,
T1_P1_C1,neg,cells,sample,cntrl,p1,t1,144384.7455,147381.7202,1119567.282,5823.722383,100621.4466,224578.2797,4251148.293,1254641.909,82614.06367,38353838.61,76652.77531,30099.84792,67082.71949,1896973.232,23568.45159,103119.8968,1495256.574,1424410.489,145944.598,303787.7739,113962.009,170834.653,22051.39666,275537.4732,1731919.615,206063.7685,839656.3025,89326.02609,665268.6653,1762351.898,155916.9871,157157.7915,7809512.587,8471.061061,15127169.73,832535.5393,117856.9367,191055.5957,988987.4271,1297962.254,1585973.833,73978.4569,59945.2506,33801.30394,14761.31508,1271560.427,9028592.302,17371.76163,2034480.652,58189.44252,36275.42676,10481.67246,17540.87371,1257414.417,3081254.876,59757.56817,277930.5793,12826932.76,58196.55691,4735.191326,119320.7977,76035.92744,5812.734511,9735.193939,560904.3078,37440.15624,53892.72238,39846.1044,27187.13514,116829.1973,158846.6986,394828.2708,1059449.02,72422.49012,1747.82903,17846.31435,1586354.732,14494.57993,1097.626604,21534.2872,17941.27898,14480.76413,71775.44988,14939.29139,145081.7739,146728.2377,26445.20733,2669282.182,17119.69214,446.65663,1619395.847,168727.8859,399422.1655,58651.30393,1317859.636,51836.13678,2227600.333,6279.869407,125466.6616,163324.087,13856050.31,19077.82626,67175.16013,7632.546955,16985.36355,9342.987852,284836.5144,9389.582386,19591.31765,3279.649996,10495.98606,25368.34261,10658.46306,3415749.045,35374.24862,14425.18511,4973.099224,209947.8153,11541.80725,58556.94723,24538.70163,21910.6972,162246.1853,71847.90183,1740120.282,1515250.82,37320.70706,32475.72705,133463.1432,85466.33541,24270.30995,4512.520296,2494407.304,16431.28197,13266.91924,3594567.858,120690.6579,4966.800445,857322.5563,273014.4945,73354.08558,1275138.246,107635.3533,6012.465342,1504.754936,160762.3132,14370.0505,5380.453921,153001.6826,463176.0023,25908.8653,198887.9933,4415936.532,15618.48559,611619.6604,15994.30814,9853.494026,327065.7462,7256.432634,1929.028728,327558.3247,179737.9474,361977.9303,36428.89481,28385.52545,174951.6816,8250.404731,15621.03759,305370.823,10579.35574,12271.07737,12068.15435,6615.008499,207729.7518,8399.948156,6653.758673,54993.73763,19062.0212,61097.67422,9347.674675,376828.146,13121.43753,36591.31693,1866.982366,40780.66417,2088.97476,23133.12214,131094.4381,1951.951007,11594.47268,53758.32582,4063.104621,1171.322228,318264.6443,20091.0197,223086.5263,765830.8676,250768.7271,4669.269669,31468.32049,8346256.713,8567612.53,10846.01934,216969.2655,153997.092,441.2370483,2722.300955,4920.758855,4920.758855,4834.387915,1974.397473
T1_P1_C2,neg,cells,sample,cntrl,p1,t1,134642.0134,183044.024,1239358.961,8029.939041,150823.6848,186830.9661,4556179.849,1392466.448,91097.19032,36210149.39,107994.7078,30872.22669,76095.02034,2135963.123,21124.67748,112840.9122,1608043.897,1904560.832,152319.8413,296585.7162,97195.37566,173628.7003,24852.84249,288131.67,1963524.601,230645.4223,859460.4032,103437.4944,685987.5545,1882122.853,95669.86852,48374.47814,8119195.797,7659.510379,16890635.96,709663.3498,141215.0086,210128.8933,1085210.809,1397073.858,1650144.255,72580.54198,56747.99433,36477.14685,14667.28211,1460738.884,10023744.69,17736.60277,2514275.875,50943.82469,53224.20216,14690.49569,20249.00793,1288065.115,2931160.726,59815.45865,365497.1479,14376976.7,42520.16727,5399.48624,110073.6932,72063.48963,6984.041114,8045.979612,529842.673,44361.61064,51804.42143,39009.80127,28179.07933,119191.0593,162121.8436,434416.988,1423514.755,82811.43917,1438.503664,27007.67132,1676479.721,15573.86683,15732.32846,21001.26488,19255.75529,31031.86616,83124.61116,15916.68723,159623.3192,168223.69,24270.85874,3065566.257,16447.95548,1367.192919,1819130.94,167465.7731,166991.9274,60363.98894,1407649.448,62140.71457,2406357.431,25919.85949,132232.1232,173342.2239,14630623.11,20208.93179,56236.16086,8144.033839,22675.77738,4914.226855,296662.9771,12723.72951,21064.27972,6232.80068,10757.79424,24022.83978,12123.84233,3838610.291,32199.48894,15587.27904,4311.773711,217106.1225,11908.58041,61425.02186,26993.7608,15430.52805,111625.7235,51841.99334,1837723.36,1588242.56,35414.17813,42212.97469,150483.3583,78526.87079,20286.17796,5017.32839,1976582.269,12996.85865,27344.59932,2611987.414,85403.34901,6611.914336,582675.2099,214363.8773,132230.818,1388416.289,115436.9251,6407.81309,1860.618549,186844.0333,13913.98516,5550.48638,159579.8706,266269.3422,10489.79825,134250.9274,6080183.278,9871.745194,626842.9719,12027.17514,7189.733779,243979.8506,9081.027385,1803.472884,220723.663,130329.1123,377760.2985,38172.77993,84160.54168,146688.1422,7425.278007,11126.63769,242459.9228,9169.219885,9740.372964,14526.40892,10079.4764,457355.8279,9369.947197,9825.595033,40342.98235,27005.45842,67692.31727,11475.08288,448129.0432,10501.70774,40137.6237,1372.700533,34851.25598,1233.988401,18270.7913,102166.0197,1611.950967,18575.04956,71174.97412,1662.157388,2180.518324,447483.2442,25367.13787,259478.4992,906084.5332,370828.5467,6404.492779,34852.10402,10214968.09,9198345.949,14969.33716,211137.0231,339950.0648,1800.453809,4664.652339,2765.032883,2765.032883,5309.625573,1443.141505
T1_P1_C3,neg,cells,sample,cntrl,p1,t1,97396.38549,172849.6303,1207693.174,7063.154599,167809.1527,155351.5285,4371075.315,1291648.32,102285.2541,23960177.18,68994.23759,31118.67123,58651.31851,1997977.86,13793.59418,99949.57187,1628689.924,1786929.026,155636.323,306125.8161,72210.76847,158622.7177,22970.11769,278903.4543,1822914.654,197865.8781,829144.7993,102710.3886,554378.8438,1905556.665,99128.4962,75081.61542,7772374.97,9423.838808,14156289.7,418374.2995,117467.8251,197062.4271,1030160.381,1334522.108,1571383.144,70844.45,60043.84918,29497.1769,15860.71338,1652795.522,9256372.68,34738.41967,2336975.004,58244.00821,42407.71332,16822.97423,22307.14659,839833.9547,3393162.309,53828.81805,283634.4587,13756930.74,42457.0082,4537.339225,119638.6004,68437.48748,5819.066689,9815.912473,420416.8606,40968.36811,65266.69873,36860.06674,25234.33716,119009.5176,142914.8988,405026.1732,1129049.086,81859.61932,1911.865223,26155.89693,1669938.058,16417.85264,9759.715571,22711.48344,20558.30622,24628.0334,65621.88055,13870.24603,151124.916,132256.8151,26495.57467,2899658.212,13062.95004,2125.319378,1478636.43,147807.8667,167942.7459,52937.61384,1428308.233,56402.16243,2080319.945,15035.3855,117579.5188,169639.7396,13799981.22,20829.43118,55199.57212,8567.71517,25563.90735,7225.317909,281366.6207,14835.0403,16330.53503,4220.247898,12945.00366,18669.99507,10882.82523,3453406.813,24635.62954,13891.14047,5703.461963,220181.071,13064.74367,56744.62344,29162.12466,18249.24672,114357.8602,54403.24564,1826620.443,1357805.54,31460.65251,34337.5318,127931.0476,84041.50316,18745.15798,5510.975345,2227630.222,14399.5915,23153.53375,2935905.689,90252.4443,9024.201185,625106.7936,220725.1751,153316.7342,1442992.759,89817.22301,5933.82365,1833.829289,184192.3377,14729.81574,5931.121452,156849.0301,311795.3109,17722.7866,137370.3184,5315622.058,10255.29055,528960.4947,14670.09496,9026.568115,265059.2459,8114.696066,2323.734844,239229.3195,144673.6086,371348.3995,39128.62587,55905.07267,134151.7301,8462.539745,11825.38915,252551.3057,11562.61279,26393.22595,24056.41811,7561.516366,519736.1816,9278.134421,13045.73922,45056.12999,22250.8471,53474.26546,12789.89697,364970.4687,20337.16824,33815.14366,1155.447656,44391.90391,1839.67545,19725.11311,123359.4689,2121.219681,15397.02897,54218.58047,1972.328741,1004.712722,350512.2852,20842.44514,244084.2126,841705.1839,249644.4347,4789.729289,27243.8335,9279449.69,9321486.749,11972.65413,188437.1482,251773.1118,891.2525153,3827.148591,4132.769063,4132.769063,5034.952879,1652.008667
T1_P1_FA1,neg,cells,sample,fa,p1,t1,184872.7743,196849.9594,1304215.246,8969.638569,158089.2764,106797.6507,4535589.068,1265792.695,90619.73134,48797692.18,91689.70285,36665.15326,68306.73703,2048213.433,29454.10844,121940.2211,1139376.614,1646407.399,150701.2361,301762.4774,115677.2304,205133.2559,22298.45428,285902.7996,1802712.438,214967.8233,782774.1014,116221.4735,773530.1608,1790839.999,126612.2191,14744.78028,8151218.351,7124.18144,14946104.63,702455.0398,133156.9124,204270.7912,996939.6753,1219837.959,1431478.784,73297.30578,53980.19998,34994.08818,14839.5365,1489411.042,9490293.898,14513.58434,2387144.048,66205.03472,40950.36841,15782.2541,18494.88643,1477505.921,2431783.903,46460.69242,331694.1665,13799258.45,60143.88473,6558.284148,87303.52978,73186.33931,7137.643302,7157.069652,588820.0758,49800.39704,43759.44303,47332.02466,25351.3215,108316.311,188061.7594,476780.2586,1780419.09,59279.47635,1883.935716,40075.58214,1502655.569,20542.3833,28915.83921,20475.95672,18576.24522,30373.92363,78601.35727,14879.78194,157023.807,168772.994,23200.22984,2940426.808,18443.2914,6156.305856,1717259.327,177912.4768,298368.85,69702.46976,1260037.646,48286.449,2733818.629,40438.86571,124520.6761,160955.7455,14265854.03,26128.05792,47471.87599,7583.008469,15947.67093,3878.083135,291696.203,11183.02021,29334.91277,23086.44785,11792.84174,26928.37749,560953.3021,3260669.702,25363.31004,12810.13611,3543.850057,197780.1105,10672.33741,75633.29539,23991.08749,15555.76439,121838.0715,37121.37709,1929913.756,1567693.566,35375.03944,40688.42675,134852.4322,75863.59609,22082.42006,5172.123521,1685172.047,10347.40828,11806.2116,1810152.67,62559.96675,3647.678903,436351.3867,206156.9811,88255.07894,1506373.512,167860.6039,8127.474033,2073.569107,192475.2008,14356.39729,5662.909852,161721.2665,173678.9995,18592.17087,94070.00401,5435212.663,7760.139349,635473.1228,10404.86637,7446.939429,237447.145,7595.542983,1866.619508,152513.6886,96803.95986,381323.1762,34155.54167,72860.69429,146758.1179,6078.727845,11747.17149,170889.681,10275.0381,14230.00982,15737.78946,46486.35259,279680.7489,9688.200668,13128.28335,40970.22739,27053.32206,70248.13951,9262.857304,454785.547,47074.45501,43163.85523,3052.048787,31215.68814,2834.7874,14639.29417,105213.4543,1625.345016,19769.87215,77281.93642,1652.643131,2039.662982,486264.2149,29466.44749,279635.2549,879834.4997,440408.3419,6847.486173,37515.42276,10230429.12,9972933.133,19579.06801,220925.241,425168.8474,2115.71661,3826.268281,2050.320858,2050.320858,5278.515052,4005.427874
T1_P1_FA2,neg,cells,sample,fa,p1,t1,83667.07453,187221.0059,1411219.536,9065.247336,104649.2422,183807.6676,4934999.762,1454990.632,103196.5268,26972681.29,90979.53535,31519.09685,85328.0147,2240419.599,18829.73294,105738.0238,1231078.188,2113923.486,161665.3834,292016.7735,87010.77233,183871.1878,16592.13333,314020.8692,2100480.972,249919.8354,883462.3446,97001.15343,876516.5677,1941480.998,101028.2559,132359.3136,8321248.179,9258.44514,15452821.09,596084.5341,157526.1731,230526.1497,1137518.939,1373377.642,1597791.929,78448.35037,62889.72181,38737.2227,16050.2617,1708740.143,10624440.94,27633.6339,2730253.591,51046.56804,40437.68257,14265.50463,21736.45655,1435579.594,3447402.485,57501.27802,478086.7605,14691429.1,67691.08098,5887.016776,113650.0273,77880.15443,4174.41047,9691.725976,463390.041,39600.4799,72276.26722,34167.55527,31313.97303,101732.5083,104245.5627,391538.9647,1203738.946,109567.4814,2612.874343,23996.26034,1610032.039,18555.61459,6565.069106,23608.95024,20076.3252,17969.95105,98604.7945,19226.25744,159964.5218,198899.2025,29018.59293,3402016.869,19312.16826,337.7389273,1929459.212,178240.3349,126344.3523,78269.77577,1428814.452,70563.55077,2120811.75,13431.15691,144448.4739,188649.3184,15280909.93,18078.365,84902.60009,7312.334329,18235.32453,7653.493446,288791.7617,13496.3092,23249.22183,9303.386952,10700.86605,28583.45853,11548.55168,4256085.437,32512.10254,15587.77447,4539.716417,206399.054,8624.706396,,24865.75515,18330.52679,154308.0659,49867.54373,1787878.007,1633724.412,37706.02634,37068.47541,133204.9861,97461.18481,20167.33598,5970.693258,3014610.134,11259.94616,13561.78427,2995699.41,77093.6657,10425.14623,527112.0899,252190.574,212390.2672,1390385.931,99782.47117,5588.984209,2392.915122,187024.7188,14001.05847,7296.972745,150116.2991,246210.054,7122.072898,118025.0715,5838199.61,8292.945338,625970.9627,11401.96089,11675.46769,346299.5783,6172.203978,1756.94103,191473.7668,110268.3383,415315.1532,36692.81303,41023.31786,215548.2283,8742.968127,17597.73272,228532.6409,8144.381067,20918.58069,18336.53266,8347.233879,329997.1778,10277.28971,15057.99335,51767.18936,30402.92941,87189.34086,9361.522176,515446.0521,22572.20802,47913.24653,4614.544555,27854.4047,5648.84047,17202.80702,109581.6619,1601.207547,18824.02188,78076.18614,2899.551592,1846.037029,445062.8986,26884.64568,268930.3758,1001561.652,506773.1365,7644.306427,39303.9696,11119518.56,9819182.941,13902.05723,252657.3264,225750.7309,881.588198,3883.578248,4186.99231,4186.99231,5977.972454,2170.130305
T1_P1_FA3,neg,cells,sample,fa,p1,t1,114818.1776,167662.5475,1317003.424,7225.4389,161227.2597,62619.1199,4410343.249,1191992.814,90514.67094,30327453.17,105030.7322,30249.45113,58602.64823,1841726.492,15587.01436,100505.5588,1048075.151,1695209.783,154951.2289,273662.4398,90221.0254,164180.6765,21078.22132,296109.8233,1821108.775,192431.8469,765296.8947,111696.9501,574810.3612,1656683.817,94669.04786,23438.89752,7611781.592,9278.102967,14453223.87,417570.6831,117977.2581,184437.5612,950921.8223,1214654.866,1396963.938,72157.83392,58315.3346,31858.26199,15214.73163,1551056.233,9256770.349,29622.48936,2240012.294,71902.29229,40564.46156,10639.22814,19889.36977,1023166.854,3375808.211,60543.65537,354789.6405,12301318.49,61938.40442,4360.093189,114796.9066,64681.86312,6343.01608,8441.138287,416396.6771,43633.10017,59206.10755,34069.95371,22933.15461,101279.4046,142720.5834,435076.4498,1263868.011,85838.79725,1758.080056,47925.29547,1519710.137,16348.31493,22461.85334,18037.98427,18444.37101,14951.38618,63820.94383,12450.35796,148539.1169,140874.5459,21494.30738,2701827.373,18496.86072,1629.540035,1628542.478,151943.3994,122468.7475,53569.96172,1286204.12,58302.76568,2079454.504,26972.32902,113842.1406,156832.4908,14035240.96,20787.12458,56228.34826,9048.885189,26268.49683,3427.865963,270703.2246,13557.55257,21501.48354,16117.39472,13372.42402,19841.98812,13325.51919,3278909.571,28852.91864,11598.9458,6051.297413,206951.0323,13864.68075,58717.07325,31251.89134,16981.51208,96212.25895,45016.61924,1946660.809,1451255.783,32858.70849,21354.40952,82306.39674,81775.01082,19333.34987,4694.384552,1970773.313,12045.41762,22834.72953,2166169.054,72327.45698,8821.950727,508507.7193,212123.2694,165438.6357,1524381.563,115605.8773,6740.454787,1525.074066,196004.5819,13840.76733,3977.114628,164278.575,217643.5743,11293.52173,108357.7614,4737571.133,8752.718373,516660.4198,12312.80289,5892.416549,187747.8283,7993.54403,2316.25111,182714.5908,110044.2059,402813.3606,40609.7579,29987.13291,108056.8721,7482.620793,8810.024605,203572.49,12150.23573,18440.10689,21455.7734,8324.852476,335880.0584,9510.898881,16515.12134,37101.89158,20569.63011,47681.62712,10053.5792,341650.3187,21427.43452,27997.62774,3265.773679,40375.63989,3628.721007,17064.44944,135085.7764,1749.153935,14658.13687,51533.63129,430.442131,573.0478811,345483.8456,17335.48685,257905.3518,707617.841,282845.1013,5033.913339,26283.1306,9465114.525,9417885.411,10158.70536,197498.3042,251049.3087,1104.48697,3477.627962,5486.942642,5486.942642,4902.207635,84.93512941
T1_P2_C1,neg,cells,sample,cntrl,p2,t1,121623.2835,226835.8117,1229985.271,9725.272926,171082.7451,39377.42571,4918520.812,1381497.053,111166.5947,34049334.6,79594.72247,33531.47152,75288.58622,2142586.32,19687.37616,115904.4302,1785743.357,2208754.777,156255.8291,298334.0972,101305.6648,226126.2022,35489.87195,290441.657,1905272.681,218125.5423,847698.0287,120809.8836,602538.6658,2079234.401,88055.47077,66290.36561,8372515.454,9478.888048,16191470.73,550452.7453,141054.7917,212073.674,1070335.614,1357365.905,1559870.495,73564.74303,59487.76399,36010.2655,13176.15146,2086440.876,9672274.939,17502.01625,2576751.696,73346.52723,41243.98343,15705.53875,26478.62472,1130667.881,3714761.584,47383.90716,329433.7492,14313877.23,39076.01126,6551.634251,126749.8421,65793.80999,6065.171909,9320.139481,459977.1519,50048.42417,63789.20671,38125.65247,28781.12011,101958.4051,241384.6923,456927.0123,1468942.155,107311.6971,2937.865126,49946.03383,1775373.54,22391.25708,24401.50443,23885.89556,19556.96041,11757.97755,87801.66018,14643.41199,151836.8823,187933.2489,19777.37236,3209162.514,17009.65563,2681.22299,1881468.909,167268.8187,134573.6435,53763.46918,1474316.385,56063.06954,2526864.166,28631.97549,139440.8335,168324.6261,14848167.94,22199.81724,61980.70664,11612.34248,27999.70741,5745.574845,312620.4041,15931.61709,38980.17287,23284.09501,14215.31152,26225.10052,50962.8334,3527415.663,35594.60578,19509.51957,6095.688947,205956.3765,15571.4289,74067.11855,32628.58199,21286.24074,159705.0083,51299.81044,2507295.711,1612243.772,37427.64113,14980.31555,60915.07987,114912.6339,28084.71312,5430.988232,2458025.942,14183.03861,13042.72522,1818876.193,86415.17705,9287.001065,648456.5404,280007.7001,95672.27552,1870306.206,135286.5446,7490.795791,2051.96106,209246.2838,19551.90367,5962.175527,204540.1218,264573.4071,5735.39465,133766.293,5738258.613,8552.276755,604010.6468,12563.30116,8438.673956,281681.0709,10580.96392,2653.021253,222373.5807,137313.9492,395486.8734,42834.10864,13555.51044,155648.1241,7789.693682,11249.55003,202525.118,15080.07225,15199.71151,17462.84532,11534.79949,120848.8803,9547.576161,16767.52713,43417.3423,29253.00661,75073.76358,10871.90938,470861.0711,18703.87701,39561.9255,1527.567941,31931.78864,1104.401981,20291.5172,137342.5528,1594.67141,19561.7498,79550.49942,1256.263468,2015.193561,463540.1254,24663.07016,289833.444,944037.3681,372554.1583,6104.512751,29202.11793,10836163.43,9727171.641,14040.69494,255489.1708,185019.0629,785.3078408,3467.483606,3552.840488,3552.840488,5535.034666,2701.535569
T1_P2_C2,neg,cells,sample,cntrl,p2,t1,96482.52083,244639.4333,1307952.191,10424.60315,140899.8121,41199.27469,5171336.203,1503451.39,98708.32301,26596642.63,98094.12142,34681.13248,95281.95783,2263838.099,16711.8268,119311.3721,1669355.865,2540885.231,164897.049,365293.553,99186.37932,220000.5225,23495.89875,335330.0375,2065079.134,248963.5552,864409.9525,123394.8603,673282.4276,1958487.634,96084.08914,116987.078,8747612.406,10993.70745,17246806.34,533007.111,164264.1436,228516.5486,1151045.639,1295872.952,1485869.946,82457.62758,62702.66757,42951.53918,15070.22734,2386037.018,10583557.27,34264.20178,3046076.423,53976.09487,44224.42398,13335.27072,23331.14905,1141413.893,4084795.213,55191.42527,452932.8172,15381912.28,69103.91073,5433.996599,99800.29469,74741.0705,6879.910807,7485.860889,444172.0427,47485.13611,71381.32425,33850.79143,32064.75508,145649.9049,166927.9535,489985.7644,1235488.311,114048.0463,4241.169991,55679.2129,1775935.064,18934.76946,6823.706768,23103.51044,19763.24692,5857.809788,126481.2007,17691.03281,181285.9697,243266.1759,26935.12832,3384959.516,18374.80832,1867.140503,2162248.036,177852.3462,109527.9719,74112.39902,1487693.54,75730.2935,2585147.946,9838.255763,158931.5178,178025.4829,16271233.72,15538.77785,66785.98338,9082.835367,25293.34517,9787.55973,318089.5973,15416.02006,51642.1499,29355.17095,12686.38959,28222.5737,38992.95058,4306808.887,36968.46038,21183.09068,5228.270837,191803.8308,12023.15035,70307.06892,29523.58537,22831.20007,149424.4089,49679.41319,2053017.088,1901282.343,40677.27059,9396.13077,47353.8776,117214.3049,23149.13945,7003.887061,2822246.205,12439.32375,17183.50166,2361918.183,78520.3822,12355.33318,559637.7174,284800.0182,179391.3221,1582485.754,148109.302,6398.145987,2826.906646,205300.2683,15379.72768,6414.48916,170547.5108,233371.4717,9273.07801,124360.4848,5904016.345,9034.2323,683275.004,12035.09961,11275.57124,315297.3464,8005.372265,2077.746671,197337.4066,113985.7126,449646.2713,41515.61205,7447.49284,197484.9719,8868.298527,14279.96571,215275.5924,11017.45561,12775.46784,16760.71705,8548.162687,140167.8943,11433.1327,12181.70458,42851.646,37371.43168,83075.86255,11128.19048,571739.8699,14828.05177,47933.7622,2205.423318,32985.19356,1183.559465,17445.54016,108013.968,1585.416636,24838.05811,87266.23121,2211.196035,2678.225127,554783.6447,30900.91731,298885.4208,946332.2837,501109.3967,8194.456542,31787.66104,11878871.72,8297488.697,13213.88469,273674.5166,257873.1231,1377.776474,3961.575154,4060.394758,4060.394758,5585.128147,1679.246284
T1_P2_C3,neg,cells,sample,cntrl,p2,t1,106006.6202,178926.2185,1128212.66,9365.851593,160403.8475,36814.4285,4271837.995,1127528.96,97086.24925,29140054.62,75277.85515,30001.08499,55972.54767,1749445.614,24541.95953,112122.5402,1315149.512,1717362.966,139134.374,515798.1729,75802.08888,161929.2787,16469.43486,270943.4731,1675730.531,188892.9529,681627.4446,123382.7956,408792.7782,1585405.624,73981.16757,56433.05644,7728513.21,10324.95461,14956748.21,291847.89,116351.6691,172068.2277,884341.0197,1055140.96,1163370.25,73768.86884,52749.17663,34782.4848,16115.8764,2076676.272,8523604.64,35793.83107,2367090.628,62218.78173,43401.22465,9366.41588,21682.84488,780272.168,3381419.414,55234.16401,298426.0887,11638473.86,47526.3577,3094.761427,68332.04991,63119.48292,6723.008333,6542.795303,382296.79,54699.95129,67889.23997,32743.39014,19658.73762,245382.8257,146404.9915,395152.875,1302431.347,88501.33634,4486.960881,134302.9975,1476261.313,30380.02204,10139.48273,20305.85721,15623.03044,2770.439985,71018.00195,7513.706255,165431.1328,174343.3026,18512.31316,2542363.042,14229.53061,4822.132033,1741509.026,142003.1642,83036.48921,57328.49393,1273163.732,61561.24283,2543688.917,14715.47282,114373.472,151854.6416,14822558.21,32116.50753,35782.11678,8871.333157,18732.65134,7673.942845,271962.8927,12807.71397,36312.87334,24979.86041,12937.20498,18060.28928,59115.51293,3125080.585,24289.72324,13432.54982,5995.064366,186198.1947,12582.9657,76154.90485,28586.18228,15661.02361,100932.8604,36050.98981,2069384.71,1557867.176,36234.02484,4000.156622,25152.11603,66700.00022,20154.62864,5005.581626,1632941.556,11381.1348,16730.14003,1977744.324,58389.32496,13815.59562,435156.6412,192612.5586,111288.0191,1760925.065,159030.7126,6113.491712,1242.112691,206963.8817,15460.39136,5230.220421,167964.8001,166577.3244,13047.21324,85393.15868,4549601.432,6879.050836,533213.3206,11278.69833,5554.086333,158252.5083,8640.377011,2285.303655,146284.6426,93588.60379,437180.9047,39748.80617,4086.152521,87606.68081,8774.459727,7450.649267,158722.8997,16784.79773,22534.37532,24362.79244,8553.209765,180615.0336,13820.7672,18561.43038,33505.48859,21767.26832,38739.15429,10878.48605,341675.3189,10070.59736,32585.19961,714.2137985,45405.38172,866.9722443,15637.28499,128564.2952,1243.877933,16201.89288,51378.14538,,830.9627563,407230.8553,22982.18554,285312.5954,633086.0864,276035.1523,5558.936678,17677.13041,9461044.493,10167969.31,10783.13736,228435.038,162916.7744,1724.679231,4211.977942,3814.003876,3814.003876,3788.36693,1930.427074
T1_P2_FA1,neg,cells,sample,fa,p2,t1,206574.7624,209346.0108,1319623.253,8304.981526,147020.0532,172753.3534,5123253.37,1335182.558,102173.0312,56153560.05,92436.03016,30875.98477,76158.3767,2057361.502,33842.681,125293.0478,1284750.597,1840598.145,146731.0935,538901.8944,111617.0944,268830.3154,36629.79911,289320.1183,1922971.671,215361.9305,873064.4819,114870.1085,735942.616,2002340.416,140422.6326,227756.9673,8258514.297,9022.353463,16573253.83,743472.9642,134530.0349,204375.1298,1061212.173,1298599.394,1577699.042,72605.2407,65254.12911,39433.19832,8865.803597,1743893.186,9761019.17,25934.00531,2267761.126,56383.04935,36607.06041,8054.236523,20932.6889,1401214.103,3541982.265,52194.20594,317601.5921,13136203.9,59946.23656,5126.90661,133867.3666,79108.7151,5346.908124,9273.257106,518261.8029,50347.62716,72196.12413,41015.18438,29327.64724,208263.927,280578.3538,356275.7599,1032587.187,71107.01232,4428.538124,47252.82031,1727498.037,23766.51891,8695.606167,26946.95654,18145.94213,14426.12129,79147.29335,15523.48628,150741.706,183588.3421,28562.95474,2909836.104,18493.30352,1665.266375,1955378.588,160845.7617,261308.6684,71351.48456,1466162.401,58581.99036,2784296.407,21496.39574,133964.1214,160706.1176,14380346.55,27546.88,90801.00457,7239.173986,17076.9105,21953.3669,319925.3193,9954.981496,22481.08777,3156.866633,10644.61994,28115.19897,10766.58411,3414084.489,45861.80875,15802.88908,4391.868362,203730.9227,9916.114112,81448.81502,23695.10254,40264.46153,273276.1733,69761.93979,1736719.154,1890312.003,41179.15061,23604.06049,108259.4125,116877.7526,40309.3916,5441.181447,3580890.19,15985.81264,10534.36786,4035869.722,106652.8818,2322.787408,792437.3624,502768.6863,67288.95153,1408184.836,193848.1969,4161.437092,1913.701276,169512.8873,14835.57586,6505.066441,146751.6583,352248.5929,18356.27121,167551.9349,3851371.973,11667.40953,710064.5121,13843.35173,13604.9369,449660.267,6798.665256,1871.952154,275136.6636,149644.6354,399753.7599,35865.63665,26637.12892,241732.8329,7883.366526,22649.52609,288659.6988,8015.369443,11255.74957,15019.48762,8037.989159,209742.4383,9712.284456,7449.9848,68635.0198,20644.89468,65342.77594,12110.92085,400945.0748,36221.93654,40427.14438,5837.973793,37204.32993,6185.517493,22395.29751,152040.0088,2558.497098,10613.47857,51537.62617,4115.96855,1508.012387,317174.5074,20657.90621,259181.2187,778916.6786,348729.5175,6773.421618,33108.94165,9417377.118,9302349.948,7272.633326,219465.7436,162189.8116,,2495.649567,2322.696445,2322.696445,6197.920922,1218.318676
T1_P2_FA2,neg,cells,sample,fa,p2,t1,101380.6675,184309.0146,1345545.45,9152.829077,114878.0489,90248.24417,4707323.903,1343654.105,85945.2504,28936974.38,112241.5067,31330.63186,80440.35639,2052824.861,16241.70994,104912.3894,1078411.564,1976975.977,155471.0598,282784.1837,112192.0541,166522.8416,18221.90337,271583.8457,2065183.601,226050.1337,781641.5172,107338.6662,666091.412,1770614.037,97537.54895,87065.37825,7995761.597,9330.703373,15214439.03,517262.2831,141223.7532,202679.7534,1058646.876,1209195.348,1445349.912,73969.98253,57839.16832,36600.43035,9843.730695,1608149.058,10449463.38,30844.58201,2627244.533,59988.44977,44056.6268,11003.29001,19699.96995,1235526.791,3397969.953,48213.09117,445746.3071,13767934.97,63810.2193,5085.702681,78276.29602,71841.99376,7236.764153,6697.227159,417074.8514,42318.22237,61676.79304,32707.78854,26784.01609,113027.6141,136881.5611,429129.5651,1174864.154,90515.63348,2736.36355,39013.21265,1543868.637,28025.6362,4820.839074,19047.95717,18252.01489,11235.74215,99186.63494,18638.50095,151667.6332,168449.3161,21091.05469,3019843.875,17798.78061,1676.096973,2012516.088,153615.2416,115365.2209,67772.97372,1282181.341,66926.12378,2136010.525,8418.114487,141484.0401,171412.8596,14547297.25,14559.38731,70152.94745,7754.650228,22571.44531,5549.547401,271490.3651,11607.56456,25262.71093,13304.55721,11208.15082,23434.79914,11377.95709,4126829.658,30892.7134,14706.98388,5279.607911,193219.6059,10568.37409,56483.17237,25348.71757,15913.76492,100914.7301,42206.00583,1820141,1647579.377,33735.62777,20218.23241,83607.45759,85377.59037,20294.39464,6047.894724,2071899.001,11061.77712,14983.21684,2331118.34,61550.39762,13144.50344,454635.5894,194433.4724,148610.9063,1501834.479,114487.7679,5986.738097,1687.185314,191828.1652,12608.03454,5714.543045,155027.2531,182899.4425,7654.312693,98048.88271,5316665.906,6324.593243,602562.9411,11818.18737,8085.984706,219607.4659,6682.368171,2075.766415,156309.6084,91724.50744,383743.6037,37489.25498,25576.42683,131810.8993,7553.490859,9471.357722,179912.8338,11686.19981,29476.41639,22934.59641,7536.740722,215378.286,9302.49006,21494.91644,36561.03251,27511.90409,65445.27781,12443.79769,451607.9316,36347.21878,39609.28632,3964.827662,36100.30393,4083.385475,14289.67075,102519.7018,1840.979617,19203.75284,75995.77154,1797.880822,2040.662347,475661.0228,26062.43556,266077.903,768079.5525,318430.9634,5838.220399,30260.24847,10072952.22,8078725.186,12360.51914,234570.3313,246166.1445,669.7727532,3833.141929,4575.762805,4575.762805,5110.453429,274.3420737
T1_P2_FA3,neg,cells,sample,fa,p2,t1,109407.0149,252521.8604,1434514.965,10679.85247,185864.9552,66271.64995,5426704.635,1534689.674,89927.23023,29719327.55,106350.9949,31623.9121,88473.24595,2349085.24,18827.18903,123837.2245,1403943.222,2464475.127,167799.9574,357273.8494,101878.4476,250070.8132,26093.26386,319947.1572,2287114.532,243593.8523,874399.7967,134591.4703,797178.5026,2192540.619,97630.4384,32402.78055,9101992.461,11727.23835,16477501.43,442861.0984,160077.4537,247468.4654,1193141.523,1426354.607,1529375.707,80730.92591,65091.09433,39735.16895,16162.06232,2323834.86,11589673.11,36127.48525,3089819.885,77094.67912,48482.48916,21315.63866,21469.28553,1206962.125,4217520.452,74208.14759,456576.6721,14846901.98,67072.23764,7446.107371,117711.6811,81165.89786,7316.17796,9182.769228,451337.0036,50629.77429,64639.18639,35872.27891,33803.53458,144602.8653,165021.449,491927.0213,1318239.417,115407.408,2952.861506,56502.63895,1797587.265,23549.77593,29398.13666,22161.19846,18592.45049,17255.56288,119007.4816,21818.60117,182577.3645,216297.3445,27518.3322,3662753.567,19750.13552,1808.544386,2107468.114,195221.3511,136856.9076,75777.97573,1525899.963,76234.88223,2724292.884,38593.05621,154673.4717,189082.4762,16078062.5,15589.66631,64320.44447,7953.081266,20727.91385,3586.609693,327553.0641,16278.55994,33409.4859,32229.14726,13175.7775,30000.77732,16972.42533,4355535.21,28078.41937,20228.77366,6919.05606,207484.3358,15984.25254,78716.33546,51759.98484,17565.57924,100267.6799,116056.7901,2154506.187,1773537.263,41228.16514,25312.23102,102240.5525,102317.242,22735.78179,7499.067219,2064684.406,26890.06845,13018.86814,2165879.481,83813.88616,12713.54589,577929.0703,223208.6192,197037.7505,1629010.079,138006.6011,8088.321574,3434.740545,213956.0687,16441.87041,6703.913462,177033.769,200475.221,13469.03157,98978.93637,7221201.686,8359.89999,680179.0851,14480.89274,8901.306875,234718.103,7920.688513,1768.870253,164416.3526,103235.7659,460944.6458,42151.05786,35908.13463,144701.967,7383.503363,11130.54613,181921.9044,9782.910395,22350.53898,21641.58238,9169.716638,346337.8862,10941.85122,17885.40986,31111.2638,37543.2842,74000.96594,10999.80019,593433.8997,38189.52489,52752.01081,4336.95231,43045.31516,4236.965329,16238.43712,119967.0265,1253.668195,31104.32774,102833.7841,1750.782942,3130.007969,695976.8127,39317.12806,318526.4353,1081057.477,658863.6621,8954.450275,36073.61905,12415426.84,9689513.137,16832.07644,266670.9076,358618.8209,3595.22324,6918.85715,4336.348892,4336.348892,5861.246453,
T2_P1_C1,neg,cells,sample,cntrl,p1,t2,70217.04756,163095.0872,1376860.764,7982.388829,143879.8011,45739.81785,3869340.738,1346038.079,112611.2309,16477019.43,72582.26104,35234.21951,43261.71119,1992593.325,11923.82049,85760.03843,1994803.425,1815918.503,138634.9304,189465.6591,78936.1916,179439.9544,18701.25118,251195.1858,1737987.011,198835.54,822539.2794,101525.8685,604103.9259,2164769.011,92754.66703,21826.30756,7939046.37,11411.87386,11233189.54,327451.889,111954.44,194780.2475,1047853.453,1332261.519,1535936.669,70704.64442,64715.31714,24576.70818,15104.06295,1830193.493,8785998.552,21765.70785,2442351.195,102523.7194,49109.86842,,25613.73199,1062986.131,3987000.149,55121.77584,267272.5417,12737870.11,46163.51614,7880.787359,148864.2842,67623.55771,6104.956092,9162.478997,266608.5202,35204.14086,63469.54056,25431.46864,26564.39795,67529.40268,112527.9336,380499.652,1201351.871,54558.15393,1756.865457,22398.60189,1565958.328,21767.65425,15486.75089,25787.56755,20345.03846,17208.31566,55966.76846,12393.94953,136651.0304,124844.6155,28015.35421,2823742.33,16801.14835,4750.593753,1520322.571,165282.3394,123148.1938,61545.72072,1365465.517,42990.75667,2106248.156,19686.39924,116253.6109,174861.5237,13353786.9,14138.59432,49586.63925,15988.84164,34212.59415,1047.07955,296812.6469,19233.20133,25324.19059,26251.5973,19727.4737,6712.100292,146540.9956,3343021.724,23139.44074,13506.50621,8088.167911,220015.6855,22729.11795,19435.61498,44258.58756,11030.38059,82753.56693,34647.63772,3017529.158,864566.8743,29586.73086,18488.04026,73253.51016,93480.93714,14691.50155,5633.907273,1522411.554,13431.19834,22649.04844,2776831.419,62094.28341,10016.56801,432200.531,135709.4845,49922.89425,2383903.357,75989.06993,6902.099924,2268.857373,252946.3871,20360.46851,5554.282624,234559.4157,226229.9311,12073.92262,84078.36052,5919662.414,5019.376317,449103.0919,12924.44721,5431.950603,192276.8102,12393.83822,2913.352119,176898.9992,94663.93179,334954.9288,48192.32552,20457.24137,86493.94018,8172.820908,7049.837521,168924.0802,19386.99597,17473.6734,22136.87251,25123.64014,99725.8902,8331.569385,15353.05948,37703.46623,23969.24085,57954.61928,12928.16171,389709.072,8975.388225,33256.72554,921.3152522,38577.52365,1539.030738,10447.74304,83815.06757,1025.818662,19963.24849,73581.9834,263.5798583,1930.569354,470237.0299,25095.17909,230514.0217,835180.1996,269264.1454,3316.633399,24752.96413,8627855.202,9447507.919,16157.59028,235474.4351,162644.8852,1280.840538,3615.797222,8113.182652,8113.182652,6205.430368,3576.87695
T2_P1_C2,neg,cells,sample,cntrl,p1,t2,48171.94022,161106.5703,1373116.913,8631.005437,152393.654,41099.74908,3910644.163,1351922.74,114179.5402,13336521.72,81649.91919,30563.5957,46616.99838,1893747.73,10258.88949,78661.92143,1933795.725,1987567.832,138955.029,251883.5301,75894.57619,171501.4602,22661.65778,257073.9968,1818985.54,200524.2843,815557.8703,102596.0128,533437.8581,2116990.801,89276.02508,42773.87891,8004233.057,12352.24143,12245550.36,295889.7332,109806.345,189505.9488,1057998.692,1405362.615,1541350.133,68155.24185,63731.95524,28087.89453,15028.64704,1942454.049,9119393.156,35647.58007,2601981.041,102231.128,42895.26401,,28417.99032,1034123.07,4798845.723,56982.36264,297319.0441,12146269.07,68146.3617,5448.780125,143365.8868,66997.39282,5632.907982,8569.643653,249637.0691,34406.81051,75580.93663,23822.20173,25669.61271,107832.4754,124092.0768,397787.8511,899271.7943,74702.31928,2524.883775,36853.26597,1604975.974,31828.5455,15362.3248,24125.49263,19424.35928,9521.984689,58707.43388,12656.46372,155633.4347,129832.7371,28443.63706,2858512.515,15909.91262,2210.536541,1537727.646,160660.9958,98923.38303,50965.38041,1393706.754,59397.77996,1956616.5,18149.67759,121475.6457,179121.297,13637069.05,13808.54299,53958.64262,16777.54902,38263.16329,1863.415871,281845.4989,23680.99806,21657.01966,30371.86193,20387.21409,7403.339148,13801.71114,3497265.2,22195.04135,13267.11085,8756.595215,218398.8471,24216.31139,60385.64049,49078.85412,12190.51976,88452.93247,42634.29871,3280465.028,949537.2319,29304.04797,11700.43651,53075.80747,104454.9094,14860.89528,5806.429997,1720724.678,15650.12107,16538.12699,2721234.026,66023.58972,13115.53892,511119.1358,154873.9004,80657.16702,2470580.77,78399.41269,7037.891815,1865.381603,270029.1217,19968.24368,5770.884522,246603.6729,268951.9293,6937.993105,96352.75394,5912935.254,6061.387165,446934.9111,14722.30533,5378.549059,164211.5003,12779.29391,3466.728107,206593.4307,104468.1578,343864.7226,51097.04121,13827.83562,92037.14305,6772.649594,7044.733574,183953.2947,18782.42636,12654.94122,22043.46445,6151.440045,83013.26043,8837.065719,13270.25984,31414.11734,24290.86898,57428.51014,11368.281,386758.8348,8833.154627,31579.30837,362.5709145,43115.33765,1690.084347,11944.45487,89991.4205,1081.209902,19207.71171,68814.93495,1235.075934,1531.459118,429532.04,21459.39173,228190.5403,802916.2215,243432.8283,4085.029289,20108.80613,8781493.004,9205096.959,14126.35153,234422.8403,117008.4623,1033.043843,4245.517546,10528.14115,10528.14115,5745.321328,
T2_P1_C3,neg,cells,sample,cntrl,p1,t2,44108.96825,208011.2502,1444846.53,10897.68902,199389.217,63183.75817,4396604.956,1582025.95,113775.106,11151771.31,78213.03644,34187.21959,53494.73622,2248723.904,10517.62488,89611.35749,2245131.131,2315075.505,144012.4311,416245.579,75208.91482,200795.5618,19964.28203,292811.4899,1981631.025,215411.5783,899698.9578,117162.2491,590765.7473,2528099.3,93289.22178,22814.39105,9029527.656,13675.03787,12827168.13,242342.3368,123507.779,229860.3301,1239888.34,1457508.861,1551399.003,72812.4746,66906.38778,28134.5102,16908.26278,2586192.248,10026820.19,59494.85629,3058359.126,107594.3342,53808.2734,132.5974859,29279.45427,925015.8369,4753093.172,73283.66715,330516.9574,14045810.61,49791.12046,7784.419796,154016.0804,76017.34808,6224.722584,10764.47657,250390.3235,39031.74225,82658.91518,22942.74075,31185.87177,186583.7387,114075.9666,428177.3385,1130725.088,91285.1951,2700.189369,38495.73449,1727764.91,18822.13843,16651.94102,29466.96059,19086.91553,21000.07772,72279.11046,17057.05969,167839.8555,171574.3755,34169.61543,3495733.089,19124.82435,1792.095835,1613933.393,175270.6537,115490.7138,63018.21773,1521732.359,61914.20954,2311525.82,22596.65494,142694.4551,208158.3462,14826113.16,10514.17758,56117.52608,16766.84477,35123.12895,849.7250338,317179.4584,24989.88177,22287.12191,22613.95946,19849.19934,9691.653582,16366.78299,3956911.78,35857.9334,17235.20253,8002.561883,220247.9759,24787.73334,63053.8641,43671.7969,12247.1452,76292.46633,34184.36394,2739506.093,987448.1213,31932.09951,22473.5902,91572.80312,108485.1654,14343.3478,7342.350386,1775656.483,12661.63514,15949.29197,2432893.193,54215.32566,11180.11134,410415.7497,156072.2129,91373.99911,1995226.396,81298.41608,6842.097281,3379.748229,243536.0222,18065.97988,7016.243299,208907.5502,201058.2283,17166.2539,73521.87076,7330890.092,6810.767584,528134.2004,15122.32133,6471.571667,178140.9148,13890.9461,3797.349056,157829.4981,85219.89709,412216.619,45306.46198,32470.77828,86165.96051,8859.968425,7844.741913,161571.4889,20018.30568,14438.70277,22543.07358,9557.412377,277778.541,9484.670157,13040.18172,29050.53539,33309.91351,58993.5892,15198.69211,510046.0523,9115.038058,46137.71332,868.7998128,42821.37583,1832.283817,10500.82498,77010.49852,678.0135652,30043.37156,95793.4964,617.4717958,2553.99685,682634.508,38560.89791,261616.3331,962196.2809,374385.3345,5433.641319,25955.50585,10176293.52,8204638.843,17480.3577,241984.8273,198239.5148,3074.50035,5786.959581,7849.131408,7849.131408,6648.78937,170.981643
T2_P1_FA1,neg,cells,sample,fa,p1,t2,101507.7936,152604.6641,1543216.389,7697.691813,143235.4228,131669.5156,3990084.833,1364516.352,125183.6982,25386162.95,84721.58296,30613.09333,41838.21737,2000376.363,15019.15805,93744.73888,1583798.856,1668876.965,138931.785,217769.6105,61958.19883,154554.3223,26255.29126,248607.982,1750615.442,191568.3262,830120.7394,102955.9791,712343.6607,2166771.033,98939.61107,57772.93161,8064445.852,9190.952144,12008890.68,464547.108,102795.4087,183793.8994,1081562.565,1355230.745,1632638.758,65375.49367,62972.14113,25277.9046,14131.97496,1594937.792,8895083.599,21940.56994,2223149.507,87592.68738,39185.92177,120.8978666,22814.16807,1290257.717,3606263.134,52158.81466,262668.612,12774804.16,38185.3075,9081.704616,134420.6329,67893.38809,5955.88362,9093.545811,310033.6896,38542.0093,66378.62987,23662.14076,24920.49012,70927.91767,159704.5756,384882.1155,1317475.601,62196.07311,1956.082224,30194.40747,1596742.782,19435.68123,9066.083681,24298.85775,21704.34057,16811.14363,51126.71333,12759.34959,135975.3684,122841.9674,27700.26073,2693212.44,16839.80132,1657.082527,1535580.451,166268.2431,198779.4221,51392.04532,1421894.239,50086.8927,2222956.668,17237.27314,115183.6912,168125.1179,13000002.68,13197.47994,54893.63478,15258.81514,38159.05478,4546.866131,276834.4963,17109.82262,16194.89471,6940.74246,18504.31829,7117.621095,10405.16324,3196276.519,26615.75864,11468.16139,7712.572626,230393.2221,22398.27031,49454.79664,43117.65213,14682.03674,103936.2153,41146.99853,2646584.642,995992.7986,27514.87861,22564.31078,94202.10375,97933.8579,19000.31244,5302.831539,1916742.383,14939.91239,14121.80641,3129022.963,66448.58406,11135.02869,497688.8639,194771.1315,36361.05654,1880032.711,86627.64776,5145.136581,2063.810944,225847.5601,17768.79106,4714.44926,211341.2625,262684.2785,17593.60667,98950.78967,5607214.172,6673.805087,483692.1499,14364.48761,6568.425779,209730.382,11240.92844,2816.99057,203812.6864,105291.6293,323076.797,43536.16286,35525.80154,112075.3999,9731.009363,9576.82311,200327.7313,15719.43344,35250.511,26821.47725,7288.181171,127784.3111,8063.819177,34661.12955,39250.91679,20516.24058,54030.63365,15745.24355,361934.0877,32606.51367,33606.37621,2646.031205,44380.89469,3800.282066,11869.22583,79119.57138,1351.336822,15539.9666,60220.20336,1551.15215,960.448663,374473.3334,22269.52963,224319.2681,793251.0171,226668.8267,2903.63325,23088.38289,8040127.92,8889624.441,12227.66447,215707.9036,122901.1427,675.0241518,4216.309288,5840.446618,5840.446618,6061.867609,803.239662
T2_P1_FA2,neg,cells,sample,fa,p1,t2,68400.84951,149155.821,1519869.646,8484.927295,168187.3594,37832.90532,3772849.763,1239070.666,116968.4512,17492468.88,95705.37673,31718.92223,39896.86703,1819131.317,11775.24069,81446.10993,1457063.412,1664755.426,136509.7995,223171.578,65847.94189,146117.4425,22938.48642,230414.1206,1651385.764,160959.4482,721450.8986,108457.6004,511006.6052,1988318.709,72618.66275,15163.75203,7809309.845,11410.82492,10762337.51,254479.5514,99180.0496,177295.3992,956255.5573,1229614.887,1405413.834,64255.89977,60310.52733,25113.75933,13851.84203,1719665.439,8418024.076,32640.00693,2300128.109,106301.5182,46780.66714,151.237816,27498.21026,927134.4312,3810132.941,48610.92388,267685.5355,11596452.66,39709.18245,4391.422991,134323.458,63842.94884,5462.00021,9900.576975,253168.0945,39347.5985,63173.29669,29577.85835,21489.1457,92129.94897,143298.9379,429189.9839,1306957.315,85908.80957,1902.51981,30676.28928,1487785.309,21924.35969,18396.44332,22080.11711,19151.73907,13206.93943,48984.51739,11753.76133,134223.1708,97916.83733,22985.79364,2590619.269,13653.83795,6149.522025,1359198.707,151445.398,99868.02749,43974.84407,1283964.683,43869.46529,2055988.237,20654.09942,102606.1331,162951.6814,12297847.05,15016.38155,41465.33868,17454.74798,36658.30081,520.9497801,257070.7945,21498.35228,21383.04098,27037.79122,19797.80611,5866.585652,144559.2241,3036600.515,26665.1175,9173.338751,8294.672165,210087.4684,25999.14138,51351.29053,49708.32753,10026.96804,71369.93284,28375.76358,2885433.096,816499.5818,25899.33734,12305.88426,51180.77242,87222.96365,14686.59696,5245.447448,1200381.431,13359.96934,12122.87799,1642512.039,43995.34541,11164.71256,326810.1551,116054.0622,48319.33277,2054107.951,87062.76221,5736.352483,1376.110365,247441.6548,18832.08948,4466.697441,223651.8627,155689.657,10774.88029,66313.94164,5284923.769,3720.233372,399006.3194,12492.78216,3786.470493,127718.1168,13528.03764,3568.93977,135065.8246,75784.74845,318064.184,47467.73038,14810.84309,51746.63379,8123.728841,4562.791991,133736.7299,22014.86609,28117.25841,27391.95134,23244.1835,95515.44721,8279.953219,22744.25593,26404.21563,19833.14805,40919.44774,15343.18001,312126.2066,18694.09199,25627.18431,2063.574435,45205.87811,1930.075462,9329.880388,62026.6348,929.8029687,17959.35421,59941.85534,,1034.029258,414214.4733,20047.49706,233376.0319,755838.3084,194365.5514,2880.293029,20558.70649,7895753.669,9477913.152,15376.7169,211875.5774,130391.3016,1146.276969,3429.820721,6068.407114,6068.407114,5365.809401,2926.718847
T2_P1_FA3,neg,cells,sample,fa,p1,t2,47309.29671,147682.1226,1571569.964,10154.99616,147339.0776,46575.04834,4056878.11,1380196.38,122618.5969,8497396.33,70572.39955,34702.42159,44385.91354,2037886.751,9193.438111,75691.37369,1537010.857,1931690.217,139687.4159,298433.2582,65358.4104,169384.7039,15329.61903,253613.0457,1905201.847,213882.9736,772098.1617,98849.15665,535184.0063,2145446.87,82106.82725,17108.00372,8229456.267,10246.19478,11255451.53,215512.0431,118507.8581,208382.701,1078679.713,1240597.929,1345234.743,71490.44011,58915.79175,25129.88429,16335.0629,2114397.521,9568562.749,59277.94725,2907742.867,89342.84548,60066.62914,,23832.20404,909154.3998,4047079.944,63443.94412,358800.929,12795652.61,46804.39196,5883.442327,131456.8801,68062.82457,5868.971567,10048.43732,210595.5746,31044.73448,69646.80899,20065.9743,25977.10678,138285.0896,91251.40565,400858.0073,1104175.898,95209.29559,1831.390806,21010.37308,1430049.798,23130.89781,16582.49289,23785.42631,17617.14285,20168.51196,64612.09087,13570.70956,152105.7088,135883.2924,30913.18753,3067772.807,16091.78741,3072.606967,1474699.518,149946.5564,79397.97977,62620.28552,1293199.939,54842.8242,1908935.493,20655.60523,125789.344,181317.3891,13448419.7,13397.1333,46118.77768,13503.15113,33493.70287,391.8735484,268591.3818,25196.32705,22075.03855,29745.29115,18190.06759,7714.9386,162049.3166,3773260.299,22249.52779,11621.00552,8204.341548,196409.0059,18937.05829,,41221.70032,8339.55256,54986.29938,29897.92544,2783541.77,758059.0087,27928.20447,16784.47686,70156.13423,80340.10608,10442.65349,6694.131477,1366190.231,11792.42295,13878.21775,2472181.3,47784.92833,11731.06883,329117.3735,94434.72153,91359.38948,2139328.358,65558.40959,6336.30272,2337.476343,255973.8209,18449.66171,5767.710157,203644.017,158149.6968,16565.98588,63039.50306,6352218.939,3047.524984,448365.9526,12012.93102,4570.73107,135487.6991,9368.62503,2742.067698,129547.2006,71295.85192,380204.5384,46171.13563,22143.86016,50613.9797,6640.691717,4946.140519,141715.6462,19026.00899,17654.7306,25833.06438,25634.31634,195140.6943,9784.922541,15680.42676,22307.73869,25535.7837,45743.03774,11086.71947,390539.2378,25311.36987,34896.69031,3040.917475,39433.51929,2996.148662,9509.18428,58056.97546,924.2162408,25338.74901,79339.84394,136.6092995,2383.841177,571320.3862,31042.04123,235018.0221,829094.2913,297440.3983,4470.20548,23580.68288,8779449.785,9717442.243,18061.48532,220622.99,159323.1853,2555.311415,3436.829573,6774.312447,6774.312447,5526.866743,4002.095011
T2_P2_C1,neg,cells,sample,cntrl,p2,t2,103737.4861,205197.0624,1492014.389,8860.67692,169865.7524,50700.06846,4734907.957,1659094.068,120095.3654,26879653.91,109984.4342,36481.08611,58891.40034,2557095.601,18566.79085,106034.9225,2519247.056,2105358.115,151991.0899,233729.0219,91489.30612,208907.7224,30672.40989,273101.3319,1972063.001,236889.6969,1001737.359,110793.6333,779203.0224,2790624.08,180033.8514,27138.26653,9411754.418,12223.80171,13574276.76,595063.1533,135468.1043,238667.9389,1289970.382,1615653.873,1835308.536,72812.22172,71067.31369,28451.77014,16491.32698,2308174.832,9935713.789,29879.25894,2668224.392,126263.5526,41901.48347,123.4103125,29266.28662,1300368.746,4421689.201,77084.63894,248966.0079,15846438.27,43801.46578,7602.277872,178002.9488,80508.61074,7036.684409,11196.96952,351301.7255,42219.76846,62489.61368,30821.54507,35843.02827,80666.47741,186141.9149,476646.7664,1555340.431,86907.04031,2966.959405,38957.62644,1946647.704,23364.04352,31384.56138,32838.45015,22674.35127,29376.20502,89037.47767,16350.80819,165424.3341,169182.1678,36118.85874,3556869.973,22060.09438,3225.29095,1759068.425,215944.3037,401935.9928,69448.59777,1635675.377,51276.9012,2715070.35,38662.14507,157650.1278,201874.567,14661866.54,25155.6029,66328.23272,18083.9078,39455.44705,2378.515461,363945.6549,19274.07413,30964.17012,18848.24417,20683.19075,9976.866835,49101.88071,3801829.023,33621.28091,21427.42308,9032.766951,236579.045,23243.35745,77619.36254,48498.52912,15463.3645,124582.8037,37646.70528,3039730.582,1173187.262,34825.3789,26263.62306,108876.9509,145172.6901,24040.3281,7897.149466,1942157.098,14084.94614,16215.09292,2635031.907,67454.78221,10385.22374,469927.118,205988.8148,36753.16677,2337114.873,102441.424,7716.567822,2647.329505,243747.695,19458.62299,7007.089635,232615.7763,237993.111,29521.27507,91696.8227,7499074.526,7651.629189,643363.2893,13774.68282,8148.185894,275582.9626,13933.46567,3068.678328,198522.9803,104407.4628,378969.381,46309.60282,29765.62513,124628.4077,8295.383033,9374.934352,179478.4061,21368.69727,33500.51835,27256.96629,15214.4209,73477.51019,9139.203066,25807.84019,35784.99258,33015.67499,75948.13937,14014.35949,562960.6446,23832.05467,48272.92868,1310.209031,48198.1715,1838.06028,12231.55621,107212.4024,1165.322107,26931.12239,104648.6477,656.6821633,3153.537006,672992.5642,36300.18776,266067.5376,1089611.91,379666.479,5175.770521,31745.44847,10617056.39,8807864.314,18119.43823,253702.2407,199787.9718,1979.881954,4865.699685,6866.432429,6866.432429,8333.078179,2546.751539
T2_P2_C2,neg,cells,sample,cntrl,p2,t2,73608.89045,212202.2319,1399642.375,9625.319686,153332.8002,47634.411,4369375.654,1535806.838,138607.27,19177022.26,97919.61295,33596.12335,53787.5532,2159556.827,13102.85522,94671.1089,2157025.153,2243870.704,141871.6735,343697.3114,70658.81181,180866.0496,30921.34586,264376.5906,1809965.304,210570.1967,866860.7337,127556.5493,498374.6769,2442974.598,89306.60383,103988.6478,8932958.976,12437.75656,13672435.29,269577.169,123462.562,222042.0939,1210088.799,1360280.837,1494446.648,73270.61264,69255.0445,28942.8989,15490.95351,2571313.703,9149501.195,41786.42596,2817435.974,117846.9395,47238.72999,,26381.36116,1137740.323,4871679.571,66995.55853,284792.9037,13654704.98,46225.7669,8330.52189,128777.0185,70389.78795,6872.110837,8826.958354,237350.8225,45888.08425,96959.60879,25318.66786,28865.07911,141430.4264,193912.5017,509345.302,970946.939,92817.28541,3766.530502,81102.53846,1756428.009,25523.57653,9926.938453,31401.41145,16347.32908,3344.581721,82078.32754,11461.72388,160862.1826,164115.4848,30667.54442,3259377.539,18916.32093,1627.233174,1703572.724,181912.1159,114982.445,58656.45985,1542805.928,58113.08748,2672756.125,16813.96249,133651.2958,193493.8766,14524040.55,21145.31269,57362.05937,16837.30403,37866.96847,11596.33214,319844.1289,22703.92553,23900.84549,16980.61166,19883.01122,7146.801282,12452.92316,3393942.119,35133.93885,17698.92541,10504.21226,215475.6639,24085.76402,65149.81126,46299.46473,16133.0491,94292.85677,42599.40132,2975513.068,1202495.816,31898.21105,4988.545796,33530.28544,120013.8151,24770.04765,7354.539028,1819078.998,15910.96221,21771.31456,2573072.3,68962.6031,14112.0945,554952.8431,189832.9738,36192.63295,2548604.81,126605.1905,5633.782504,2543.69384,245920.0715,18461.28253,6144.110315,219164.5018,260734.6305,11546.1265,102410.3333,6302538.212,6939.52308,551573.01,17264.60253,7257.324632,201358.8833,12237.1962,3041.110843,204035.484,105390.1929,397823.6105,42423.64979,2472.231698,111350.2741,6549.843065,8588.792525,183685.7946,19496.00495,10663.00053,21705.83664,3005.802476,30359.29363,9424.55888,11885.57088,31510.42684,30869.83655,61382.8249,12386.27422,477910.8996,16299.08358,41733.58811,850.9841888,52498.00611,1789.813611,12389.47177,100446.7604,959.8041,24435.7876,87286.52016,1648.694469,2400.448886,588323.0148,32541.89092,271455.6874,1020213.206,337336.666,4135.958645,21947.38606,10264413.73,10106297.76,13290.10962,253778.5823,114109.2766,1986.713537,5046.19538,7148.974645,7148.974645,6443.452187,
T2_P2_C3,neg,cells,sample,cntrl,p2,t2,57907.51445,190563.8305,1396438.628,8908.011439,219666.6968,29717.07612,4319898.407,1523889.994,118922.9345,16519711.69,75696.86341,35438.38207,47245.42638,2028803.424,13204.0819,88730.70805,2172484.19,2157786.5,144177.6449,517698.0177,63042.52116,180199.4448,28281.22664,274659.4611,1702299.216,206140.3326,889915.7215,123951.7313,408045.7693,2537410.597,91097.4841,44313.99655,9108239.475,13482.70349,11949453.17,216013.9742,123642.6807,216400.9855,1191848.06,1413723.947,1529530.712,73509.72021,69182.11192,27899.20724,16517.15321,2714824.448,8650196.732,50363.66868,2868381.91,132349.0745,47582.26368,133.0156094,30906.20672,763531.3441,5269584.772,72769.29801,281618.0387,13538645.41,45887.06296,6943.578639,153306.1055,68667.5813,4801.405615,9160.718437,232808.1309,48893.21426,85530.16415,27449.07783,28558.5973,248208.801,176092.879,551584.7306,987327.8628,77055.22486,3190.941631,55133.84884,1865940.021,21785.24759,23391.47673,29924.90332,14709.47542,9862.482702,62420.89333,12309.56312,169826.145,149449.8403,31456.88437,3154373.314,18074.43045,4800.206484,1349170.077,173752.3129,123282.9521,51790.91225,1652009.444,63573.38287,2709873.937,27378.56264,121143.3216,195863.2273,14522163.91,20311.90038,45033.05863,18682.04991,40593.04526,3120.031119,370202.7204,26542.19861,25209.73385,24426.32137,22205.52639,6529.348328,51565.76377,3358970.64,26865.32981,16184.43914,9906.344791,228954.1821,26927.23585,77081.9963,51846.59585,10852.37612,72291.97389,36855.2892,2972061.105,944279.4525,30218.7112,7776.941057,44353.44331,104440.1974,18158.82487,7465.979232,1272185.881,14589.85924,15060.06967,2086495.93,61199.05137,17349.97083,461802.835,130547.0321,36777.44601,2457467.167,108894.8769,6090.681527,2530.272146,252681.0251,17194.72484,6048.326515,216847.1778,233828.8949,13911.9106,89302.5447,6594188.444,5390.871371,475011.4004,15747.37086,4644.908265,130921.567,14817.45564,4097.352686,187891.0516,104256.2209,397512.7642,45328.57674,9666.30842,52591.67659,10644.85886,5090.739903,176346.8971,23911.5192,14978.72589,25611.61627,11710.74134,95494.67851,8571.039074,13562.14297,20984.79477,26914.90534,44307.79263,11928.3504,425520.3414,9054.798247,36526.02655,1370.05227,55530.63279,1044.5223,12573.72849,93729.00078,689.9954473,29440.17442,84778.47809,265.5800666,2642.44739,665932.4889,35482.31058,274896.4889,1029683.846,311816.4845,4222.546374,20573.50052,10372232.59,8825118.747,16342.1566,232325.4096,137084.2461,2516.336472,4024.579929,6998.669697,6998.669697,7306.513194,4204.795062
T2_P2_FA1,neg,cells,sample,fa,p2,t2,70143.90477,163950.2789,1509332.72,8552.650918,124875.3893,38931.70817,4133599.123,1391784.298,112126.0751,20477751.79,92406.39293,31286.06057,45067.16308,1942985.852,11852.7075,89776.37175,1549649.42,1883320.651,137296.5718,250015.9762,71002.62168,154805.2927,22633.69976,246383.1339,1716298.635,195540.8395,801537.2119,109846.8322,528059.5606,2222607.422,85381.5501,114080.2584,8250714.685,11653.65419,12403189.18,299860.8325,110466.0834,185454.5144,1087700.552,1230397.982,1468621.549,65094.879,64107.21489,28495.30944,15106.99825,1984091.094,8688959.772,32201.83364,2452558.767,97914.23418,43991.37912,,26387.77631,1106844.671,4208202.423,60025.34861,281638.2456,12453095.74,64399.17914,5225.945655,121383.0405,66150.5973,5089.807446,8554.468013,229784.0896,41263.06574,83937.92837,25861.09195,25668.4985,98117.81196,151223.8894,427890.5575,1088270.168,74667.60722,3234.790925,55975.2324,1601679.223,19884.89751,4124.60634,28639.51747,17671.9288,2959.375486,63795.0119,10478.15744,129856.12,121037.8691,28218.17274,2759330.402,17521.82858,1721.694924,1549876.832,163603.7859,101051.4689,53208.88541,1402395.321,47184.49917,2303985.598,8395.068893,118688.7279,171088.2378,12866627.8,17135.67381,57396.90099,16477.37894,43055.49811,12017.75521,301995.9344,19381.8539,23116.32929,12072.39995,19469.59564,7029.059021,12375.58018,3124962.159,30073.31334,12363.1863,9123.156043,209949.5327,25589.48518,68018.25912,47046.66421,16206.96649,96648.49814,44705.19135,3172535.958,1046032.202,27241.09298,5356.877687,28363.3529,109596.2043,23894.27573,5711.334737,2065921.582,15008.38457,17013.74497,2857857.92,69340.4037,18561.12069,565183.6887,206450.0863,43393.37673,2714626.337,96500.40578,5131.862295,2246.381818,246296.2052,18760.63447,6102.738046,238079.5268,254416.0487,6302.660248,98914.44714,5142984.798,8614.904715,492105.6729,17390.0752,6398.319357,195951.9964,10223.35379,3215.175388,198800.1996,104687.6093,341972.6402,43773.77614,3092.671121,104913.2005,7113.332017,8156.146957,173956.5875,17487.56826,34016.21046,26219.29983,3234.131497,35890.76076,8423.823129,17189.1281,37432.14919,22482.33064,57049.39459,13508.6699,377915.4328,15695.02931,32307.6804,2777.21514,44309.19797,4220.035348,11939.34769,88998.25031,1406.911039,16728.09804,63688.52713,1796.639644,1306.280871,406761.3603,21289.79949,235930.8467,800049.5638,233354.0104,3109.205928,19943.43017,8278685.17,9265091.177,9612.45145,231612.7495,83490.33,509.548673,3688.986735,6214.206644,6214.206644,6013.914137,
T2_P2_FA2,neg,cells,sample,fa,p2,t2,54206.39771,205341.122,1576451.067,9978.308923,166416.3055,29664.89907,4519360.285,1542567.116,121651.3814,15522299.19,87899.77932,34184.99007,58495.17694,2144786.431,12748.76346,92859.57469,1637260.633,2226645.018,141218.6247,342996.3476,68291.20807,179573.6668,24918.12303,257832.0515,1806295.371,215037.6398,820888.3377,120895.9619,615876.9169,2376291.647,87950.24595,105621.5358,8964257.932,13072.69683,13159004.98,280546.6202,130913.2842,222067.9868,1202192.237,1250912.51,1386991.713,73680.84907,64762.86855,30595.41835,12253.93145,2636947.009,9177669.356,41549.94093,3009724.131,121917.6282,54613.06035,,28839.5409,977084.6624,4932750.452,76718.89511,344233.9948,13495544.72,49802.14655,8003.17279,121132.5567,72862.30953,7063.98713,8226.7599,227323.4614,43455.70902,86330.71425,25076.77363,28874.87396,143050.4564,151913.9351,494467.3767,1003167.368,93113.83618,3731.030737,54686.73104,1706695.747,22688.81581,15570.72839,30583.67211,14609.40479,2407.098437,88087.19337,10058.6476,169549.0947,175905.8914,32698.38094,3291976.78,17543.29789,1544.297257,1652931.116,180138.4695,122475.3762,56643.4111,1516023.175,56429.97387,2618786.803,20699.48472,135015.6622,191843.8699,14884121.47,17100.85711,45623.51185,17285.1264,37332.25121,8650.777798,307773.9908,25204.31683,35042.64174,26627.32084,20046.02844,7557.697437,34909.22367,3593416.197,26254.69963,16307.72759,8487.412506,191322.0926,19822.24319,84709.75238,47642.83682,14474.2113,87891.14148,33254.95039,3043663.785,1111698.325,31989.71843,3536.153914,27573.37494,117337.3526,19678.35537,7693.294394,1723524.598,12609.70386,9696.203379,2372749.535,57601.20991,20265.17955,433285.3862,166119.5009,44212.032,2712430.044,113693.3303,6154.165356,3008.756786,250349.0045,17921.21181,6145.14696,228238.187,202356.6806,14400.82385,81885.72897,6539071.724,5928.791326,539185.0594,13136.75264,6377.717753,196967.3128,11383.51469,3575.828316,165565.7234,90326.09139,404423.873,42649.43125,1274.594044,93069.6623,8471.030516,7948.930704,153377.7229,20079.20797,23762.63318,24466.69177,5875.031698,32789.74292,11259.90484,16293.73276,27712.29768,32461.48368,58946.94131,12889.72554,501621.2394,25263.13989,42440.08959,3563.948286,49524.10596,3450.383342,10887.02523,77298.71507,789.1860348,29332.95164,92892.06899,831.916178,2971.869175,653590.0451,34637.91252,278392.6557,1079228.721,378059.2974,4459.183975,22189.1608,10869734.6,8977798.418,16333.57733,256008.1531,154296.2027,1787.804744,3868.399655,5473.562314,5473.562314,7199.105426,3673.996925
T2_P2_FA3,neg,cells,sample,fa,p2,t2,64355.01697,186604.2686,1523470.589,9273.834391,206966.8084,21873.90825,4193444.176,1372663.851,143658.7601,15769859.64,76390.13134,33716.54801,45300.37682,1814688.236,16451.8355,90703.92499,1555443.783,1866047.23,140627.926,532056.7056,57133.92782,179643.3532,19294.90803,259888.0637,1534061.386,189215.0398,787836.7565,132589.0073,475594.0796,2275742.78,94467.57452,65851.68191,8846714.089,14012.85108,11893163.67,194995.868,111946.3999,199774.6251,1072242.563,1259618.196,1288449.386,77374.64604,63773.76451,26727.7757,16795.81832,2678813.337,8019997.839,41494.62257,2712352.256,136715.0861,37126.62946,,27238.1079,668599.739,5425776.253,79746.41481,267812.9257,11819094.18,73029.26031,8377.194055,129486.237,66963.62027,5241.859105,7648.448631,228723.8703,49238.03962,86630.58612,29724.578,25596.4136,268792.4604,136637.8971,473697.3278,778719.5984,75546.91946,4840.378749,103169.122,1652304.112,29268.0216,16814.74078,30918.84148,12065.1365,2375.046181,62713.47375,7784.879632,175070.3175,154469.6924,31096.9476,2919246.783,18675.23901,2543.83474,1319848.657,175331.6055,132775.3671,49578.99597,1496078.24,55044.86968,2741125.125,18501.50162,118863.2067,180274.7909,14852193.04,21628.96245,33955.56459,17526.0502,44661.25732,6611.691507,314349.0702,26815.47445,29133.55001,34145.61449,20451.94174,6137.923943,28659.23197,3042317.483,25371.46074,13787.90804,8982.206177,205917.8567,23099.4925,81039.45392,47592.66417,12114.65143,76947.2264,29813.85678,3156725.441,964654.4722,28267.85627,2413.391602,22311.21622,93865.7246,18036.18177,6754.820399,1188119.686,12882.2258,15249.54289,1711358.57,52377.61917,15941.84362,398563.6802,128722.8154,22936.20612,2936892.365,125808.6367,6593.312411,2272.356226,260365.1948,16303.19701,6121.777931,228101.3578,178764.9158,16642.38342,70659.88,6010751.289,6098.849714,468223.2562,14170.26324,4622.035699,120131.6085,13102.1019,3480.257518,151677.0903,88627.29768,406796.8571,43229.79594,1310.066297,55223.29288,6735.419722,5688.890848,141978.299,20551.56733,16293.13379,24784.91577,5454.403515,37821.39843,10166.66129,13308.714,21012.44594,25620.10754,40626.82849,8548.768158,389324.803,21075.40373,34678.33027,2298.433643,61662.24647,1752.953385,10592.3676,81581.53847,954.1307481,25530.22211,71814.55287,376.8460667,2143.78399,596664.7286,30560.85618,283341.1809,929385.843,304819.5891,4298.537882,15785.86839,9765913.399,9450168.966,14897.48869,245867.8182,84811.74187,2848.071062,4289.332622,5259.746638,5259.746638,5643.000765,2884.577797
