Samples,Mode,Type,Group,Treatment,Plate,Experiment,FApC1,FApC2,FApC3,FApC4,FApC5,FApC6,FApC7,FApC8,FApC9,FApC10,FApC11,FApC12,FApC13,FApC14,FApC15,FApC16,FApC17,FApC18,FApC19,FApC20,FApC21,FApC22,FApC23,FApC24,FApC25,FApC26,FApC27,FApC28,FApC29,FApC30,FApC31,FApC32,FApC33,FApC34,FApC35,FApC36,FApC37,FApC38,FApC39,FApC40,FApC41,FApC42,FApC43,FApC44,FApC45,FApC46,FApC47,FApC48,FApC49,FApC50,FApC51,FApC52,FApC53,FApC54,FApC55,FApC56,FApC57,FApC58,FApC59,FApC60,FApC61,FApC62,FApC63,FApC64,FApC65,FApC66,FApC67,FApC68,FApC69,FApC70,FApC71,FApC72,FApC73,FApC74,FApC75,FApC76,FApC77,FApC78,FApC79,FApC80,FApC81,FApC82,FApC83,FApC84,FApC85,FApC86,FApC87,FApC88,FApC89,FApC90,FApC91,FApC92,FApC93,FApC94,FApC95,FApC96,FApC97,FApC98,FApC99,FApC100,FApC101,FApC102,FApC103,FApC104,FApC105,FApC106,FApC107,FApC108,FApC109,FApC110,FApC111,FApC112,FApC113,FApC114,FApC115,FApC116,FApC117,FApC118,FApC119,FApC120,FApC121,FApC122,FApC123,FApC124,FApC125,FApC126,FApC127,FApC128,FApC129,FApC130,FApC131,FApC132,FApC133,FApC134,FApC135,FApC136,FApC137,FApC138,FApC139,FApC140,FApC141,FApC142,FApC143,FApC144,FApC145,FApC146,FApC147,FApC148,FApC149,FApC150,FApC151
QC1,pos,cells,QC,QC,QC,QC,1296678.543,565895.0146,6366145.895,68617.73566,34500.0877,96234.76281,375840.1645,15662726.54,951749.1418,258318.1913,16103.52735,191043.0196,245894.7192,786588.8265,1950484.502,63647.87317,2577962.088,637189.0072,3554064.343,70782.05214,75417.79668,4778925.375,48558.53777,1168007.346,21906.38519,861292.4424,13773096.24,2785397.152,3306628.421,17123.42002,255446.3209,243467.5297,434229.8181,2341386.723,34095.13349,14586.32987,117533.2387,96297.65028,10008469.95,49396.34824,8605485.731,285676.319,113928.056,114925.8995,67329.22193,14146.98349,12869.79656,72973.19781,25494.47251,290813.0721,7408560.662,1153205.322,52805.39726,5195900.754,35194.93767,314328.6966,15578.30356,639103.4987,36811.49861,2858.91073,5562.610196,7689.233205,,95207.22324,85190.27986,3417938.822,576553.4283,6807748.296,145126.4729,48803.13926,36194.60036,776621.9885,1773425.965,47965.03153,12198.84132,22323.19031,29948.72796,69888.08151,1950280.15,155475.4432,22423.21322,12278.08454,143743.8498,588877.2073,494787.0131,347627.1665,55386.91479,47612.56026,215019.9784,3244873.412,16890.99513,12775.37925,25702.60169,1524886.785,3044709.626,251088.1014,187286.4647,82295.3688,95208.11463,1250070.486,43545.67653,510633.2805,38148.57013,36181.98612,3663795.261,27502.16049,7812.718298,48165.36543,10842.90217,28434.22826,11077.29787,157479.6569,28866.21603,9995.087148,42833.56709,136700.6017,85433.23153,181208.1128,33681.75261,13610.99519,30637.13688,181899.0287,18752.39824,4268.807359,146658.5989,28137.02157,25216.82135,13511.25576,120423.6886,894794.4853,413822.57,90380.73396,1434942.705,40820.18624,1417542.636,156400.3873,39691.68789,26862.56289,749532.1111,721038.9708,34116.67305,473571.9774,293158.7242,79157.39224,5981.617828,3093658.015,5241.048365,166218.3608,375645.6481,1798218.527,5510323.56
QC2,pos,cells,QC,QC,QC,QC,1234893.878,552096.4829,6075373.39,67120.02227,30796.9956,81784.88442,353715.13,15472643.83,875242.2805,243857.3649,12854.68691,198697.6558,207730.4719,786706.3616,1856572.764,56488.8105,2459971.671,581621.0043,3399111.266,72705.55931,63970.85293,4443669.326,51241.01538,992244.528,21374.8,808293.3982,13297509.08,2637877.981,3234619.739,14254.39829,239167.991,227304.5059,429456.8494,2083414.361,32675.7305,14261.6718,113403.6122,81298.40818,9565705.854,48850.03252,8135185.128,277826.5154,113723.4462,93413.88319,49924.07828,14584.71126,10402.24545,69782.87394,19268.32473,252476.1489,7077608.172,1106547.784,46591.95645,4743046.925,31201.55769,301173.9314,14810.4511,602797.9294,36523.72438,3656.896866,5164.188544,6797.809312,1008.867664,92140.06415,80262.39219,3243570.262,512603.6262,6531200.365,133085.7147,48271.19358,35979.82076,739364.8353,1692269.9,44959.55268,11749.83389,21031.34964,28528.77375,68946.93102,1625280.296,126317.0171,21957.05017,11348.82411,144449.0675,562773.9655,493552.628,277990.7671,58086.85092,46483.50625,199381.3675,3082810.162,15773.0601,12087.66015,26223.86111,1457394.673,2751426.222,230305.7914,177003.8861,80107.12047,86890.70296,1106058.507,30851.85657,483886.5021,35206.36385,30258.86627,3501097.14,22446.72013,8003.449044,44508.47326,10741.2293,25946.22188,10503.48386,148892.6151,25488.84166,9448.89501,34008.05093,127219.383,84456.18033,176590.3319,31501.89071,13349.16992,30916.41619,174358.2927,18563.14052,4514.497026,134122.8281,29696.31596,26344.42274,12853.34831,117218.1571,861824.9618,421980.2255,90757.50118,1421098.296,45195.97419,1391791.222,151803.0945,39490.47034,25008.16913,686815.572,662693.5169,32924.81133,445941.531,261736.7628,75311.14064,6894.050845,2996446.635,4629.393059,157457.8878,367206.2406,1732142.379,5313923.498
QC3,pos,cells,QC,QC,QC,QC,1217514.748,531346.1847,5927633.239,65004.18663,31041.76435,78162.27423,337723.7749,15305491.18,852006.2634,234806.9202,12620.6409,183115.7018,209189.2989,747757.9629,1824765.502,53839.98093,2375275.962,577967.0057,3279368.031,67388.92563,67480.61311,4305346.062,43948.73598,944610.359,22230.92564,768689.1481,12944663.42,2587392.825,3187508.943,12422.33039,229831.3987,231279.8768,429797.629,1990223.632,29418.29963,12798.04291,109010.4221,71532.25809,9271848.746,47652.06412,7732417.962,280121.5064,88814.75399,94825.41149,63316.70359,14347.02454,11177.85478,66399.50632,18726.00576,255795.8592,6907261.979,1065867.944,43047.79287,4559535.939,31200.23678,289999.2895,14142.04792,574460.2846,35147.36618,2788.156722,5244.297844,6596.157638,487.5207249,89059.82182,79538.45503,3131602.795,478591.8169,6223648.875,133427.3152,44693.65262,33629.11448,704002.2972,1614556.14,42960.02249,10873.99752,20138.1108,28198.60016,64330.38563,1533114.469,121086.8604,19497.9864,10150.06285,138770.8498,542414.3308,461157.1172,268711.9663,52985.33562,43997.3325,193923.7345,2907046.422,15186.10676,11284.82569,24064.73464,1365530.688,2649866.085,221894.1678,168839.9611,75255.54545,84367.45018,1037833.014,30564.25625,460921.2463,32034.21466,29226.30575,3346102.869,22118.26865,7802.67714,44232.54723,9833.985547,25993.33121,10491.62804,143916.0616,25224.34722,8666.290941,32237.42754,121750.7565,83114.92994,173995.4862,31755.09136,12251.25289,32707.80934,171140.8208,18484.43735,4648.383338,127951.68,27784.27673,24629.83465,11738.07405,114939.6241,827509.8579,411181.7624,85616.48949,1376256.41,45748.46235,1344054.56,146062.139,38560.49532,22996.65041,664021.7419,648512.0142,32209.65223,426435.5777,248704.0171,75284.22882,6507.223062,2886090.316,3783.193012,155595.0317,358306.1893,1669758.859,5150923.342
QC4,pos,cells,QC,QC,QC,QC,1192839.664,521639.0858,5689525.147,66795.33371,35953.37318,77968.50192,323047.3787,15171169.33,835448.5488,233698.7607,11656.77769,163314.5395,185428.7975,734802.6046,1776681.567,48691.9177,2311025.517,565093.0507,3201845.726,65145.73737,59228.77,4136092.563,36510.44512,907179.6358,21367.92643,743994.2354,12564232.74,2529159.996,3071858.29,13226.39134,225312.4888,225823.6463,425159.608,1915194.157,30755.49208,12467.65909,104388.3256,70209.56749,9185818.453,47294.84901,7567665.694,273660.6999,100789.9393,88449.43135,61890.53445,13425.5035,9213.090837,65296.13983,17773.08838,265629.2903,6725203.711,1045304.703,40224.41501,4416020.419,30460.73004,280160.0018,14509.19815,561200.428,34235.70108,3169.113241,4970.975403,6498.270945,464.2944321,86255.21539,71659.58953,3014952.527,464658.1141,6083546.649,120838.8375,42742.96239,31732.24206,672233.4448,1573980.006,42072.11226,10625.22672,19272.58056,25394.60252,62655.11499,1469415.874,114770.0256,18944.52138,9970.63722,135856.8473,533097.3987,444275.4251,250621.1651,52227.05784,42442.74122,187084.9555,2871810.228,13848.20745,11625.71817,23996.4071,1306706.84,2556494.039,218612.0945,166650.5549,77248.6757,83527.73091,982627.4811,30568.33861,466112.8569,30812.17418,27347.97978,3199927.548,20066.60909,6872.481837,42625.16329,9056.289141,24788.83118,10959.68712,141918.6756,25649.08193,8155.587287,32922.10937,117921.1161,82001.94575,167476.5356,30649.11019,12123.36667,28997.46194,164435.3508,18324.20677,3891.548348,123645.5503,27908.30423,24106.29837,12217.20311,111671.5865,824657.5736,397537.7936,84096.23586,1347889.793,44588.3837,1309068.267,143470.7685,38759.25157,21991.06621,629359.4504,625922.1349,32556.95854,418949.3685,244304.2777,70834.54369,6607.366223,2819017.91,5472.000545,155924.0824,344584.3846,1626059.476,5017593.34
QC5,pos,cells,QC,QC,QC,QC,1176406.294,517663.6805,5510950.479,66550.07951,30932.17712,77010.56154,318064.5811,14985109.27,809326.9594,221926.3587,12901.30415,165034.5471,174318.5616,706696.3714,1714468.607,50072.73482,2245494.949,531975.2822,3108017.173,60688.04626,67067.76285,4016657.543,39943.61572,885327.551,18042.04058,725197.0334,12269021.29,2421959.524,2952694.125,12500.43166,218078.3041,206269.2264,427490.6517,1869998.799,30228.66478,12713.50257,99845.35217,59594.14649,8935478.173,47150.73436,7359849.064,268173.0335,100437.144,82797.66764,61119.10656,13783.82409,8661.128048,63740.63217,16403.34315,251325.3346,6477484.286,1001754.667,41772.4073,4270318.093,32244.68205,278156.9775,12357.01224,548209.9814,34001.53027,3184.238975,4781.310912,6359.095074,497.204148,87380.07225,69361.40716,2890368.641,452631.9122,5832833.453,114782.5538,40610.64472,30053.38804,651984.0664,1475911.702,39431.40972,10078.56585,18502.74547,26600.23075,64746.26457,1430107.447,116005.7452,18353.86437,9826.360526,130351.3779,520387.2258,419801.6069,238789.7384,51776.8624,41338.29535,182496.891,2799002.755,13605.7636,10679.96968,24050.10965,1275641.059,2507741.786,201465.7688,163328.3127,70743.46935,77613.20958,956130.3626,30327.03807,448454.7816,28917.74508,26948.02411,3061972.693,21475.77906,7405.860032,43152.94506,8899.268229,24203.25686,9821.697636,139875.8875,23896.2309,8458.083898,38308.44305,114363.5529,78228.71915,159613.6734,30366.60776,10885.64345,29531.63358,161064.838,17187.84159,4487.951779,120172.9114,27858.75533,24398.43722,11459.60649,111196.7052,805198.7901,391121.8872,82204.24899,1308276.85,43386.40098,1271567.201,141149.6974,38031.66683,22653.67109,621371.9238,604113.989,33326.06219,407399.6363,232517.1457,71046.1037,6043.665197,2731831.399,5270.31724,147318.9805,340228.1223,1574786.556,4837792.884
QC6,pos,cells,QC,QC,QC,QC,987068.031,431975.2075,4586173.564,44148.33304,25983.77037,63179.24265,258788.4377,13363152.87,638796.8424,180988.1637,9344.541177,149137.0859,144590.7971,560643.307,1200273.985,40038.09984,1807120.523,465615.3578,2546558.204,45350.39422,50137.43564,3233909.555,33739.79317,625557.1167,15228.39623,587350.3131,9880215.905,1820299.717,2446115.067,9571.837617,173702.1637,155725.254,372842.771,1499561.215,23819.3065,9159.38808,83853.32106,178692.0063,7741882.25,40621.92632,5896141.375,211922.649,81520.08321,65701.81888,50379.47984,10146.67803,6338.442266,53139.6991,13151.87968,191360.2672,5235809.87,801710.552,33065.65647,3389257.417,23066.91241,42887.31714,8350.835889,433747.0142,25731.72976,2003.390788,4216.016498,5269.146306,642.0644729,78267.40374,57680.32065,172384.759,353709.36,4545602.072,105892.5775,32886.522,21320.87697,537940.1743,1129229.07,32249.96551,6216.22383,14861.17425,22125.92845,46410.16136,1009880.21,89685.2467,15853.93336,8275.095115,108384.4021,424513.3064,351252.1105,185440.5832,41820.98788,36464.30156,152327.2404,2101340.95,10151.46269,7554.237304,20611.37912,1032295.323,1916668.734,174994.4471,126976.0322,61464.28042,66916.39929,698326.4361,21486.40983,428979.6761,25632.27632,22836.32774,2433818.366,16141.72427,5819.747088,33378.84451,6695.330683,20446.44382,7027.1062,111706.6374,21367.66074,6726.641857,21220.1616,91678.75723,66216.33819,134302.4183,25022.57056,9654.204051,24016.71171,136985.2416,13949.55188,3162.112278,98241.92124,22840.21518,22019.1804,9790.865956,87746.21957,634367.967,329799.6473,70558.65249,1071971.256,37966.74215,1049665.265,115994.9546,31011.41175,17861.02181,483321.277,460128.0495,28861.78535,326957.8972,182479.7839,59303.86711,4347.075426,2169255.607,3933.25171,125018.704,281460.2882,1263496.277,3838953.93
QC7,pos,cells,QC,QC,QC,QC,907887.2675,422337.6333,4146215.378,52108.69016,21713.07362,60050.52433,240700.027,12475217.04,586810.5815,169725.7602,8864.241429,131238.89,122201.2715,517927.5324,1094636.863,36807.55317,1654090.855,451731.4064,2273136.698,34509.33825,43596.23892,2891049.556,21226.53923,553977.1445,13312.14218,539489.5924,9082633.069,1649783.048,2116973.452,8742.30516,158151.3569,165420.8416,361680.5199,1355970.99,20551.8486,8603.604512,74873.4166,117405.6614,7044385.82,36948.7177,5344611.509,184649.1871,64473.30588,54825.48139,43564.6645,8974.761919,5768.203371,50441.74581,11172.51763,158179.7598,4707993.061,728424.5525,29971.42336,3073534.768,20834.77328,47190.27043,9877.143659,400523.7464,24252.52957,2775.668287,3674.341483,4032.82843,494.2625009,67970.47664,49375.7635,144595.3683,317746.7803,4202793.403,81053.42445,28703.66419,19418.09572,488541.9692,1005720.908,28433.4052,5499.045195,13027.84512,20560.59141,39608.81837,897939.103,82598.15706,14736.94064,5892.648492,99534.86251,382078.2631,309090.6347,163467.1209,36960.64436,31792.92891,137983.1195,2097179.409,9781.856091,6770.08092,18929.54109,919474.1631,1701900.63,155490.0002,113206.1702,54486.07246,60155.47909,632502.703,23959.51726,427479.5602,21761.34607,21025.09355,2181151.703,13218.06784,5400.662439,30770.50907,6771.496005,18541.10451,6027.846581,100075.2432,18916.70731,6344.940234,18093.14153,80041.77568,59344.76368,120595.5128,24493.57846,8763.388242,23373.01863,120994.8741,12661.99812,3416.762315,91436.68188,20602.85278,17416.08346,8231.060978,81933.50736,586966.9782,304030.7037,63554.52485,984352.0281,34549.12552,961433.6327,109725.1209,30564.29808,15150.53178,425537.0767,429962.3128,30076.84005,303950.6453,165645.6216,53081.30688,3876.824021,1998457.92,3892.948566,111998.008,260065.9774,1136662.214,3530619.352
QC8,pos,cells,QC,QC,QC,QC,889494.953,384858.4872,4033311.622,48788.59826,20537.98811,55788.15919,228892.585,12056044.77,561985.1118,163795.0056,8154.703457,128483.0242,110846.9125,485122.1686,1043876.106,33504.53539,1606396.849,413759.5083,2202853.923,34067.04916,43348.47191,2741687.914,29080.68202,536645.4176,14207.11328,533927.4938,8663527.467,1602958.614,1983082.054,9193.079999,137924.7705,145455.9371,373126.1426,1333872.046,22011.80133,8228.558494,73152.88218,120679.7845,6824648.253,35744.23898,5127451.749,191483.5519,75154.5681,51324.56672,41879.56431,8261.143831,6125.957738,44887.07991,10898.15682,154961.898,4478459.79,680901.3177,27715.84192,2934633.143,20149.95626,45379.20964,7473.396143,375645.6721,22769.32108,1741.78283,3069.432075,4593.7708,159.4405271,65116.88965,48382.45482,151145.1594,308607.8404,3888810.811,77849.56068,28670.66472,18757.87663,467774.1939,961398.035,28063.37282,4713.402812,12676.02918,18073.46714,38637.50118,870430.0492,79976.88071,13392.31801,5507.606388,92736.63643,364844.6368,282683.5643,160049.561,34690.76302,31832.22452,134790.7977,1745974.287,9213.048484,6227.952022,17027.58077,866646.5451,1671455.82,149195.7486,110880.091,74621.40175,57924.59922,618523.616,19315.22721,430675.3493,20374.16271,21900.98052,2019422.896,14164.41155,4993.79583,29670.93669,5776.563758,16664.87414,5361.702866,92814.046,19049.46357,5445.140734,22641.00509,76490.64342,57174.80337,111006.6184,23859.72484,7659.40196,22456.74334,112380.0964,11485.62034,2975.095874,92139.00483,19624.30905,17455.67964,7459.01913,77286.3683,564564.7083,287492.5407,59706.78878,954906.6948,33152.15033,933578.3959,102975.9552,28657.30027,15063.07344,420228.9834,395227.3071,29980.29056,278389.725,157660.5946,50202.51658,3748.406859,1889491.911,3448.437607,106832.8783,240817.5292,1084811.997,3319482.913
Solv2,pos,cells,solv,solv,solv,solv,64030.42091,38556.19683,65879.60704,9213.770221,4492.234896,22386.80315,18425.72036,337076.9138,34735.77677,280.1892303,4013.307809,20114.76285,700.1795437,61779.93131,35028.54722,7616.110571,138998.409,592447.9282,25295.54714,1945.541142,17185.22694,6797.880088,,31349.07472,6231.854893,72072.14336,289798.1619,80649.67738,10746.46485,1923.407829,30039.85071,107039.4534,15837.96287,11799.66053,12192.41494,299.276716,3228.998535,24835.58275,51813.43646,16462.32666,95373.21374,21512.33424,13826.01378,,28905.55787,4174.078039,1260.99331,10237.74969,75.10521623,2306.88232,32168.48246,19183.50899,2082.932756,15105.88082,2548.500443,57351.17369,6063.190515,4877.838163,1953.338117,,,,73.30520807,15583.85468,209.4123664,2450.908758,26553.65531,7981.633399,3430.976577,689.3680368,147.7025634,16116.74123,46367.53803,4960.298163,,,5600.612438,1797.181838,22023.08908,8207.573499,80.88428457,924.7466907,4749.533742,6097.271817,5213.072763,708.6369385,2767.607387,4692.771345,43360.94332,5181.702213,,,3470.151736,5903.114536,6053.793009,23081.82983,651.4780007,27339.57776,23257.02227,2258.503057,171.2013379,2345.179949,4939.48422,696.4078012,250204.9145,703.2187954,71.43618017,770.0361819,,517.9716724,230.5386265,1941.958491,19932.36791,176.1043651,675.5395435,738.0475443,9585.816329,1948.401909,11543.44264,,13701.82716,1896.652955,85.18774659,176.6678695,1698.576436,76.5850435,71.21901222,,18098.27172,6747.734562,10336.88012,3108.85733,12413.13809,80.39240608,4127.240331,6089.116628,3344.395276,338.4625122,7093.792725,5321.763848,75.07559846,4862.958215,3605.963497,890.337283,,4116.009713,319.9540587,2564.905411,5388.574874,5593.165927,6998.627885
Solv3,pos,cells,solv,solv,solv,solv,57243.52985,38706.53239,58399.27892,9393.46661,5860.071903,24493.56373,7573.446544,1362893.493,19688.8666,74.54679789,3219.26011,11495.5408,78.36292928,54198.23822,24010.07186,4509.019979,90801.69288,359463.5672,26309.41003,813.5502956,11136.60246,3541.073155,,10216.10199,3672.882679,34920.84602,206084.6159,55864.45389,37442.61274,1001.918717,21450.24765,59469.75947,12344.46572,8463.80406,7623.336171,92.90062466,1459.370818,16482.21583,67651.54436,10506.9069,95944.53701,12089.02098,27542.12343,507.2914798,23421.02431,396.5095497,564.4686114,4907.238631,,1123.070871,27281.7684,15943.59721,1137.550376,10213.73764,3974.723534,35620.38772,1354.693047,2553.419492,1340.719675,,,,,9832.491549,214.6146349,38804.53619,28182.54601,37964.09863,22130.70714,329.4265076,78.59696469,2909.708779,32636.7718,4773.974087,,,1992.493527,1513.414837,12284.72739,6198.471207,,,3204.675792,2748.73771,1953.721735,72.39017344,1812.115794,1991.168249,30192.48448,19800.58717,149.2911423,,2906.143922,4715.116862,3055.294534,18322.8962,946.2496581,16001.80534,16030.30272,1265.293287,,1238.198498,3029.074065,,286347.2605,188.7230163,,231.8744186,,1523.449203,147.3645906,1184.235343,14508.94799,,146.936564,900.7694459,7165.19743,1446.371402,8881.25546,,7414.410404,3072.066645,,162.60075,959.6298129,410.4253879,72.02184771,,16054.88648,3976.325878,18904.63512,1751.813754,10163.66351,545.1954502,4010.045888,3981.23351,1245.434975,,5875.056891,7708.373703,72.10118315,6869.826532,3924.969,404.2162023,84.16109982,1523.463155,256.8728868,677.0288656,837.7956982,5093.524495,3828.33161
T1_P1_C1,pos,cells,sample,cntrl,p1,t1,1218661.835,566230.3042,6190136.106,66108.66203,39201.98687,75402.34931,408220.8269,18364525.94,1130394.154,254507.668,12446.53133,214618.287,298336.0702,727712.1978,1922321.041,68712.92652,2293691.856,666072.2562,3336224.925,131834.1858,88919.72864,4546136.682,59659.40863,942603.4641,22680.98121,882488.7317,13629142.43,3046531.868,3711066.347,20533.42959,261866.2933,194126.353,334622.1861,2719956.638,28949.22759,13783.39302,135813.4113,139686.8731,10194379.55,59833.2251,7861460.659,333842.6801,107352.3824,122318.91,71242.5531,15322.0387,11373.7337,87156.52035,16893.60332,286416.0644,5464767.819,1306104.694,50574.36247,4843595.003,31785.43083,30547.89688,16828.71797,655032.4177,39440.80063,3553.615,5274.397157,8856.88226,1005.973957,141343.8889,70051.64148,217270.457,534120.3996,7369762.083,137124.8943,51043.25031,38194.63506,929387.8225,1569915.942,37814.9334,4770.356733,29314.64227,37700.07175,7048.216444,1513179.304,196132.2475,27253.3139,12423.80623,164124.6936,778575.2136,522114.0011,390794.4054,60939.87555,59655.93558,318241.641,4458659.907,17973.22506,22749.00045,31843.39295,2095987.6,3550133.341,456580.4679,260502.0707,164209.4033,243311.4304,1816591.988,26620.42705,287875.7017,26521.17062,55560.2322,3936503.593,26863.20139,12298.32183,64485.31253,11709.71441,26102.86257,9837.197584,233315.6693,27893.2514,15618.76467,31572.67866,80557.50181,77183.38453,237850.0999,17904.29059,14937.88874,19974.07861,242088.8939,27697.63275,3067.344239,162731.564,27436.97793,30378.76994,26121.90591,206568.4584,1311110.233,433819.5488,147794.5192,2540177.495,52986.66616,1892075.49,252434.977,54664.16709,26706.51583,631790.965,601651.5922,17184.97209,450914.9452,183364.97,65831.80194,5271.333698,4013107.714,6040.556843,204003.1108,468505.5502,2221261.086,6673302.895
T1_P1_C2,pos,cells,sample,cntrl,p1,t1,1193422.738,529600.5873,5802383.948,62603.8954,26724.40167,68706.07732,402404.2435,16375152.68,1003113.733,238783.4381,12849.63507,167496.3475,193656.6556,699461.5127,1442565.12,87454.37132,2191698.371,622846.5416,3124669.724,36553.41398,50852.40257,4287615.865,33570.34058,792195.7376,23623.22364,782976.9124,12801055.88,2313921.127,3292916.059,14603.60687,218369.7663,180779.0119,287382.6449,1958281.415,43633.95504,18829.68734,129568.5917,229476.5848,9428167.183,52104.98099,7610203.74,235221.5939,74454.03152,104034.2548,54093.01781,12648.11108,10010.9157,82623.87345,16538.86866,273782.4298,6135311.467,1297046.01,44940.01089,4344335.42,28664.34735,230653.9937,12936.39897,542498.6192,37991.34157,3658.73672,10430.43133,8577.310413,559.2579598,123084.261,71696.79685,2783536.966,490750.2484,8190423.308,113097.4697,44646.84853,31007.40748,909285.8242,1372463.988,33778.47369,9578.520702,25510.11212,33331.96686,4730.366722,1429883.012,124362.1773,26566.29735,12964.6494,129681.2804,731597.0182,333233.7804,245554.3631,39604.00776,56297.60719,294009.9224,3864330.763,15742.92165,14904.4403,27723.11311,1317232.215,2608211.502,404387.5179,158337.164,145109.1818,205492.9035,963925.8392,32750.66671,280292.8489,24386.26531,19240.06108,4335721.633,20688.76933,8076.432648,43873.67452,9901.3213,22924.67041,24983.45018,182152.2948,23559.27036,10088.71525,19241.14298,148462.6723,73729.09926,233422.2792,21643.91934,17164.38388,23018.62973,235056.5246,24479.20554,2858.582003,120584.1945,40440.5018,34988.43948,12223.91402,130295.0052,892718.0137,537258.3403,108194.0162,1677616.044,58858.2352,1413320.192,166030.8755,40447.8682,26966.57003,615426.2541,592512.1445,25214.1826,417331.2155,281913.4489,59697.3103,9189.177013,3093909.906,8264.436754,164006.7002,383345.2511,1779322.251,5618855.031
T1_P1_C3,pos,cells,sample,cntrl,p1,t1,1008199.221,474053.4197,4885655.776,51991.18192,28665.97236,63489.05468,288780.9847,15159121.27,967179.6704,208265.4735,8575.788668,168365.6882,164503.2396,556555.3712,1299905.248,84641.20213,1671260.108,505740.352,2819886.367,42545.00689,61030.50627,3622820.794,,629805.0747,21502.89104,678309.8919,11015960.39,2227592.752,2654899.302,11042.73719,177995.1817,182938.4595,405933.4445,1987002.477,22083.3255,17000.45027,99757.55018,222426.8239,8776768.638,46125.59417,6161478.918,247188.1305,77552.04359,70135.14027,53244.39845,12401.10392,7720.965482,67326.91598,11534.54962,224109.469,4409954.498,957887.3142,38446.57464,3754233.35,23795.65836,190731.328,11614.87432,445795.5487,30244.68595,2343.088421,7680.145557,6974.763971,874.5886065,102475.62,49536.23118,2454223.062,403199.3321,5896916.806,102659.4502,36790.19391,25238.34278,684023.3392,1231949.161,30531.94006,5605.80025,17585.59473,25062.53331,4212.31064,1155594.337,105520.8116,20617.54272,8783.469862,122127.113,543736.4006,347724.4665,222105.1278,42635.68187,46156.75649,232023.7245,2538271.033,11840.47584,10170.59446,24974.82867,1396136.744,2365919.607,317756.2012,145265.6222,116640.6867,172258.3647,879182.1471,31647.70168,290243.3578,18877.55579,25562.87841,3499750.751,18318.28638,7721.429339,42258.89474,7286.575337,19949.51054,14323.26831,144627.3058,23961.52201,9720.36741,17463.01946,135339.4317,64446.56258,175544.1312,35610.42903,12477.42681,35856.82175,173761.0453,17975.18199,2551.902273,125338.9322,25372.72938,22182.11626,12673.45913,130532.9873,950230.8721,362083.9978,98559.68129,1614846.439,40379.89792,1598296.712,171149.6129,43941.17756,18544.64037,506094.1802,480197.1612,16967.17515,323972.752,222351.9173,52756.47389,5589.669061,3213215.175,6416.531215,169917.6094,382336.275,1996721.43,5205708.223
T1_P1_FA1,pos,cells,sample,fa,p1,t1,1325263.436,533842.6036,5996388.669,61772.90101,25249.34123,74065.09893,358507.7453,16580799.66,793321.9192,247137.1883,11833.51395,191156.7861,176923.2927,813819.4291,1725991.178,39983.07722,2109801.826,618308.7923,3178087.123,18393.00046,59519.07527,4249667.926,36854.34123,853545.5513,20971.54829,788923.2239,12477236.41,2398321.006,2977154.043,11387.24066,236994.3989,210884.32,337927.7911,1695540.413,24652.2291,19481.49617,129020.897,124104.7451,8587407.281,51521.07669,8251566.795,220721.3656,97267.05993,89273.11375,58555.45349,10948.15736,9474.93553,73084.158,12786.85271,240323.7179,7786288.925,1258553.107,41977.85389,4449435.445,35876.76645,412172.7662,13529.94971,720676.8167,38169.26453,3798.621525,9612.327055,7491.839651,1866.480511,94718.90059,67516.8149,2884333.519,461351.2909,8172874.133,153764.6887,39243.59702,27136.00576,822240.307,1508890.144,40914.56286,26525.94602,25876.72092,33824.23931,313531.7732,1409017.551,103319.6939,23243.0078,12625.15522,145928.5036,689113.8254,385119.1284,226197.6746,45969.98433,50687.80962,155955.4193,4097340.459,17160.9689,12070.19314,26830.97484,1356088.589,2288646.241,163265.9456,125963.2801,57589.12989,57656.09857,1008798.097,26072.28589,799470.8655,35110.28191,32686.17866,4092332.748,20242.11374,7516.545248,44967.0002,11742.0531,24243.36814,20521.24588,156412.0454,25972.74305,9573.83854,32426.79382,108748.7257,85798.73398,213923.6404,18573.81756,15553.02716,18773.72731,217059.1412,22131.63362,3864.619665,136014.5686,39585.15167,33704.72171,11095.49025,106500.9499,1004807.659,578888.388,83199.52173,1496449.824,63881.11249,1672010.207,187568.6738,49911.90482,27097.32057,657236.2096,668479.1266,33990.59532,431793.022,355872.0974,86933.07817,9247.015999,3360684.893,6842.959709,179043.0852,419270.5356,1919757.697,6391836.14
T1_P1_FA2,pos,cells,sample,fa,p1,t1,1316581.735,550236.8013,5954543.017,65618.51141,26170.25883,73573.93468,408063.8997,18269803.25,776717.8591,238633.1011,12243.66482,186509.2012,225135.7528,682819.4703,1551495.589,80629.32832,2279334.046,636758.0421,3212333.836,100395.139,55017.01178,4261816.604,44201.79801,783712.3304,24328.50359,794337.5005,12858311.42,2595105.479,2939669.965,16284.86437,210116.511,214822.1895,378757.4857,2398583.539,20509.00967,15572.23414,129443.3621,253277.5567,10398795.54,57761.9109,7250225.554,231977.4438,91538.66892,77689.37228,56813.22441,18351.21618,8591.523997,80230.92974,12157.06584,235635.8211,5598962.981,1342704.23,47174.79405,4136076.019,32421.45724,210031.1962,17163.85004,560974.9,33669.98453,3891.94073,5038.451834,9296.149853,289.8525915,139261.7901,77052.06349,2669288.526,502961.7708,7406028.79,132128.6264,45705.0277,33133.19103,884402.1476,1310211.772,35649.75808,11328.6216,26731.12875,30709.34545,7351.194941,1312797.091,140716.4468,25239.0722,18772.88139,143814.3342,703728.2328,381384.0971,291308.8266,45297.20259,50356.22557,334348.4023,3649187.025,16855.8598,14399.30667,30038.84598,1409955.868,3183205.906,515899.1218,184199.6075,173577.3474,265684.8909,1062789.195,35312.76249,256805.5091,28350.45523,10298.44103,4013408.277,22955.23302,11386.68287,55929.41916,11890.75923,27207.00926,13002.92331,232221.5083,17118.6852,13445.25297,12978.57194,127259.1071,81498.44469,269643.1518,26800.49643,20124.11225,28866.75653,262494.6072,27057.82962,5074.540842,122155.8704,38311.32954,33713.16493,18624.53632,129282.7495,837295.9233,506479.3538,108652.1467,1628367.075,56483.41736,1371664.849,151636.7989,38490.18408,29118.32175,668234.9588,593211.2915,18680.37079,437711.0567,231201.8847,75106.6766,6561.483218,2613731.016,6172.48696,139813.4324,339039.4016,1439196.649,4961445.363
T1_P1_FA3,pos,cells,sample,fa,p1,t1,1060866.502,450429.5239,4706385.664,45092.30612,28338.35969,62212.76445,279900.4379,15535937.04,596787.4739,192913.988,12612.6085,159454.505,146931.8982,527865.9034,1258402.08,56380.4879,1558918.555,526427.7217,2462354.268,17251.13924,42014.80866,3394753.037,,656359.2195,16523.41547,570231.1592,10199418.84,1986098.767,2346120.774,9774.727371,162439.2784,178680.7921,347328.9196,1620020.449,16033.49675,11584.35638,90812.65867,183125.2536,8300509.189,41912.90545,5582576.474,235708.6405,72612.79549,68643.43783,46568.57791,11809.66932,7577.065356,60382.89443,12234.77159,210265.2511,4904753.386,932266.8624,28339.10675,3578752.461,25212.28487,353250.593,13921.0714,472351.3135,29868.50868,2795.840863,5260.880394,6091.234457,380.5849978,77219.87337,52043.85148,2357313.949,335608.5946,4959162.016,97172.18692,39353.88098,24275.66501,583043.2089,1253894.884,35861.1436,20976.3687,18072.34067,20722.51339,5133.172748,1048783.077,85323.05364,17184.0633,8132.026028,120063.8965,479507.1238,338936.0294,182543.6006,39315.39158,39862.95879,184424.5294,2213419.602,12328.6766,7460.75959,21894.20669,995052.4653,2023610.734,238684.7971,101180.6617,84532.13869,109260.3922,742696.2786,31400.53342,343076.8094,27144.80069,9920.165452,2956461.922,16757.95852,6474.449679,31696.72753,8263.377348,21899.07161,9176.750724,114450.1667,23462.26331,6565.723887,18611.12239,90708.88949,62558.71365,141593.0969,52875.55874,11424.01035,50634.31882,150087.9855,14081.50737,3205.598733,128280.2239,25451.49495,23165.28277,7644.477385,109511.1816,777961.2417,366905.9952,86326.67209,1337330.872,36881.46909,1387405.439,133929.8707,41368.43143,17616.1411,515092.1131,484222.4951,15740.35937,328791.2345,218715.8352,80234.06318,5076.495182,2594393.535,6028.290887,151385.9639,338558.3007,1463853.174,5123292.081
T1_P2_C1,pos,cells,sample,cntrl,p2,t1,1201383.385,544968.976,6229403.715,68470.88905,30838.95614,75148.10049,400714.8083,23671367.39,1220020.873,246712.7149,20349.84663,260267.5653,256009.4967,751055.5701,1638438.692,66345.56481,2152888.816,663607.5246,3411375.287,53838.66788,74474.34093,4408838.785,,903804.8776,28102.77592,939616.0931,12831235.25,2587704.882,3055672.335,13735.65423,237229.9006,260987.3097,379740.0303,2217747.38,24806.43216,20170.04425,142814.8913,173340.1087,10839075.11,46322.88404,7441472.942,267436.9753,97622.89507,83396.15186,66769.9098,15384.49001,9259.184607,83620.66021,14866.72145,258389.3911,6162247.369,1433627.486,31948.69483,4692505.41,35412.94189,462294.4878,22659.87005,628782.6876,39278.93577,3714.989069,4217.506701,8710.256587,2073.303471,92404.75216,75147.3167,3021013.768,366706.5918,7073517.499,133459.7781,43752.27836,32138.81689,1040931.65,1572610.632,43135.86996,29482.77158,27051.42089,34894.99692,43739.75888,1510222.593,137077.2169,33622.64597,13369.02384,207522.0337,750173.5147,497552.353,332660.4751,57204.70628,60338.06275,224102.507,3805572.876,18321.06057,10324.55951,26107.56973,1640287.686,2719720.593,290318.3807,122519.7171,124575.5852,136029.0869,1158167.614,20424.12568,444630.1719,33396.36026,10905.82414,4362179.416,22050.85214,8822.94452,50851.89926,14050.34922,25298.93486,5933.762779,182097.8413,24318.38191,10522.6864,34220.56797,49330.55375,78885.80522,212677.2307,30651.47041,19575.07574,29110.51164,241556.7536,23539.72648,2411.72669,154357.5816,44252.69159,37996.12462,10846.98262,144775.4316,1245228.891,573207.4873,109553.2437,1940909.479,56850.97198,1891318.056,208801.6507,51360.73847,22188.17167,710075.7431,668310.8431,23102.12878,449018.8046,252157.6705,86492.89645,7124.932379,3373824.746,5352.286973,174273.2519,405827.9503,1945910.169,6032144.372
T1_P2_C2,pos,cells,sample,cntrl,p2,t1,1172036.927,528981.1651,5977257.284,66967.15243,23416.69352,67832.49294,436713.2336,21174154.77,1025384.973,239013.3792,17656.786,227149.2091,225109.5327,686395.5576,1482297.912,49225.40525,2031633.776,667823.8335,3091102.501,88797.34032,55994.06759,4245640.46,39151.47326,969676.8394,25554.87387,875129.4837,12318536.27,2365338.922,2568456.994,13660.74371,207068.0269,272663.7738,541156.8265,2270466.683,21367.85488,15300.23947,141222.3008,240331.2108,11161131.49,47804.38203,6752461.639,183612.2876,77165.56431,80162.76567,63236.216,17619.53402,8415.481678,82084.88056,17695.98409,271747.9222,5078070.05,1536340.252,40225.15945,4126888.304,32737.54455,327760.3685,17639.22813,473716.0754,34875.42049,4773.041301,957.6967346,7888.075303,469.7102276,110685.0985,94699.9848,2704149.301,426296.7097,7183609.639,139455.162,31841.53595,22100.90927,924153.7136,1392072.721,37989.52922,42320.25798,26778.68914,25439.49228,29983.01249,1555542.86,148804.3745,33074.49067,15401.36351,173196.4198,658322.5649,465776.206,291800.0258,54538.05524,53331.36815,270190.5229,3016759.937,18916.34447,8463.793898,27263.10712,1627733.282,2842838.21,370488.3563,147665.2388,129512.2648,202015.6883,1163802.415,32381.05816,403033.3766,23434.32228,15612.24269,4082132.067,26864.71498,9472.80486,49985.54859,11954.5007,28587.02422,3578.912504,197546.2522,25830.82371,12106.61209,19772.63812,59109.5271,84932.92137,255002.2356,50911.77328,21410.37556,41594.48267,262418.9571,26834.85988,2267.765365,114350.5127,46924.55107,38328.36643,11685.88785,119446.8108,1035400.212,598650.0726,95116.04611,1620497.874,60778.73522,1662089.143,163208.5988,42812.41119,23547.49988,705576.0818,649320.596,20814.01374,429459.1957,276174.373,61368.00822,6332.417114,2947820.82,5681.114723,156361.1439,371045.8299,1573196.484,5627123.119
T1_P2_C3,pos,cells,sample,cntrl,p2,t1,872441.33,417885.2943,4511311.117,54251.50958,17719.17132,64810.1605,253924.2528,13968321.78,733719.6667,174733.0889,7605.307673,137186.7166,73572.80974,619560.0799,1249103.815,30347.37453,1337298.959,449405.3899,2390029.164,34086.36741,103710.3364,3147415.683,,591969.9922,13956.1908,603961.5649,9256179.706,1693227.766,1964414.727,6017.581473,153114.8934,235504.349,421713.3374,1213068.192,22292.08937,9976.776219,83309.73092,75271.18603,8607294.405,34161.57845,5336989.044,138025.4323,70326.17539,29082.48612,49900.66262,11703.02094,3392.274292,49339.41164,7076.443984,120730.6148,4814338.83,888002.6708,26165.44815,3270166.803,24624.82419,299496.5074,11463.85263,365565.6295,24532.49458,2220.997595,370.2051814,3603.368435,1261.177706,60865.88148,57253.96887,2155277.794,301528.3543,4391091.849,92657.37695,15732.0293,10475.29856,501085.2426,1128211.708,33919.07308,30841.32813,16283.74041,15922.14299,36567.58636,891787.3877,63221.00041,17447.95911,7538.414732,111921.2119,358860.6812,302282.1464,91487.38713,35971.54006,34068.27153,78282.27583,1736483.904,11635.8146,2817.610426,16195.47633,963521.8811,1411268.508,73018.65413,82675.99118,17325.89478,24380.72609,544363.0511,27784.36509,1271950.164,33677.26843,10606.81097,2803562.175,13688.22474,4662.110256,25821.44985,6105.584658,20484.04105,1379.723755,86345.35665,24989.7505,5773.005069,16233.66686,52006.67099,101477.9774,124800.7857,76687.92554,9684.159316,61619.95231,126872.4891,12716.14657,2282.712683,120936.9104,29801.02953,21935.19785,5882.691746,86858.74028,906313.9994,400141.4749,75045.78197,1254510.264,43342.91585,1792247.887,49320.5603,48838.10464,12747.61127,470141.4835,493217.3063,18927.89366,348747.9932,170065.0694,104065.667,6449.881523,2772145.65,4992.583742,157026.3468,367997.2729,1528181.123,106523.774
T1_P2_FA1,pos,cells,sample,fa,p2,t1,1255317.542,507754.684,6430935.873,64759.59193,31327.31002,82042.18722,389138.646,22263108.54,823353.5435,232515.5576,15827.04372,350724.2962,349514.5944,788815.6827,1665932.508,95832.91876,2382507.334,587901.994,3527954.372,175086.6114,258514.6051,4123908.887,17977.60036,917774.1519,21478.81862,949171.94,12059885.54,2831797.954,3170877.84,19671.08513,258541.8897,234562.9738,467774.8746,2787761.62,28930.83453,8554.033061,125494.5618,135819.2122,10862486.54,56823.2386,7362505.299,339404.1209,96917.4153,78044.20414,82000.58674,17810.59326,9410.099079,79789.99128,13376.19574,182676.7445,5154089.654,1164961.735,30954.52914,4683704.845,32878.91693,247523.2978,18266.42357,713177.5147,34944.9747,3385.183003,3500.969495,6763.938936,4288.516238,123239.544,86879.74145,3127774.522,347172.9586,5058182.096,136526.1898,67650.85737,47969.427,862418.7307,1633618.506,40755.71583,4936.074171,26826.25441,30624.48317,8381.193281,1408014.862,182660.5623,27237.86364,12208.0398,279630.6256,623331.3971,905515.3696,463595.888,99982.514,47793.77761,119474.6972,3563354.728,17994.56569,14576.40058,29977.89994,2726108.774,3310600.599,120038.3112,262241.3272,65449.08692,38160.04343,1867923.986,18322.1218,664070.8902,28504.49016,35319.20497,3045794.711,19919.97161,14600.60218,76045.60326,12034.52367,26395.47065,6996.305089,269164.954,20688.77886,17372.9322,51180.70754,90363.40253,84692.7339,210186.2578,17409.81543,14424.61689,17406.80233,227067.4371,28722.97648,7353.250496,164584.1956,24676.77792,25121.49251,22020.52321,187365.9123,1114806.259,365417.7142,134207.265,2387866.79,48521.29607,1754316.093,248457.7248,57900.12489,26196.99214,678193.9451,579871.7251,12326.78932,400404.6968,181072.6334,69147.80161,4907.127295,3541702.584,4913.046109,182430.6949,425131.443,1904822.678,6291738.206
T1_P2_FA2,pos,cells,sample,fa,p2,t1,1120266.565,496877.7475,4976586.757,67072.58763,20444.77883,63021.46029,328184.6221,15279291.26,589457.8572,208512.7224,12235.07919,165049.2189,143043.5738,548748.2542,1212096.098,61989.1274,1677818.58,524611.4647,2617071.675,64767.96542,43783.87523,3638919.047,37019.78579,696152.6048,19067.8056,592539.7522,11118534.51,2029720.088,2545376.321,10571.00046,177288.5975,174963.7184,407397.0193,1677327.24,21704.43739,10074.567,97563.21532,188222.809,8694726.631,41274.33351,6129354.778,173500.9038,61315.9872,68263.68896,48485.42915,14678.22717,6683.348369,62259.6711,15394.04395,218313.7929,4775043.36,990872.916,34730.68142,3573399.067,25772.24942,241008.4603,10970.82578,443805.632,29159.00995,3253.039535,2796.492346,7149.084002,244.6968195,84869.67778,66157.775,2389720.914,374854.8861,5481510.765,90847.62719,35076.72226,23618.31369,664310.8795,1208753.234,34072.38193,13398.59472,19364.04781,22920.18944,5486.52951,1154916.772,108838.3315,18411.38409,10177.57966,123725.7533,495810.9252,346267.651,174911.7239,43445.18459,40623.85248,240260.1183,2190031.758,12284.83256,8095.65435,24157.54263,1046956.03,2161202.756,316429.6477,127507.7191,119266.2331,167185.61,684638.1494,27608.39147,308637.4014,30882.78635,10650.48631,3047759.586,17130.11597,6135.017243,35108.16206,8303.511502,22520.09727,6103.985642,122174.9056,24980.33801,7392.084977,16303.51385,66521.92937,60286.06291,184934.3826,29590.68313,12168.65251,28649.70775,170165.0532,17006.37652,3349.507656,105338.5801,29546.16028,28122.60597,8763.615776,106264.5647,827580.3365,420985.8342,90269.42784,1365420.549,44409.58812,1433745.245,128277.7461,37432.29756,19390.92102,563811.8584,545105.5236,13021.0239,365356.2659,223602.267,79727.32625,5293.967423,2641659.373,5434.51567,144729.2488,344378.3839,1447306.374,5233205.916
T1_P2_FA3,pos,cells,sample,fa,p2,t1,1107253.154,471986.6939,5171141.142,59158.107,23469.8862,63010.94586,335190.9243,16906689.45,724196.2213,200962.9795,14626.39955,170006.8301,131354.5329,593634.1196,1213701.446,48094.29812,1764962.401,575427.8808,2856417.095,28485.77741,41358.1504,3696436.04,23069.16281,728637.1886,18903.87427,671755.0613,10915657.51,2105360.377,2298607.8,9410.787377,173752.258,202764.8325,455876.8769,1593874.603,19616.82078,17810.60098,111399.3447,191616.7707,9695099.703,45851.60759,5841610.941,194637.4067,78393.47677,66886.44206,48317.21469,13580.144,7054.778301,66049.53065,15887.95346,217088.3608,4711695.756,1201798.86,35517.65564,3725843.955,30576.11035,379042.0951,14607.67773,446130.2009,31079.12423,3496.804447,4333.150897,8271.326277,642.3193864,89134.09524,66582.86942,2398925.387,362364.176,6826077.135,123528.7729,37114.45683,24773.51209,722074.3807,1259847.515,39242.02324,30622.4046,22193.33186,22212.25902,6972.531346,1302686.463,97827.00051,24004.87717,10765.52908,134700.3055,531591.2058,318284.2587,170465.9061,38498.13403,44620.36823,192961.7045,2758760.985,14342.25845,8690.380077,21686.10555,1221637.28,1939519.545,252479.7902,116820.6606,82631.97194,117424.4108,721388.4503,30991.44368,372213.6216,32519.33793,16211.13406,3860347.592,19439.18097,6371.483566,35079.51318,9807.581818,23996.31018,8498.985992,113916.4003,16222.49761,7411.852521,17608.84853,103419.2129,63504.18004,199266.8653,46893.25267,15527.16306,40344.2657,187998.2743,18325.93634,3558.62238,111192.7178,43919.51598,35620.69127,9342.429196,99944.31578,751202.3919,574968.3922,80957.01793,1216881.048,58071.43344,1286032.567,124471.1034,35737.99854,20443.3208,610160.6002,581571.5397,17100.37979,388093.0299,270188.1381,69400.55365,9240.779909,2581410.531,7147.13758,142345.9294,339648.9164,1463635.075,5115766.415
T2_P1_C1,pos,cells,sample,cntrl,p1,t2,1049582.259,442292.9151,3902835.919,47113.58913,29343.55815,58786.24736,189430.312,14547289.78,1099393.953,169957.4275,9129.560269,79754.61347,128742.3196,496061.2155,1039266.043,44120.56212,1420225.107,503360.0715,2751792.374,14119.89626,32285.44127,3387361.398,28171.94667,430205.6202,21257.97514,657914.9312,10444299.82,1941393.105,2351419.842,9954.440169,168426.7682,207446.7993,252458.1294,1368016.944,23662.3163,180.8053944,87548.01248,158748.9227,8917535.244,41373.23638,5484910.2,264845.1066,75270.55286,51203.47735,39362.35359,12057.19599,4918.851667,61361.42741,8834.467046,198276.5165,4115055.429,915356.9903,38983.11751,3302662.01,21429.85433,283787.9612,11791.22751,401277.7775,27400.61917,2060.321929,5030.063476,5041.371018,155.4051686,90333.79763,41708.93067,2172205.851,408666.1557,5910869.817,95979.53243,24159.03026,14278.34311,606053.6824,1052468.393,25686.95304,30208.33036,6364.462176,31381.31319,69298.71209,935691.722,75644.75738,17505.64767,6594.370144,55468.93119,487041.7605,169858.392,158187.0543,20983.79583,46995.2147,250296.2979,2251824.705,9126.480994,6682.719963,22096.15469,910309.1825,1664386.936,354880.8563,120033.6526,127852.4256,195921.5707,481863.1059,13463.61754,258674.1008,22259.11519,10668.16013,3221482.925,16085.15673,4115.485141,28440.73971,8202.580907,16868.93882,4932.558571,78848.0368,24070.97527,4919.710307,7529.615283,26058.95276,55942.48114,131176.4518,15858.87127,9789.881073,17188.51373,137246.6913,12348.0935,2021.88797,83224.26456,30431.71512,25561.40791,7088.651611,91551.22111,863826.8939,432704.8987,85137.80278,1409104.18,43488.82273,1383273.372,146892.7834,33702.7828,15384.21125,445837.8992,431485.8609,34388.63732,347355.6247,153338.86,68006.51201,5483.431613,2475935.74,3795.216391,209579.7013,380772.4997,1569704.748,5279524.183
T2_P1_C2,pos,cells,sample,cntrl,p1,t2,994460.356,453994.9489,3713865.06,45975.25343,27247.43278,54269.2633,202538.1173,15468315.64,1032634.84,161694.3935,9344.475717,78503.15853,110512.2291,490534.0237,1069798.986,69581.72799,1365037.147,490377.916,2590235.572,26885.11738,36334.3004,3246165.997,37451.71808,430071.8679,20314.89351,618276.1363,10185185.57,1939667.986,2307329.586,9129.371187,146305.1115,194133.3487,285433.7332,1454605.564,15090.51351,410.337765,86618.20616,128764.5526,9408603.639,39850.44211,4660682.679,265920.6633,70816.94442,41788.76147,36150.05897,16316.83732,4197.091306,59412.72057,7819.775971,187043.419,3285092.312,958360.9501,32916.22361,3181438.807,21202.88059,255224.2448,12394.44218,363649.7625,27111.76086,2056.445613,2963.81701,5280.681278,275.5350817,84950.68497,39159.32283,2107869.683,370389.8641,5485785.757,108651.7912,22372.23971,15100.58033,581645.8757,1052074.6,24873.85028,46790.24977,5546.758136,27215.31049,4505.071289,876576.0308,78946.38132,17317.69173,7752.516491,59546.21991,494703.7166,182895.3162,145737.9881,23187.55698,45939.71541,249804.3496,1990040.364,8942.406011,5868.248893,21184.46634,818809.7709,1679626.273,374153.2586,119018.9506,131774.5901,203037.401,514663.9874,18271.40549,193932.4163,16438.94911,4663.251372,3161514.384,15011.93693,4190.239101,25684.28431,7136.239409,17900.09358,3857.549875,89125.23505,23406.26237,5162.648332,6298.074278,20800.18529,53512.0198,141606.9442,17963.72386,10615.78547,22676.53392,142305.4949,13676.16889,1471.139259,85151.47149,28683.53552,24068.83139,8021.341226,125596.6076,828652.2841,383654.36,118438.0819,1596632.928,37512.55993,1232660.121,133605.7982,33350.76023,12539.41287,439848.1991,426236.2333,17644.05241,349551.6236,127628.3907,104496.6258,4650.521116,2220741.514,5649.854237,200058.7278,349072.9573,1408363.996,4981175.956
T2_P1_C3,pos,cells,sample,cntrl,p1,t2,1077469.616,476574.2487,4039209.091,49831.06514,27179.29358,55599.63853,220676.4471,15618797.82,1185362.907,172258.4269,9044.562357,85687.96287,106297.7435,529116.2372,1121481.213,58972.2837,1539859.659,540480.2812,2945499.346,15600.8114,32764.22914,3454282.174,36307.5945,419411.0864,22578.08742,720473.8099,10731067.16,1959326.167,2260301.816,8285.802721,161328.1502,237182.882,483981.4574,1422214.278,21848.16668,201.688164,99601.65415,141754.4861,9888145.923,44989.19241,5176601.673,253580.1192,48895.53435,41427.81203,38660.24362,15310.34224,3877.028685,66165.23412,9911.033519,191935.8003,3705115.933,1177537.158,36981.89563,3219331.077,23891.82142,305739.1495,13371.15501,332377.5086,27767.43605,2429.743556,6168.086308,6727.085733,535.1721682,99133.81435,40823.92048,2147195.94,412433.0792,6756037.836,109061.6353,27347.3747,18124.08524,636002.5441,1101442.454,24271.69558,27961.37577,8344.253867,29120.35592,5840.333296,998221.241,79690.02579,21378.11379,8786.340946,61351.00413,509784.6839,177602.1979,132135.4701,22970.2373,48350.85367,247806.4384,2208331.322,10865.16315,7747.141016,21530.8967,1214778.42,1664352.389,375502.9952,109274.6105,132677.9344,205472.2892,544358.7653,19241.81577,221514.5808,19423.30484,19083.28031,3938603.451,16861.05016,5419.857732,26078.91383,7957.019152,20293.77451,8549.525862,80907.54948,19803.97551,6037.171214,6094.764082,66661.35542,54375.47604,166055.7355,20974.99037,12818.09121,21306.15795,164092.1795,16180.35739,2097.842077,76276.82999,43267.91978,30799.86041,7813.201653,88633.64686,699256.1341,562647.2342,82340.05939,1220268.762,59781.63169,1182098.382,122199.1401,30254.43979,16050.12494,483505.3852,465079.4849,20617.94933,345048.3927,174127.3358,63471.66196,8401.28902,2328147.464,6907.365551,206639.0685,358442.4211,1485648.166,4950435.012
T2_P1_FA1,pos,cells,sample,fa,p1,t2,1188547.137,456368.498,4048301.918,61738.61523,29468.14416,60785.68856,198934.0608,15642114,858797.1583,173235.8334,9086.41697,119413.1455,138660.1114,525321.7423,1029778.269,54188.18541,1550771.765,495002.0164,2838074.758,31984.78592,43600.26922,3386950.145,22757.85742,457092.618,17137.96904,655997.2859,10595089.71,1948288.136,2578456.535,10473.26331,168214.6615,164442.7182,243439.161,1698039.34,16901.89264,588.6734466,92463.61594,156105.3248,8477632.022,41981.39933,5575240.449,245710.16,67930.02777,49738.08657,48158.53471,11106.2226,4447.043659,60335.35473,9819.644065,178207.3914,4641295.728,906603.6137,32337.23285,3467120.958,19721.43318,208353.3431,12945.49753,477751.1654,28789.00343,1789.728639,5836.127308,5151.694457,1155.949634,95111.73369,43614.79698,2213442.442,378295.4387,5525022.125,102703.967,31596.9275,21711.297,652336.1012,1126055.001,30070.45478,8951.584176,6793.037754,33926.82053,4634.000453,945748.5583,93311.01291,16347.09692,6247.365825,87112.25909,503709.3155,271361.9627,186475.2916,34564.14695,45329.26432,204235.7345,2455857.608,9268.504586,9297.949104,24689.78294,1171512.875,1889232.691,274057.6135,132761.4763,99608.96227,139454.8075,728962.2918,11066.09252,236109.1542,36172.52983,14748.36785,3264199.09,16030.85659,5833.229654,30594.90571,8361.056326,15770.58971,8908.347899,120032.3714,27213.37072,6324.099211,13557.44094,33938.93701,52770.3537,149178.9724,10983.62027,10818.347,14940.39467,154331.971,15720.53222,2956.84806,81991.74663,25215.33488,23767.39473,11272.98019,109975.1681,755480.9054,365290.7606,104974.5394,1617386.52,40144.02725,1150714.12,156782.0209,32857.47255,16173.40283,419317.5309,414617.1655,17216.09604,340279.1182,123889.7095,63161.65619,4624.668654,2416132.41,5027.402507,210218.6414,368687.8129,1535148.764,5000312.713
T2_P1_FA2,pos,cells,sample,fa,p1,t2,1076031.662,411594.7796,3536787.243,50944.86981,32827.76519,53576.06145,168775.1448,13502232.51,759375.3902,165058.5753,7339.961911,82665.19816,85643.9946,484483.2855,867502.4867,33561.73051,1208136.921,478848.2484,2466256.353,11472.13427,30560.15106,3012386.699,,380522.3452,20103.18489,561217.9714,9304185.858,1591296.604,2112284.272,7277.263576,147958.823,172324.518,281929.0718,1094220.296,21286.45599,202.9664767,77308.47066,108045.5625,8075254.593,34298.048,4751020.631,250261.7611,74464.09514,38239.61384,36692.48301,11828.36613,3969.593031,49895.27335,8648.255754,169964.5812,4074287.625,801262.5731,31532.6384,3083008.225,20378.56162,293384.0835,11888.21409,389432.829,24252.99499,1741.59178,4338.633034,5275.375081,302.5852116,68446.1568,36851.26308,2026967.313,348360.9145,4930228.806,101280.8995,20191.05144,12277.62326,518858.1879,1075003.098,28427.92473,34958.38756,4693.961299,23109.42736,67522.12933,857524.3866,60131.57697,12998.25757,4145.872994,56550.12267,426117.987,178995.3842,115719.8798,22676.70079,41548.48952,165007.2075,1709247.675,7469.248587,3545.185095,19977.41849,714772.0395,1208219.208,210591.9744,61932.89155,76554.86597,97459.78723,367360.7875,12833.405,260547.7232,25667.68683,7543.873079,2907638.966,13097.03381,3183.080901,21100.1419,6117.008704,14762.79068,3830.566777,49732.66831,25058.94912,3684.146411,11266.72125,25346.45854,52292.65482,103165.9731,16824.60766,7248.063258,17701.24772,101936.8795,9438.84235,2082.661188,64178.7961,27454.85793,22270.88777,4301.336108,71117.06772,743014.508,388229.8304,63418.97298,1074966.251,37755.24289,1241280.337,127000.6602,29379.4849,12338.82243,403443.7102,404234.0819,22624.54275,306894.2531,127936.0542,57066.57984,6306.989592,2458643.552,4519.915681,205095.3798,375302.7148,1567883.316,4912378.025
T2_P1_FA3,pos,cells,sample,fa,p1,t2,1112337.357,432566.792,3773678.145,46624.64716,31333.99422,52549.64337,190502.0032,11556100.21,803184.0813,163598.7754,5793.582667,61465.75526,67743.51503,489007.4379,1006707.794,31008.03417,1374383.423,500396.9122,2626691.119,12914.00061,21026.64557,3164378.795,,355550.3765,18304.81638,584523.5132,10054562.5,1646679.414,1918073.885,7103.930008,141832.8544,227529.3768,376099.6496,1027350.583,25069.74126,152.8635582,80311.47874,124762.6944,8571971.887,40768.46145,5083277.444,234281.3079,53287.29086,32861.0468,33935.78214,12634.95117,3902.198162,54988.6045,7386.52873,162532.3826,3740874.199,966622.9437,43705.14544,2838196.346,20836.62791,225706.9104,10134.49835,291703.0134,24082.9076,2238.660696,5743.77767,5518.041239,79.35654056,84481.83382,37248.19618,1946197.726,461184.4395,5916131.937,89166.44598,17163.34156,11397.63622,545886.6142,921279.4671,21021.41875,37652.81278,6477.484742,22240.86485,74018.30579,861409.0598,60093.15556,15334.04644,8752.592777,43172.94459,422909.4936,114445.3299,88816.35824,15697.18013,40620.2744,262760.2667,1718715.196,8316.46407,4582.852737,20097.70987,736618.1768,1310788.203,423372.3711,103584.3111,144441.1738,222447.3982,304531.4338,19506.83795,181245.9032,20334.18167,15051.34271,3484586.995,16330.95347,3138.880799,21273.15339,5601.543854,17171.62506,6005.245398,45775.59457,19603.93708,3880.843493,4326.981533,48381.6955,57522.94314,139210.9902,19258.9167,9045.044027,19562.84059,112486.9357,11052.49377,2431.979288,58878.55037,36143.73953,26445.66125,6178.653515,69533.41636,664251.5076,480900.0446,61478.88182,1033838.308,50032.31064,1147282.705,119392.7815,28214.88044,14032.89407,449968.6751,416755.9295,21933.20688,318807.9052,145490.2035,59528.93266,7228.121879,2211584.95,4552.096925,187390.2392,339885.8407,1427758.129,4411998.489
T2_P2_C1,pos,cells,sample,cntrl,p2,t2,1141590.27,490927.369,4590790.814,60609.5778,34732.96315,62383.48161,241733.59,19996765.94,1300017.689,188151.868,12706.13274,131371.8454,163064.1919,606302.8112,1027243.927,47158.56036,1710426.81,567224.5402,3211258.402,21165.74474,48073.53172,3742698.575,37591.51443,499521.8362,24123.29731,840130.6636,11322576.47,2250986.884,2669257.933,11375.34633,194890.5182,207791.2825,363783.8058,1684587.125,21326.53601,156.044992,116222.8057,182773.5646,10226799.52,50602.22901,6031063.322,293058.8384,79663.07043,54287.84891,51370.2028,10699.62494,5644.425474,80228.41933,9961.109425,218727.243,4848318.887,1117502.404,34809.13288,3780784.221,25726.62423,375606.5364,17096.29969,463001.9302,34068.17202,2624.238563,7288.887313,5588.140392,326.2950613,116350.5981,48059.12543,2469380.269,390342.1029,6995821.856,116330.8108,31367.07539,20632.78971,951456.7875,1242648.345,31840.72908,19905.57895,8738.160102,40029.4935,27492.42748,1115458.351,111842.1602,27224.67512,8825.940514,88804.21441,621474.5485,259203.3446,214554.179,33086.96083,55923.51724,225570.2866,3147548.142,11797.73037,10320.92803,28915.84819,1664872.12,2057916.749,303263.5659,125032.6682,104549.9675,159125.5109,935495.7403,10939.35124,366707.3634,32670.6774,25986.41601,3971806.477,19403.13853,7110.820234,36354.94092,13273.69036,16837.97335,7465.364318,115186.6889,28673.80616,6638.938979,14805.63206,19867.56426,55443.94476,175269.1243,15180.50887,13491.15162,15717.31491,185567.9455,18553.20953,2131.489839,101225.0476,40261.40736,35774.2203,7353.386598,100741.6294,1003913.658,567732.2023,87355.19935,1621636.758,58090.51261,1753465.573,182525.2867,43571.84482,18366.29448,471677.9795,468130.2817,21210.90727,358962.9784,176967.215,76488.50782,6395.31368,2614436.177,4779.172424,225424.1207,401244.4426,1643389.432,5595744.044
T2_P2_C2,pos,cells,sample,cntrl,p2,t2,1016001.674,432175.4458,4010966.033,65233.75453,28740.87955,57348.37805,219732.0622,19020590.26,1113237.321,169297.7877,8858.248121,126748.0713,115359.5103,516061.548,950239.9559,46918.5697,1414528.98,521024.6642,2843535.784,64103.23247,46505.76269,3353231.627,,494797.7231,20495.90449,720587.0138,10207954.84,1978508.303,2168746.586,9011.954449,166038.3776,252135.2456,462491.8141,1509921.934,17877.16762,413.8931061,98702.63171,127547.8449,9819262.706,43649.61114,4955377.111,222385.5367,62003.84735,35583.21523,48630.01578,17220.62539,4165.83721,64967.37923,10032.58833,189299.7437,3350303.815,1000591.091,31625.17317,3471772.109,24391.02192,231188.2815,15716.90009,318169.224,27867.17437,2636.285626,310.5298968,4461.328481,1634.551888,93285.34997,44434.79594,2228134.669,357406.811,5663292.226,111250.711,19530.22914,12973.51232,740811.4251,1168793.752,27762.11174,21941.40248,6893.986967,28651.40347,4707.901029,949014.5938,99009.73158,21918.81415,6703.937329,93655.30026,476401.294,275452.4536,145385.6343,32470.16139,44307.04985,152331.2796,1817151.712,10638.549,4827.567159,21668.76339,1242980.289,1578374.986,183535.7732,113048.631,63512.11489,78756.75033,580652.8804,9420.844294,430836.8394,18043.6959,9853.976732,3357545.74,16377.27056,5706.751727,28495.09183,10539.17612,19529.14883,1356.118493,102561.5537,22422.74308,6425.550574,23831.92878,9583.129534,52476.87138,159022.4499,18121.2092,12095.55783,18620.4633,162765.6435,16431.68441,1764.653874,91578.5219,38071.04613,29564.82937,10054.27611,118148.6846,1019103.95,503976.5599,114136.456,1670937.685,53349.27769,1604513.592,148807.3957,37487.70969,13420.64211,481973.4349,452161.8276,19644.07559,348337.264,118755.4056,75413.87476,5696.767745,2320895.366,4897.475154,210157.2103,375865.6431,1438001.502,5394507.158
T2_P2_C3,pos,cells,sample,cntrl,p2,t2,997336.1302,426745.2146,3974570.017,51874.70784,27536.70121,56481.33287,204761.8772,16981710.59,1130154.738,161388.1637,8004.940236,89160.78356,79811.52097,536952.0161,1000465.656,55578.89402,1336811.935,545230.4738,2861847.014,28648.15837,45375.85507,3381902.109,15340.74296,420107.2,22721.50233,725061.952,10172267.62,1960696.662,2206348.291,6475.784797,160706.1617,251423.4742,484441.5392,1260894.702,16632.42264,274.3129386,98646.28724,122036.9989,10196855.1,43337.36213,4579439.326,276651.36,58639.18572,32137.61952,38015.77378,16315.89032,4008.754164,63293.33413,11079.52404,206945.2221,3150128.929,1055129.925,32489.21321,3482799.942,24219.15626,294954.4152,15126.14041,264824.5262,27849.9582,2467.32532,3505.919541,5216.954263,433.1967517,86149.25326,32585.91431,2256476.685,363696.0003,5978255.828,122071.2899,19342.92988,12597.87389,689549.0643,1260197.764,26634.21663,35883.40377,6044.19698,28768.44243,28740.72268,961423.8046,76582.7784,22315.08943,7151.315875,63466.68186,468163.4785,177840.8701,108827.6109,22067.89694,45874.77175,159634.5219,1566396.05,9386.862426,4732.249762,20862.76404,961931.9824,1264744.89,200690.8817,86564.63921,70781.40239,91859.73399,409019.0307,10639.32064,373143.7093,21309.97054,10495.34621,3560768.335,15574.68123,3857.484248,19564.84074,8014.177428,19434.77875,2947.942401,52491.43032,22753.56463,4577.692504,17844.61477,21602.1197,50691.98906,130684.4891,22628.05298,9050.377898,22774.84829,124903.6874,12421.86725,1427.829927,90193.87792,42560.35565,29701.95317,5848.345072,93831.48694,971547.3515,563553.5369,80248.42041,1388777,54938.08651,1675271.837,153360.4946,38538.20677,12407.84001,461060.65,446214.8098,22506.01106,330011.0086,128468.4096,59073.43946,7789.51902,2561570.963,4587.668155,222837.3882,400195.4671,1636536.101,5486720.548
T2_P2_FA1,pos,cells,sample,fa,p2,t2,1136003.08,449500.2054,4022573.657,64652.98607,28360.10821,57147.98292,188001.87,17598025.84,825215.2671,171572.2279,7614.911963,116764.8468,130281.447,520111.528,948042.8769,66052.92151,1393785.63,495590.7815,2782733.463,72625.99359,47103.20614,3308911.775,,464130.8063,19600.47603,656509.6421,10303876.63,1876930.904,2312213.968,10232.72335,164474.5549,205380.3883,353441.131,1558234.405,19130.48993,75.19957826,89264.33539,132961.0468,9220526.655,40182.26099,5068820.523,225594.8984,67055.25295,37661.23237,42063.07342,16238.02377,3588.567068,58558.31546,9361.89805,184107.6837,3886155.615,865749.5553,30478.81268,3418501.231,19280.1598,210970.4781,15473.96225,346948.3258,26749.90936,1546.058201,246.3463776,4641.426976,1177.53779,85743.99897,42269.94324,2222129.31,340462.1954,4749751.56,95691.95331,18366.47968,12286.34968,683618.3751,1138489.517,27000.16495,16566.56253,5954.838439,26265.6214,4630.899301,867700.2036,94386.58419,16779.86139,5956.85163,86949.21895,464799.9136,281867.0432,164799.3997,34272.88331,42253.26672,181440.7151,1956325.989,9464.598437,4705.96652,21850.31824,1248715.081,1790554.992,237193.0467,120700.0031,87189.42753,99517.00573,620592.893,10471.48348,280192.2722,30085.96011,4451.779094,2870762.56,14236.15452,5057.903806,28679.30494,9908.817975,17115.66631,1019.964221,103051.4773,26027.52235,6062.884791,20872.94038,10373.948,54881.26534,145179.9447,17384.29798,10500.25567,18646.18318,143395.9285,14016.92624,2843.495244,88675.75868,26026.86769,21943.0935,9132.711725,132425.9671,950014.6185,362781.0662,132506.7644,1894112.101,38724.32671,1448745.874,154647.244,37483.40296,12698.07104,419067.0864,413927.0987,16306.51738,336576.7559,97115.17994,62623.89883,3616.0834,2415793.805,4644.045704,215476.4032,368361.9676,1477559.129,5229734.398
T2_P2_FA2,pos,cells,sample,fa,p2,t2,1155087.785,458155.6989,4069943.329,49148.20371,22586.54209,56962.93058,230839.4371,17548311.35,842513.0565,170208.0052,5726.557051,104654.5211,104907.1751,513589.4396,958148.2335,50706.04555,1348321.832,529401.1221,2786258.693,70738.97837,44660.23081,3442948.008,45311.72277,493426.2516,22423.83303,682401.7479,10438855.88,1735306.363,2009267,9666.651729,157773.5803,251213.7676,401743.9625,1413160.874,24832.79868,533.6739972,99300.34607,117775.7847,9990035.571,43749.7021,4987918.074,210051.8688,57762.58274,35574.20579,43345.84856,16495.50599,3851.63331,65586.26281,11075.60233,210151.6682,3299787.771,1072321.947,38081.94656,3286732.804,22656.24768,238385.9937,14882.66908,288017.4015,28575.8298,2379.683881,165.2989642,4146.203943,1179.341133,91220.44434,43350.4015,2193754.761,423022.1204,6050551.097,122492.7233,11397.91429,8347.808748,707244.9427,1126137.389,26019.86012,31240.2617,6396.054563,28630.9977,18355.84413,1008335.704,85070.6289,19343.58878,8164.181457,77979.56416,488749.8563,233375.6756,139272.6003,29999.25132,42823.35314,188036.9972,1712932.862,10179.21902,4667.311123,20593.25844,1191783.905,1593749.858,240624.0607,104314.0667,89368.53039,122488.6136,531891.5795,10985.20966,331653.7111,22665.32886,15383.70627,3476931.504,18351.34278,5377.62237,28643.89088,9061.991903,19925.63268,360.786472,82877.12384,23122.33601,5673.576778,17174.16912,10120.75359,67120.37926,156691.6838,20066.10445,11941.42557,21159.93755,156974.8721,15337.16703,2842.641607,74781.02395,40902.93295,30998.03511,8173.755931,81005.23002,899701.0975,546545.8232,74402.01836,1277233.936,54288.87711,1544807.34,143002.7621,36024.58409,12850.17742,504072.244,482959.8429,20363.69037,349791.7104,147063.6472,58536.82353,6665.021506,2466364.337,4589.247091,216345.2018,371823.9688,1511064.543,5258815.644
T2_P2_FA3,pos,cells,sample,fa,p2,t2,1045040.046,412834.2609,3823583.605,57605.03704,28067.82988,58424.17145,179411.7848,15102986.94,818701.5965,151757.4122,6708.993196,84024.18501,64837.72568,583008.0535,985183.8983,32276.15312,1239077.631,485619.1696,2687629.765,38083.26169,48450.54371,3107723.068,29160.48522,387844.1372,19014.62,660721.2094,9395015.16,1807371.392,1909973.833,5692.790891,146717.625,254955.3146,376488.2529,1069519.817,25012.67974,172.8870764,85281.59109,86105.29783,10213452.14,38998.39084,4159925.701,253962.1103,55730.55427,23774.60504,39649.1824,15689.70044,2660.6378,54368.02276,7914.090922,143901.3503,2789004.248,921771.9421,31612.70203,3144278.591,22185.84849,274519.1647,14749.95869,243497.7148,26533.64986,1227.684026,226.6408326,3050.639177,1172.553511,78785.79227,34278.09519,2040113.699,340217.1775,5001962.786,108458.3438,10077.2803,6529.082573,546045.0709,1122777.667,27227.8463,43619.32171,4533.480484,28927.94448,14524.20611,805451.9647,55126.13662,15670.13001,5677.827225,55479.04593,381438.9438,173596.3833,86422.23607,22633.05528,37158.25723,97598.35849,1293172.961,8439.622153,2112.178215,19018.59413,920144.4557,1038033.771,102702.9335,63520.78071,35111.15991,32637.99112,351895.2163,7014.278751,609561.8709,26609.18281,12472.73456,3227859.37,13178.9676,3656.497441,18288.98926,6755.675626,18042.94702,627.778727,45289.44065,20368.1893,3825.067523,10296.57516,10077.8473,58200.6346,103269.0546,22350.05151,8178.750238,22930.12751,107155.6017,9748.39195,2573.517356,75304.82249,35268.11855,25199.14301,4871.908655,71113.26642,760772.6058,481545.2245,64381.30391,1101902.983,49452.33663,1382374.452,138726.2858,35653.28307,8732.509303,442208.1073,439075.3183,21292.9285,335976.0768,93176.32906,49582.5916,7697.934171,2505292.129,4615.945576,218025.0337,376916.9201,1544585.569,5352938.547
