Samples,Mode,Type,Group,Treatment,Plate,Experiment,FAnM1,FAnM2,FAnM3,FAnM4,FAnM5,FAnM6,FAnM7,FAnM8,FAnM9,FAnM10,FAnM11,FAnM12,FAnM13,FAnM14,FAnM15,FAnM16,FAnM17,FAnM18,FAnM19,FAnM20,FAnM21,FAnM22,FAnM23,FAnM24,FAnM25,FAnM26,FAnM27,FAnM28,FAnM29,FAnM30,FAnM31,FAnM32,FAnM33,FAnM34,FAnM35,FAnM36,FAnM37,FAnM38,FAnM39,FAnM40,FAnM41,FAnM42,FAnM43,FAnM44,FAnM45,FAnM46,FAnM47,FAnM48,FAnM49,FAnM50,FAnM51,FAnM52,FAnM53,FAnM54,FAnM55,FAnM56,FAnM57,FAnM58,FAnM59,FAnM60,FAnM61,FAnM62
QC1,neg,media,QC,QC,QC,QC,74341.14651,118544.2367,26613.07373,53765.05341,240937.0546,12421393.76,61666.15906,27820.06146,16768.61487,26533.05269,102912.7401,17908.06877,30475.97575,49657.22033,32549.8169,154789.3108,79578.12914,101847.7782,31368.71131,338481.8383,19810.5581,5641.844525,2939095.297,124864.7593,17606.61625,209254.4894,187460.4506,21843.64688,6651.455814,38852.08547,85639.03303,813235.9919,149703.5895,11019.75744,17272.26884,44127.07035,49231.77819,61509.23061,58886.28392,20231.85819,9814.756405,154364.6019,52961.63868,6239.915611,17301.9554,64721.97886,1066515.183,139368.327,93117.3156,57158.10871,18254.35334,16600.56725,69621.13489,12477.21957,50652.2613,11243.04526,56463.53555,10402.37575,2639.323887,68362.96882,3073.284945,6708.710495
QC2,neg,media,QC,QC,QC,QC,74825.81608,116129.218,28036.80707,58451.35693,234700.2474,13351826.85,63549.83724,18971.74433,17429.75832,26691.08149,101655.2301,18242.74333,32525.27479,49952.21814,32298.37626,156097.6634,82450.33481,101819.3194,33673.0299,333396.9611,19833.71099,5010.246711,3049063.629,130969.6203,20235.25074,216643.3154,202637.8073,23466.25187,6211.399267,30636.22092,87221.69716,836297.7731,161183.1464,10889.71842,17159.99148,43565.80965,49059.0321,62331.8431,59098.71397,21263.50604,9725.413944,157744.8429,41960.46919,6429.479753,17731.62204,61725.03136,1072725.673,140800.7642,92835.8134,63220.24969,19115.87883,17182.20078,72818.19272,13224.0434,49928.23627,11489.52443,56519.54645,10840.6573,2712.734986,68824.53392,2807.203895,6324.106111
QC3,neg,media,QC,QC,QC,QC,76790.8354,111083.121,25452.89997,64492.15617,243278.99,13912152.38,63641.70917,25984.9067,17847.32292,26526.35184,101844.8643,20406.54882,32564.90704,53391.71125,28070.14924,158557.731,87545.9422,103837.7327,31043.45454,316213.3297,18550.02277,5677.423281,3090812.397,137140.1981,15816.24519,216267.7053,199894.4688,22133.91065,6377.791322,38474.79422,89503.32601,828672.2435,150517.6392,13774.98993,16641.42949,45227.46169,47344.95435,62650.27866,59712.42266,21137.28989,9526.928875,158928.3105,51441.69487,6939.803877,17814.32294,67535.48188,1066857.603,144047.6536,92069.371,61132.57299,18979.26044,18849.57204,73309.57422,13165.49459,49822.42727,11897.77982,58413.44656,11082.12155,2929.530133,70189.69291,2657.803146,6569.200608
QC4,neg,media,QC,QC,QC,QC,78346.55441,115836.4125,32542.24304,63145.75802,238719.4799,14260576.33,67260.45549,27728.30043,20446.23907,29007.36112,104078.2311,18850.23704,33578.95175,53332.96221,35055.05108,160434.0408,88351.34619,100267.5313,31702.95038,322542.7636,19775.25608,5673.11685,3144690.075,141905.9489,17614.08175,219469.5732,195646.1106,22459.73743,6653.971797,41883.60027,90429.08381,838245.7744,159381.1808,12557.93237,17256.67996,45808.36144,48021.8611,62113.28236,59551.8232,21291.50529,9647.626307,161940.8723,51852.2667,7133.60587,17764.72507,65617.07654,1074964.82,142948.5009,93767.68883,65368.20545,19982.74418,17880.8041,74989.63896,12683.33755,51320.06303,11130.67968,59021.65969,11449.00409,2697.616965,69896.0049,2959.220933,6547.914478
QC5,neg,media,QC,QC,QC,QC,85469.63106,109817.0447,42124.43233,60359.1595,241158.8397,14571896.19,66800.32163,26418.18849,19220.28523,28979.94006,101632.7581,18923.73143,33797.686,52780.57877,33150.72788,160139.7902,93643.38013,102081.049,32761.26539,320333.6175,19357.21406,6210.558073,3175841.769,136469.5059,21437.07111,220625.6317,192421.8997,23086.86672,6861.774696,20787.34177,90722.91205,822779.7722,159393.5481,12848.41124,16576.67366,44741.20633,48180.70999,64440.82051,60995.65611,22878.93496,9580.828588,161864.6997,41232.2343,6625.921049,18206.82732,66728.78497,1055852.758,145111.5362,95240.18698,65414.59364,20174.4804,18702.55305,77674.38714,13664.21688,51213.72567,12166.21938,60211.22463,11687.61599,2629.719366,71296.74814,2908.429071,7177.099375
QC6,neg,media,QC,QC,QC,QC,78419.09463,113853.7934,34586.14024,66103.13365,230193.0343,15409153.21,64050.40632,25774.82521,19681.63826,30110.93993,102791.5432,18761.14173,34623.00376,48253.99694,33506.51546,156491.0641,100489.5998,100327.474,32078.25898,311138.5377,19396.66301,5784.940707,3222134.285,154950.7229,18483.22913,210512.2139,196014.4457,22527.03954,6287.218578,36314.66962,90632.566,836401.7702,154947.9576,10937.61903,17400.24594,44534.63519,48487.81144,62939.05597,62252.70725,20933.87411,10364.45711,159287.478,50235.15761,6388.690519,18345.68197,68638.81869,1031648.786,145292.5404,96332.84774,68812.67384,20150.96378,19419.80844,77459.00689,13071.8362,50014.91849,10942.9342,59654.68285,12055.07119,2432.771627,67106.25829,2611.820011,7616.147976
QC7,neg,media,QC,QC,QC,QC,80651.32845,110978.1756,27091.11875,61778.04348,211116.7877,16076953.12,65169.26486,26133.98044,21145.02571,29846.2742,100830.6616,18940.07546,33348.10216,48452.71799,31245.14945,144006.8631,100453.0715,96603.69586,31032.99751,309791.5377,20255.34818,4906.456677,3285276.516,154406.387,18275.74103,230401.7376,208139.65,21921.94748,3100.353018,42522.09309,93695.34686,811817.0041,151697.1154,10731.05758,17557.28619,44848.90213,49535.43941,63178.53318,60735.49254,21814.36165,10225.44286,163477.3455,42444.8752,6491.489301,16990.80171,70151.66777,1044880.482,146742.5051,96502.60165,70062.75997,20310.65515,19198.35095,81162.89178,12242.35392,48656.86676,10915.71645,60966.29531,12574.81632,2692.691586,57964.54722,2239.871636,8812.072224
QC8,neg,media,QC,QC,QC,QC,83106.08382,115618.9522,27878.12706,61841.32388,233755.5911,16346951.98,64868.83521,25174.60228,21034.19091,30186.90096,105191.3306,19037.23383,32818.71984,49500.02295,33566.53872,149074.7961,98067.87986,95137.84876,30885.092,300940.1039,18693.1667,6981.047648,3267157.317,162591.2044,22855.53992,219729.458,203703.3387,22354.97263,7133.190665,44052.29997,95845.66584,820033.5579,150438.5052,12253.59739,17658.46899,45215.19364,49690.65922,62706.63649,59919.42123,19440.94738,9310.291524,163555.293,51165.03315,7132.810724,16882.72736,69268.08488,1023478.876,149240.8041,96498.98265,72435.77237,19817.17955,20737.20095,77263.13552,13753.71509,49329.25667,11228.96728,59764.03079,12019.92067,3143.361341,58496.01547,2100.218224,10687.52677
Solv2,neg,media,solv,solv,solv,solv,12107.67502,71156.20615,13667.41484,7322.061943,64203.06663,83210.52352,5136.670185,9156.463838,6930.908132,6908.851516,40515.37597,2435.837432,11479.85361,1446.4415,18072.71165,26356.98253,40661.69736,11501.40729,6221.368197,24480.58136,656.2807828,3684.374361,84670.85354,12521.48965,6976.887552,9935.782322,6448.184824,7843.484455,4610.151974,35471.83131,7905.641339,48826.03854,12966.32726,10119.65828,9737.345466,704.659851,4705.981626,5245.67399,1001.984813,12752.56591,496.0481326,3506.516357,8441.16961,,3173.86321,3060.984496,8814.478331,7875.782296,3568.689755,16460.4844,543.7095281,,168.5784029,1516.232359,1258.632876,1279.045778,1835.267873,,,1220.605872,,1418.664804
Solv3,neg,media,solv,solv,solv,solv,11802.91806,73665.44793,14306.63839,7325.84605,57716.62162,101922.1192,7037.51177,9583.785302,7868.654843,11540.37581,44242.24967,3687.371499,12407.57781,1608.001819,15149.07304,26843.59657,46512.00916,14727.74934,6900.148815,25825.92777,460.363437,2501.553185,97746.14378,6708.329752,9055.106938,15268.29286,7745.766953,9201.54461,4586.215634,44404.71377,10714.49037,57281.32591,12406.41527,9092.061437,10318.87079,1172.848274,6083.145368,6526.763123,676.0760836,13657.20967,1300.322132,4221.60479,9908.702139,333.0585983,3980.315033,4207.402188,13149.31653,8207.493022,5058.840418,17735.3096,581.8882025,,324.9056221,2820.395381,1487.137206,2111.930482,1643.837837,,,1532.733894,,1455.770162
Solv4,neg,media,solv,solv,solv,solv,4669.907504,75104.99681,12439.86018,8734.916927,57036.24694,163491.0691,4968.046179,8861.07586,9394.757121,13621.1364,47675.66046,2619.643217,14958.40938,3520.89041,17889.6658,25443.72642,62081.42386,12955.42218,6236.082939,23679.4799,564.1550179,3251.583897,128303.91,6901.399462,8963.564267,16619.04301,9055.907947,10249.47314,5861.670383,18750.84916,13576.34217,76754.34808,12116.11911,7473.337165,15446.7267,2094.577092,10272.94066,9277.18567,1597.424256,13637.34711,2195.529275,4809.829594,9787.280521,727.3678884,5112.701285,5594.540413,19773.73544,8706.60153,6673.758119,24241.69196,870.5368685,,1798.672042,1544.728257,2743.24921,1906.021143,1582.692079,232.585851,,1712.841327,,2994.210735
T1_P1_C1,neg,media,sample,cntrl,p1,t1,82734.60551,106148.2511,44942.33305,58617.61331,263438.0116,16654916.52,63753.87209,26314.95221,21408.30526,29531.45561,98350.50538,17204.73622,33083.5168,53101.44192,34655.30487,147539.6265,91348.23533,88595.89991,30841.10754,294821.9231,18419.86119,5995.733402,3278365.479,133076.3764,20515.80508,206415.1199,181042.4605,21213.82439,6844.485849,17127.27681,85053.35943,809648.9617,141610.8903,13450.67636,15877.97384,40270.81806,45912.89354,67271.64655,59866.11197,20543.705,8923.17427,149374.5065,40125.03754,6797.62872,18093.87469,71191.76797,950861.7259,133178.4048,93205.46655,58167.73094,17881.44568,14407.84067,73672.36113,12680.94062,46044.82531,12020.07312,63797.05366,8295.157115,2844.42369,22971.00112,450.620567,6190.000338
T1_P1_C2,neg,media,sample,cntrl,p1,t1,83168.29383,108658.3682,33033.67734,57001.91905,260901.6302,16531453.2,63902.64105,21416.95772,19708.91175,30276.16449,102963.4442,19321.57327,35103.88054,59305.52523,32806.14118,151989.4556,102793.329,94496.70594,30262.3308,290989.1746,21115.46901,5959.129435,3524097.405,147804.4837,19629.42882,217373.7769,185610.2027,21639.62072,6296.591354,24547.97922,78942.34384,840738.1454,150617.8331,12413.00384,16869.87552,42850.98403,47009.60912,68888.80471,60356.94194,20928.0854,9348.350054,154220.7365,42937.80588,6548.501941,17537.20756,75956.9899,994669.6349,139755.0013,97879.10052,62386.34948,19330.60542,14943.28725,78783.56875,14190.71056,48812.09826,11792.01705,71069.00157,3335.209616,677.5558747,24859.36697,806.1167133,6157.569662
T1_P1_C3,neg,media,sample,cntrl,p1,t1,83103.9907,111179.6875,23227.08999,61373.30181,277897.1226,15720608.39,66826.11712,26623.30994,20267.13279,30259.041,107179.9219,19607.0809,32807.7133,48963.24939,33112.28057,154459.712,102780.5432,101216.8959,32419.32889,303866.6168,21220.73513,5860.350956,3534120.713,143583.3606,19106.75106,227608.5726,203816.805,24686.85997,7049.639546,48228.94554,91283.32936,850911.2625,159145.2882,12458.68293,18287.44181,45641.63062,50046.16057,66045.38946,57998.28217,22164.06674,10622.69711,152507.178,62277.0866,6694.713022,16995.00989,70866.75728,1045379.771,142987.4105,98263.1418,71505.77589,18251.03037,26497.46708,82229.05,13433.49868,50272.72597,12067.69446,70955.8427,8703.401621,4506.066878,24227.16571,510.2558661,8070.379558
T1_P1_FA1,neg,media,sample,fa,p1,t1,83243.44971,111087.2002,26400.70025,60081.27758,264522.0596,15539513.9,65865.6548,24543.78265,19801.52093,29584.0047,92613.53228,17100.09387,33462.36784,54100.7781,29328.01945,151899.5355,91399.99669,93896.36059,30656.61257,296722.6446,20413.30762,5641.890464,3342881.932,147741.3499,19706.06257,217350.7603,179683.5754,22084.44325,6615.186921,37117.45022,83422.45027,811182.8799,144206.881,11427.41103,17772.38052,42807.00802,46915.33578,66547.17644,57304.30807,21211.97237,8971.852626,152723.209,41684.14549,6454.267058,16127.94571,69817.15766,1002625.846,140239.8596,94529.4715,60627.60233,18712.71904,15917.93678,75342.78935,13591.69886,48484.28828,10808.62975,68004.43301,7572.237182,1839.364904,110253.9968,3863.272459,5964.353991
T1_P1_FA2,neg,media,sample,fa,p1,t1,83936.8223,114206.2995,29546.11255,51736.32379,254668.291,16700536.21,62265.91579,25310.24591,21024.35755,30399.77601,89638.62573,17619.99955,34928.18763,56171.13706,30961.93564,144011.2918,100005.5747,90113.8248,31134.00708,293382.6871,18584.22672,5804.300184,3237739.162,155396.6911,19800.96743,211847.494,170052.3762,20115.0149,7010.76489,39145.98222,82808.56659,800085.7484,142663.9623,14501.84782,18032.58872,40549.28318,46902.67485,58555.90986,54831.8217,21440.59649,9397.036662,146973.189,51769.5077,6620.390676,16847.60961,68282.40233,986465.9252,131505.2846,95709.53929,62548.30464,17810.73956,13400.38272,74283.78489,13798.08448,46347.3605,11527.42278,63785.1649,7270.164659,1572.438349,111509.7408,4561.746551,7498.968746
T1_P1_FA3,neg,media,sample,fa,p1,t1,89199.52303,120167.5734,31011.31071,55471.27933,275474.5984,17263673.82,68114.98739,27854.50061,21414.37898,30883.93208,97968.24013,17357.80461,34074.90889,57344.5975,30138.07493,159731.9862,103852.6859,98937.71508,30588.20782,299969.291,20539.729,5677.804349,3613035.813,166127.9233,18434.92276,222342.9427,203950.7843,23433.81294,6902.59713,38516.97953,79607.44697,879247.9457,156957.4073,13742.85808,19381.22282,46518.1912,49130.12056,69573.05779,62037.82993,21507.25089,10357.10285,163625.738,45704.20992,6670.909081,17725.99142,76818.82066,1019988.698,146934.0093,104490.4625,73611.23067,22889.09397,15270.27164,84117.82148,13664.00362,50565.99893,11109.769,75613.87195,6254.062128,1864.180944,118681.425,4128.613575,7016.803268
T1_P2_C1,neg,media,sample,cntrl,p2,t1,87724.4963,114341.8534,29359.94332,71683.07964,271559.9737,15983681.76,73109.8904,27508.82704,21327.48108,30338.77002,105949.7116,15794.57755,32245.1798,61998.86435,33008.2067,163369.2098,68577.19529,103958.3325,32028.70207,325959.0695,22428.91251,5776.070274,3564985.176,157053.1057,20102.37878,231984.3659,199784.8584,23605.48692,7648.444282,42092.65931,81599.15099,896175.1734,159962.5376,18397.77686,15345.77443,46311.29284,50198.40358,72811.88077,61086.86875,21562.60885,9668.118558,161600.9456,52530.97427,6678.487633,18399.9504,72771.34564,1087930.293,147735.9221,102567.1133,72424.57334,18815.87635,18234.25348,81581.21872,13942.37352,53829.27379,12027.32882,73544.28876,19021.04927,3979.810479,25829.24064,559.6360896,6947.821171
T1_P2_C2,neg,media,sample,cntrl,p2,t1,82401.33027,126237.9108,39359.45711,54683.5302,252814.6471,16465470.59,63500.97646,24830.10537,20469.8709,28843.07512,101773.5913,19149.44044,34920.16898,56829.60686,26411.11481,144831.9115,101126.08,93383.04792,30574.51217,279859.2764,19332.88772,7003.684412,3272350.856,154221.2873,20216.1611,216437.5862,179610.1391,23341.24579,6469.905392,31936.28179,82662.84487,810554.246,140457.1537,14451.53322,16278.1663,42065.84596,46850.03104,66266.40284,59492.93738,21134.36143,8860.903117,148850.9493,40800.10383,6438.040928,14391.07254,72351.92697,945698.8822,134896.5654,93694.40897,67624.89001,18675.20454,13071.28762,74573.30957,13012.70489,47550.93369,10759.14639,62908.02955,3149.288219,837.6629111,22980.2649,832.861502,4509.012517
T1_P2_C3,neg,media,sample,cntrl,p2,t1,84083.77216,126556.3406,40880.84833,58098.41468,261517.4699,17150492.47,63168.96975,26728.1985,22608.10345,31048.89556,105421.7164,17427.71746,36085.26915,58895.62547,38339.03527,149572.464,105722.532,97218.1055,31090.11612,313671.3084,20857.29036,6026.037029,3574947.15,158482.2228,20055.2945,224284.404,192970.1385,23798.19516,6747.04067,47126.54315,88210.65603,860314.1924,158438.2052,12098.06444,20369.41256,44594.63151,47232.40942,67658.66438,58954.92916,20996.66973,10128.85867,157368.1486,52490.28877,6642.109498,17252.82344,75861.63353,995762.0884,143696.0223,101228.6839,71416.93938,20398.88189,15274.06846,79143.48785,13430.25838,48926.13216,11557.54394,72266.71124,5091.216404,1682.095682,23767.03642,554.1907456,6709.386822
T1_P2_FA1,neg,media,sample,fa,p2,t1,89105.6796,119490.3646,30159.58964,58007.65107,267539.6444,16435024.46,65764.2821,27703.04126,21466.97933,29002.9812,90437.36569,17804.53748,35034.81926,49402.81752,33968.23934,154358.2491,98253.65101,97937.23418,30820.82641,305534.2574,20370.77568,6468.689684,3559378.689,142561.562,19693.82436,213998.2305,192204.0513,22037.52406,6219.224391,45861.91655,88807.16741,866436.4568,158510.5876,12255.16072,17406.89527,42953.76378,47522.49997,69905.40537,59755.75449,22150.42596,9122.385013,156995.0149,52421.44783,6613.543424,16642.05779,75748.7688,1014389.447,143378.5231,98234.49377,66420.90465,18702.92507,15564.65101,81977.671,13134.96246,49020.22025,11654.75729,72455.82378,12349.21817,2327.167243,137461.1314,5204.629877,5829.12244
T1_P2_FA2,neg,media,sample,fa,p2,t1,79088.86893,105437.2716,31112.36961,53520.16522,233952.2549,15870775.94,60020.48609,25473.37899,20297.11118,28613.38996,84195.82772,16978.96409,33938.13368,54704.86163,31976.75556,140066.8877,99383.72156,90519.31965,29869.35868,269680.9225,18009.22575,5683.847061,3206099.525,149859.4109,19188.62229,202548.8917,164771.4433,21975.48296,6909.559434,48055.9174,76735.37024,784773.9849,145973.2168,12487.35828,16478.58245,37504.55585,44296.14334,59664.20293,55265.50251,20526.94438,9376.732975,138267.1781,49165.29642,5557.073539,14568.12733,66973.75788,899495.7632,125841.6191,90118.01511,64520.00873,17262.82114,13791.91932,71619.20852,12699.30852,43926.47571,10650.27156,59718.43086,6740.42305,2002.595021,106154.9235,4545.675727,5526.474134
T1_P2_FA3,neg,media,sample,fa,p2,t1,75689.18602,108779.6875,14980.98784,58213.07687,232312.5201,14851120.97,57741.50502,22889.36083,19728.17339,29114.70811,87126.44617,14577.85328,33908.69888,39299.17192,26561.08821,137842.5918,91266.01787,85017.3481,29174.0635,268969.8356,18521.90593,5138.223461,2973918.178,143562.3009,15927.48755,204159.5587,174219.0555,19368.71129,6880.527686,16657.16939,64236.54729,735661.2975,125756.9048,16088.37165,18393.87985,39558.12409,44381.06781,58625.29496,54674.66704,20217.2341,9249.268205,141150.6569,45958.40093,6173.109996,13831.6023,60753.28858,890459.8279,123732.0854,85150.50639,59804.93372,16326.68874,40542.85944,67482.59638,12394.38242,43586.30714,10886.01392,52956.43286,3104.501513,1200.875104,82085.86949,3358.430014,5848.57011
T2_P1_C1,neg,media,sample,cntrl,p1,t2,73746.38401,116028.6127,37607.60316,66623.00824,210623.9542,14663052.24,67908.69101,26746.9958,17912.40695,27334.42509,109026.391,16315.40747,35319.60338,53310.04077,28236.53444,160312.4604,67718.97112,101150.1558,32712.59023,327949.2694,17904.76233,5840.141533,2895905.908,170794.4596,18405.3878,246475.4511,216338.5415,24011.99166,6923.159563,42160.90619,91608.72869,811389.4467,153172.7046,13183.46617,18248.29199,49569.44047,49029.62421,49917.62807,61902.85057,20955.4378,10171.49135,170090.5907,47000.64989,7067.304182,18340.26414,66435.61827,1119710.266,156126.3845,92328.14617,69715.53478,22482.42045,20069.84479,78638.5535,13731.87932,52754.24624,10926.14738,49954.33638,14978.39656,3160.356508,23305.12547,682.7593076,6457.19227
T2_P1_C2,neg,media,sample,cntrl,p1,t2,74417.91512,117263.125,30390.86652,58650.49349,197064.2883,15020865.34,66682.96453,25736.268,19939.69155,28845.14307,105382.4856,16901.53679,31266.5528,52370.15919,30411.86687,145228.1296,93323.5512,96021.20755,33111.98217,317128.6062,18254.91249,5853.172184,2809553.399,164516.5047,16829.28559,219449.1031,201075.1584,22435.36638,6159.30049,43173.23684,92373.15344,775399.7315,139910.3573,11216.01361,18342.67399,47691.06417,48537.47461,56148.89493,59629.90926,21122.53269,9822.97692,164365.0912,44194.28348,6859.790457,17406.08609,61121.36487,1042046.044,149493.9495,91337.84585,65582.81375,21687.97499,17263.85966,75330.21254,13193.85029,49565.07089,11779.39202,47263.92525,4176.751557,1744.269971,20402.03257,631.0130231,5283.354673
T2_P1_C3,neg,media,sample,cntrl,p1,t2,76086.77491,114638.9453,24349.73048,70739.98491,190459.0796,15109094.25,68238.59905,25473.23774,18285.05635,29864.73871,114371.3629,16841.22353,32426.61444,52019.10439,30051.85443,155920.3758,67285.27692,107294.642,33726.48383,324812.4703,20078.42071,6084.297741,2938873.499,171181.3321,17359.98615,236517.7241,215694.7816,22325.72203,7260.613305,28541.36825,86717.98245,821317.8723,153172.5511,13092.29725,18349.2607,50764.5389,51082.97952,57993.6269,61160.47418,20423.47045,10661.09332,174898.8079,36796.61077,7153.24268,17544.87877,72209.58125,1106607.7,157331.225,96143.55122,73160.24852,21674.227,20065.83008,81405.19427,12644.47429,52821.37943,11342.04607,49801.67687,2997.28839,1739.614623,22014.19933,655.0322589,5892.698855
T2_P1_FA1,neg,media,sample,fa,p1,t2,76926.98002,113920.8104,30352.95286,70054.22256,209759.2462,14956734.93,67783.7146,24868.18923,20174.64014,28638.55651,99781.92137,16444.01934,34583.8772,54944.997,30624.09367,154185.7089,96742.40164,103791.9151,32646.38038,320735.0096,17190.67002,5536.590397,2900127.309,170608.5428,15207.60934,237259.9451,212822.2754,22464.63621,6817.842692,37277.20022,98675.23394,808560.1724,149356.242,10941.92252,17325.91333,47821.19619,51991.82585,58643.64875,60898.9625,21669.04064,10660.31837,169088.4087,38482.70876,8062.417775,19694.32192,65137.03991,1094955.083,151803.9897,92914.58719,71787.09256,20962.96294,19349.66885,78220.48279,11970.62724,52436.90685,10736.443,48548.42911,3442.408584,775.4093103,101109.3075,4074.047486,5672.153726
T2_P1_FA2,neg,media,sample,fa,p1,t2,54315.98787,95450.76813,21201.11925,56719.17431,159324.537,10911448.86,51344.19015,18412.52105,16037.60768,23240.18465,81559.67073,12454.64338,29079.29161,30962.03678,26912.29587,106762.0004,76804.83133,67310.84733,25051.37483,232707.2423,12150.79931,4356.340053,1761436.359,136965.9153,11884.45835,166360.7233,146735.0509,18186.79532,6826.885485,17858.08013,50697.76403,504189.3847,94060.13426,8399.671532,16971.81925,32251.69626,38600.16558,39164.33533,42928.21526,18293.31977,8417.303425,114328.0701,24607.65681,5121.878986,10606.51285,39469.90493,741505.2684,99333.10092,59609.42795,48628.25153,14222.20596,9170.20456,44878.52943,8683.921428,35475.64101,8726.927513,21490.32143,2202.669294,980.3662149,43378.06447,1868.95703,5130.367288
T2_P1_FA3,neg,media,sample,fa,p1,t2,69733.2715,106658.4113,23139.98268,69232.99443,186785.9513,14332605.96,63360.16955,25271.10921,19392.29904,29501.56921,97408.46377,17378.58475,30447.24539,48899.38277,35727.94013,135748.0016,93004.50208,91914.89578,33127.76939,295038.0304,16674.06346,6697.256271,2731183.307,161612.1136,17803.5304,212487.4167,188133.966,21550.00186,6818.968172,42210.29172,79832.98519,744933.3401,137371.1329,11099.74736,16660.24146,45140.64763,48783.58667,52568.56171,53460.26034,22628.94743,9016.659164,157914.2985,41696.22274,6904.507141,16898.79631,57293.91689,1010729.238,142772.5918,84199.95619,67866.70314,18930.88625,16668.11654,71681.97529,12924.02793,47313.47033,10810.86987,43912.52675,7726.265604,2421.920182,87970.82787,3526.127727,6061.886666
T2_P2_C1,neg,media,sample,cntrl,p2,t2,68761.97262,105644.689,27321.66656,69417.34354,191998.1302,14027251.57,65644.10868,24023.94282,17292.90662,28712.3568,104461.943,17700.63609,31417.98546,51970.07351,30232.42037,142184.5906,95362.02184,96966.28984,34244.1126,306776.198,18743.50601,5719.309959,2777998.942,154282.5973,16122.2891,213477.3863,191547.5225,21445.55679,6541.209959,35747.82665,92681.30855,764046.3129,137295.073,13902.70291,18726.70974,46592.41891,49271.72395,55787.36045,56983.67472,20826.86893,9974.867599,158050.1269,37626.72273,7096.441421,16619.27905,58636.08071,1041510.109,143034.099,85713.442,69741.4893,19297.87631,18774.00713,72290.25916,12623.15125,49167.02552,10532.20116,46801.15809,5736.383771,1420.936812,21192.36546,618.3800976,5532.44671
T2_P2_C2,neg,media,sample,cntrl,p2,t2,75826.65809,110269.4372,38220.46037,70085.38555,192835.4221,15040222.35,65821.40205,25250.97242,19545.55012,28881.48911,103932.4811,15661.03263,32986.75712,50909.89439,31031.04816,147761.7997,69533.40207,94549.69164,31239.63581,312864.8745,17923.90524,5356.036737,2743998.151,169900.1582,18517.85195,220555.8533,198345.614,22782.45395,7218.409514,39070.59068,89740.09012,790264.7375,140181.2864,11147.24716,18015.75223,47692.07447,47635.4073,54560.68088,58865.39548,21038.88366,10126.89605,164556.2959,44817.80283,7560.785113,17513.34188,62252.14778,1047398.566,147835.5023,89745.01783,70395.08576,20719.61618,16339.31656,75875.42705,12010.45845,49906.15486,11636.61184,45410.23209,1697.119359,632.5426166,20870.20338,758.8131646,5953.13537
T2_P2_C3,neg,media,sample,cntrl,p2,t2,68767.83506,109133.1603,34388.22382,68456.27558,190497.19,13767838.12,65062.67512,24948.24276,18241.28869,28463.66403,105511.1795,15192.76875,31856.55512,45430.02644,30463.824,140967.7418,92087.0691,93727.21307,30626.01093,298044.0021,17110.75187,6353.438982,2527792.187,154899.7954,20737.34621,222565.3479,187145.158,22548.57274,3701.087125,29999.97977,84996.71344,730048.1515,138480.6861,9610.148825,18485.35852,44819.83819,46942.2011,50719.48552,52956.24825,19743.27004,9080.763556,152502.1667,33386.32021,6975.014249,16952.72895,55246.26107,994384.237,136813.4703,81439.71535,64476.6569,18831.32836,15167.91749,66585.71195,11553.72194,47651.51126,9981.799021,38607.86432,1073.196746,946.2216856,18761.36159,278.3924115,5322.709285
T2_P2_FA1,neg,media,sample,fa,p2,t2,73422.72398,108536.1206,35481.05347,64200.80737,193723.904,14368981.31,65966.50475,23531.24925,18464.33519,28508.09364,93674.17593,14785.02526,33528.34657,47285.46809,33861.93075,142148.6972,92001.53767,91617.22289,32527.03798,304629.0511,17445.36646,5751.994631,2725326.523,156690.3632,17094.97508,219041.3019,195883.6649,21265.46688,6707.12415,30403.62784,72801.08783,737465.1297,124535.8139,10129.92494,18235.13059,45012.5708,47435.9332,53906.38179,57498.59627,20319.694,10622.31967,157857.7056,45205.14569,6965.411608,15866.73646,59672.36134,1022288.372,142174.6852,84785.25562,63160.1053,19824.89368,16470.86095,69781.91384,13700.88317,48628.70012,10088.67715,44941.03805,12316.45177,2358.733215,85986.37256,3522.410793,4418.932186
T2_P2_FA2,neg,media,sample,fa,p2,t2,64650.74502,102686.7088,25116.88309,58537.6789,165500.9471,13569477.62,58418.85656,20251.70538,17229.21218,24188.39284,87424.52359,13012.68511,29586.14763,43521.52853,32881.34533,123646.874,61731.95269,78484.97601,30928.7616,268208.4238,14643.35311,4797.286379,2235296.543,152282.1528,15011.37158,198934.4053,173986.8204,20553.26248,6958.572778,29740.73581,74977.16105,621711.2517,110718.4394,13679.18386,17018.52258,39750.93848,41962.96,44831.78414,48612.43988,18386.31611,8891.48025,136983.126,37063.56836,5835.991991,20357.87822,48150.332,882289.727,123552.3344,72195.50505,53228.80284,17228.8003,16466.01803,57675.33543,10102.50963,41268.73357,8957.062612,31088.2008,19237.81683,4260.291334,66803.19856,2295.594134,5228.011038
T2_P2_FA3,neg,media,sample,fa,p2,t2,68463.63411,139861.2058,22789.40082,62039.319,169664.8536,13367874.29,59892.42724,22439.67364,17594.29692,25847.98484,94495.03782,14986.08894,28728.93263,44515.46294,28899.26753,126861.5365,60982.18477,87676.59248,29829.27322,264207.8093,15011.60503,5790.619318,2321601.9,144397.4294,15806.50424,201020.5879,168063.3488,18549.06769,6258.429712,32700.18045,81299.25161,665774.0228,126165.1184,11017.87426,17899.55869,40363.24272,45957.81384,46545.46124,47315.52162,20376.98664,10268.7104,136870.3495,31558.04787,6140.008849,14096.66027,48776.73262,912562.9618,124563.2003,75181.74488,63805.16687,16504.73152,15752.34008,61409.30764,11341.5034,43564.2616,9361.555089,33994.26288,10620.74175,2610.33909,84927.64896,3176.838481,5735.779285
