Samples,Treatment,FApC1,FApC10,FApC100,FApC101,FApC102,FApC103,FApC104,FApC105,FApC106,FApC107,FApC108,FApC109,FApC11,FApC110,FApC111,FApC112,FApC114,FApC115,FApC116,FApC117,FApC118,FApC119,FApC12,FApC120,FApC122,FApC123,FApC124,FApC125,FApC126,FApC127,FApC128,FApC129,FApC13,FApC130,FApC131,FApC132,FApC133,FApC134,FApC135,FApC136,FApC137,FApC138,FApC139,FApC14,FApC140,FApC141,FApC142,FApC143,FApC144,FApC145,FApC146,FApC147,FApC148,FApC149,FApC15,FApC150,FApC151,FApC16,FApC17,FApC19,FApC2,FApC20,FApC21,FApC22,FApC24,FApC25,FApC26,FApC27,FApC28,FApC29,FApC3,FApC30,FApC31,FApC32,FApC33,FApC34,FApC36,FApC37,FApC38,FApC39,FApC4,FApC40,FApC41,FApC42,FApC43,FApC44,FApC46,FApC47,FApC48,FApC49,FApC5,FApC50,FApC51,FApC52,FApC53,FApC54,FApC55,FApC56,FApC57,FApC58,FApC59,FApC6,FApC60,FApC61,FApC62,FApC63,FApC64,FApC65,FApC66,FApC67,FApC68,FApC69,FApC7,FApC70,FApC71,FApC72,FApC73,FApC74,FApC75,FApC76,FApC77,FApC78,FApC79,FApC8,FApC80,FApC81,FApC82,FApC83,FApC84,FApC85,FApC86,FApC87,FApC88,FApC89,FApC9,FApC90,FApC91,FApC92,FApC93,FApC94,FApC95,FApC96,FApC97,FApC98,FApC99
T1_P1_C1,cntrl,0.006994545705469584,0.046315196328847195,0.4270349604643031,-0.30847850719200154,-0.42498707556940785,-0.11965551293884878,1.2401790913053798,0.016178683036700923,0.23598370455141418,0.19269242417138252,0.17563417642655318,0.013138317343582184,-0.3123698476559983,0.005318346925236313,-0.6345359564160207,0.05142511294800495,0.24984759424106304,0.22487394864878035,-0.7005119516083709,-0.03508110349369794,-0.008091121597677123,-0.6897614070884601,-0.17323284173808176,-0.2501231568956409,-0.023416973702558054,0.07073985934335042,-0.2739981560740095,0.13492170747126345,-0.31729984720070914,-0.08592483793504217,0.7044158851480529,0.4767479660127661,0.23359156346837165,0.3594708451021872,-0.14655171479680892,0.3925044053032183,0.45378596864779763,-0.027638978826573873,0.21464770447103257,0.4414590923547528,0.19097798443923084,-0.0449235575988971,-0.07915987186495574,0.02914956662427404,-0.048119852306772,-0.10501682981728722,0.096475608337371,-0.5848572531537422,-0.16140618045002994,-0.31027541121203317,0.29579079007715214,-0.10948416981440376,0.35832503016183703,0.26176914773296844,0.2233356109878365,0.2985343523843396,0.2463618488490836,-0.09421018493397229,0.03756494502557842,0.06207494590658958,0.07177682741471011,1.037255644589788,0.21918627144579597,0.08369145877252364,0.027562250107726154,0.003162705099154634,0.10482900885447483,0.10442316952425532,0.22589796441364207,0.243551193785944,1.9593839369317148e-4,0.3827202745090692,0.19007773779550244,-0.07651363166098459,-0.2101779773878644,0.20065858699769704,-1.2642632237282891,0.04805475914828254,-0.5339459851030429,0.05021665687410122,0.04673686249436445,0.17381547856224555,0.04382362799811173,0.4480809899517112,0.22679734010025446,0.278091074657502,0.09880233397307368,0.11166938112738169,0.10964485211806176,0.10127726609901641,0.49664598181253916,0.17597232431179147,-0.1525767194319414,0.012353475547397474,0.34975938191676204,0.11562084712877116,-0.0407917161078208,-2.8245606026635315,0.08701213663093223,0.03147819764992625,0.09707907996864171,0.02942932415113271,-0.1729818329710615,-0.4497439421268806,-2.729678708727895e-4,0.10621751193070775,0.2889245745625658,-0.19047927843401136,-3.1996139627336144,0.3051723202131078,0.06646396260144359,0.0914219474522898,-0.04209879508186431,-0.08424842907991095,-0.00696240777045401,0.05958292622560278,0.09098599972745972,-0.07973144796117737,-1.13204226076954,-0.15157890391346623,0.31851756035204687,-0.6182057838933729,0.03158664508579215,-0.0433095624625515,0.387514855416596,-0.018455822769559288,-0.17871174134847254,-0.208350048512409,0.1537101227802006,0.02742760303367371,0.25745965220549133,0.034613967861103774,0.17077829589114407,0.3843783702336744,0.33269068893103626,0.19368284278029024,0.00378869796190305,0.5386385795021239,0.14952707573119575,0.2929258647175843,0.19851896958474613,0.5197787464006031,0.5151480604746019,0.4378515102459608,0.6732529863339283
T1_P1_C2,cntrl,-0.018914659265789977,0.02381815407464037,-0.23616138069721987,0.06114016058174108,-0.0637971537784137,-0.14836115909981962,-0.19115215956911696,0.14031988108601873,-0.09166790553301615,-0.18721337098511545,-0.2009010241567195,-0.12332709673885452,-0.15957193544170722,-0.06593583639409012,0.28485940240876745,-0.040886475866693334,-0.14170770220854834,7.008988102326155e-4,0.20774893242616221,0.05224090024430848,0.04607091321145225,-0.177362440416904,-0.20424049769601324,0.057163252568036095,0.04799817384776298,0.04052551763721988,-0.2109064546957173,-0.10551224280630601,0.2340868632062072,0.12995339063929776,-0.2112859491895327,-0.06356950145015298,-0.22435465886910716,-0.08538293139573475,0.15553379112737253,0.028532231847533264,-0.042450483779513326,0.15006718536613511,-0.08941476332375609,-0.16732107788289247,-0.08983177124589892,0.02934940773843927,-0.02016854107580751,0.07231545681150763,0.022228376034044012,0.3528904699385225,0.039546344260210815,0.09807125315000952,-0.2548534733769814,0.46478227617458684,0.009531635696272758,0.35786377936697567,-0.006419007124894946,-8.329473075770408e-4,-0.0833734816666171,0.017321170417434965,-0.33610912342004023,0.30315262411866983,0.045390436321287114,-0.005781809870665492,-0.001992601748236617,-0.19849646952391514,-0.15649038321117326,0.04258746203965823,-0.008535025167005335,0.048416512507621176,-0.0029620886754459196,0.03700655428683207,-0.10944239924710641,0.10591813051903179,0.017001739180995165,-0.016810652651863378,0.008142346927635068,-0.11354708430186998,-0.32250059761582756,-0.14798773245674415,0.42519902855771297,0.05781162301749177,0.11997981720343465,-0.023226025049556634,0.05202905508041068,8.407436473061719e-5,0.057459851993458155,-0.12643097490897473,-0.22383901385957267,0.11150535399613862,-0.10481971901854634,0.027415190645584602,0.07061335367136648,0.16738165450549689,-0.1328847839258446,0.10465769461062488,0.07553862588128812,0.05091718957961462,0.12301178392626888,0.03495338112960879,-0.0896022573936824,0.061256932525722674,-0.1915150262052932,-0.15607032373806942,0.09484485147383359,-0.025936680902731983,-0.03282719244022134,-0.30064689996078364,-0.07035682171470639,0.08317953357221672,0.09362955790216776,0.03094731297128414,0.4879084727578247,0.13458309970843016,0.18545032484711427,-0.12236991041660447,0.10576696994532067,-0.23494763776122088,-0.2337169399743796,0.09402248695976073,-0.012985724962551013,-0.11202462601415965,-0.29531456632209513,0.009191238458469246,0.10381505338284855,-1.358835576536486,0.0345139094832622,-0.11095274626317485,-0.12268707806797605,0.04735570275567965,-0.007909032439283818,-0.18237015077599664,0.09109812666977954,-0.25990143916256775,-0.24993297311964796,-0.2633946733003721,0.07217208340523551,0.053755551805847054,0.1103093396109322,0.04870850941308355,-0.019157136372389545,-0.06759027893637708,-0.03809667585351301,-0.1927430948907865,-0.12950052069599527,0.017928076488621478,-0.11931488779065852,-0.06186136540233253,-0.02183617063120334
T1_P1_C3,cntrl,-0.22227334376584082,-0.09287981901796993,-0.19257947779987417,0.25695829251219204,-0.1975177221959029,-0.5167254497176249,0.41639047306362553,-0.10536298971964021,-0.17244142146241923,-0.10469231115713443,-0.09757919207842224,-0.5031361769160992,-0.5975544860445922,-0.2188178347681659,0.3057899822470287,-0.17438511792425176,-0.03254987827907445,-0.15829183718175185,0.617000478977122,-0.1313563534222792,-0.23517917790284448,0.4983324533594602,-0.0971598925711727,-0.2872223424369154,-0.26459955593323947,-0.2677006172001126,-0.3057931577653077,0.025494828444033356,-0.4281368057882611,-0.4702254690547596,0.00612401835814029,0.02120220035069916,-0.25547404408749835,0.006396164236257142,-0.39475165392590333,-0.05956701690592252,-0.052201908820259255,-0.36269458591586756,0.06863210442545209,-0.009523124828264229,0.03886577661989663,-0.313444790275085,-0.23726181359519827,-0.21946834183958502,-0.2277507486957622,-0.19715765010573563,-0.28690643621300516,-0.0582547993624195,-0.42897350505578213,-0.2165443990662581,0.10636632261575535,0.07708757208840139,-0.0012645672463565336,-0.0010466127207527723,-0.14119110640412946,0.218411726566459,-0.14781562678982288,0.38064521098587906,-0.23575499430888253,-0.11713209399925156,-0.11095658920522525,-0.07407943679439366,0.05930910084219418,-0.14175689931875193,-0.23367355750162722,-0.037750729371668755,-0.17483071555125157,-0.12080001200391784,-0.09017009369481024,-0.10750993994475896,-0.15578023447897843,-0.2625782650186862,-0.21312138499596786,-0.15474736598498204,0.13236004570106663,-0.015588721977565924,0.9906738606177492,-0.24598046946741328,0.262363400004721,-0.13071602137295915,-0.20879046781569152,-0.10638407112484703,-0.14767738764246757,8.004079668720021e-4,-0.0926077541812165,-0.18263058564291965,-0.16978899199389427,-0.09800736433751248,-0.1489350333152335,-0.23863329370104247,0.01793355111332179,-0.07154622328395158,-0.2815119235193799,-0.31989718925021043,-0.015743566928899118,-0.12107143890946856,-0.29502372539861865,-0.2718754214802426,-0.3517360354307034,-0.28359098021939483,-0.16588871075285427,-0.10476502138430617,-0.5211545414887977,0.25588614677346344,-0.16057150871421286,0.43920640432642055,-0.07245719659612747,-0.4019617154083437,0.2657321138444261,-0.07206408387084538,-0.1926732540245774,-0.23337582422389572,-0.24522860466746174,-0.20840999960609569,-0.21843893827139665,-0.24107046190758763,-0.13141250990246253,-0.2122127341932098,-1.2964839796467231,-0.24331553751783094,-0.24485699192653032,-1.5670084752658782,-0.1721743434586486,-0.2172109802084773,-0.22898744603753762,-0.2407264855148596,-0.40805055268580626,-0.164925396636924,-0.21787226278435365,-0.11955217816582786,-0.19147594487320044,-0.08277400769661446,-0.13791437681097707,-0.059448168184210656,0.08405229588917253,-0.35769670845686113,-0.3273265457309822,-0.24360789730577737,-0.0959608895617913,-0.044716305437566856,-0.10680206164171144,-0.03390140312689628,-0.09086627569248307,-0.05281257412697721,0.10491942409300647
T1_P1_FA1,fa,0.1655398881447435,0.11243214226188322,-0.13082545399563905,-0.08411556702806941,1.1014533649261542,0.3357386982077163,0.7022274397445949,0.11987047379579722,-0.06221052335064366,-0.2655208020059144,-0.10917128923843376,0.12914645000455643,-0.19944897135223816,0.003236587499568913,0.9238218661187392,-0.20708981274484398,-0.18395221128939276,0.5105265067216007,0.22536039808395786,0.209459966710361,-0.0027280162488788826,-0.5458715085248239,-0.07650350033145105,-0.032295428309131465,-0.010735679131685156,-0.0520835468606655,0.20879117896571928,0.04592952463499881,0.21615834092226988,0.12100973240451215,-0.2882017388362881,-0.3394979212671199,-0.25091573500674236,0.0361487160590959,0.2829406204632891,-0.3491570289026694,-0.21459736777315291,0.2833808574211739,0.08204503081992362,0.11120330259034958,0.15063940682724847,0.18262221606804546,0.0873720097979371,0.2779551208362531,0.20056892430880133,0.8466389568594851,0.09771876719820428,0.5695387156095619,0.26908505052660553,0.5177865610499585,0.12503313461251894,0.15300243411821493,0.1026532453369412,0.11919065027865455,0.20731995851622062,0.1396784160286754,0.2674857443269108,-0.738819195700328,0.053560042868594525,0.03876046545291281,0.043928524617834065,-1.5565930833571193,-0.16999750185725188,0.061548089406399005,0.0933252481083749,-0.0734631568879637,0.009050143933404392,0.04134585545262074,-0.020744380872292224,0.030227945768502146,0.0800556370795077,-0.2793268329322096,0.15423241687113706,0.02687572880855284,-0.1765527559435356,-0.31541783924346223,0.5311524565849919,0.08062746169073434,-0.5727636868790662,-0.17981988490760953,3.5588778644270874e-4,0.03313145195485587,0.2340655342049744,-0.1371207308730598,0.1899699573102559,0.10216889117711012,-0.3789925821519725,0.12185845639722441,-0.05704065561415028,-0.14799360170858444,-0.1355758522469156,0.018838667416576006,0.4963834908363348,0.04367396733495472,0.12685893765263218,0.08239457222451546,0.24359499452316963,0.8609773183530776,-0.17759424887278707,0.3520792549375031,0.13789812510900565,0.07701105020751893,0.11241805362690191,0.8472997692130398,-0.07092800648509674,1.1865778148432347,-0.19956120361066534,-0.053787101735237784,0.49970772246137574,0.1356018671900779,0.2823036997548303,0.3164999033725925,-0.026048294933135634,-0.17089458950028966,-0.1847920159992043,-0.01491898432608303,0.1152093348407461,0.14444819686574376,1.0508168874635964,0.11369167047471335,0.19737939051644263,4.731967193244892,0.06297699544837843,-0.1336084573446595,-0.34268609098837693,-0.12432754369134806,0.04589074174093226,-0.08914791877514086,0.0973805671190496,-0.14789004490924482,-0.2643038872069861,-0.13231159183075006,-0.0048926318095921136,-0.5596224151675723,-0.18183434338867993,0.2812396688343371,0.1183293190465305,-0.04254541476053662,-0.009130994991133866,-0.17939427803562125,-0.2278613843441938,-0.8786595280201338,-0.3532460881769589,-0.9608853584871719,-1.3106803580202722
T1_P1_FA2,fa,0.13150401120530442,0.025160276758179063,-0.11531288930623794,0.21217754528984092,-0.3359720789772545,0.045910901134289486,-1.0692092830803233,0.04825253490704252,0.0691811901897195,0.28734256895751015,0.14283602965195866,0.12956790136323476,-0.2205111865216636,0.1635831286563559,-0.34800420728639975,0.2916177007798907,0.2523556992359059,-0.6956446760063688,0.1119812485057912,0.16070077186382445,0.2655568786421884,0.06029045800449809,-0.10701864128652952,0.2881298511356715,0.2088112666367446,0.18140525676763236,0.5924247918881163,-0.11677825945638486,0.16067441233942276,0.08740672265845938,0.3914372778998042,-0.08605562979768296,0.0013442044347856744,-0.20507385436222575,0.07670708449373893,0.024347646776717073,-0.1001130213202401,0.0916418646952933,-0.16678271657301777,-0.2690933317004133,-0.19790028496508763,0.17333681519899743,0.09015713629107103,0.021602736143134516,0.013693109200794544,-0.050567985031492374,0.10407239159739838,-0.15809669128195186,0.06543488132856215,-0.005602767402045447,-0.2458646040113589,-0.04631406523926221,-0.23535925732448781,-0.18390441922287262,0.01722592086957857,-0.28999770853341716,-0.35810596953752016,0.20405966505689804,0.11042210116014436,0.03642613476990939,0.05991672878176027,1.0809098848912357,-0.1630849657933412,0.037357673852731484,-0.05222427297011472,0.10640139785400496,0.01010785410404092,0.05208618869840417,0.058700066909435675,-0.04270449685164128,0.045064638230043745,0.15581150152121817,-0.04956121070491364,0.10448537792770421,0.03811716242638387,0.14034211643605216,0.013674489735318457,0.05485530700576353,0.32402040257680537,0.10720786464426349,0.10049381469596518,0.15930451124978917,-0.0032798364004383556,-0.11532869192951481,0.07247681577525952,-0.2592468150541284,0.40475615609152704,-0.15717862395264967,0.037235487317263206,-0.27312091639640457,-0.1315848462236804,-0.08260783541755998,-0.04257158464647286,0.10489118802080163,0.2284278249370917,-0.041751181631233106,0.07829875285529775,-0.0805771054535479,0.18980426085469887,-0.09081979955512468,-0.07566826142126472,0.06156817024076679,0.06952543063312021,-0.8950902851370525,0.10283159455624541,-1.1436473602573107,0.2948218025790963,0.1121614570940947,0.4154423648321439,0.20110329729043463,0.07213500720303122,0.0928810958062597,0.11475167673391683,-0.13682808236764848,-0.08008347952913931,0.05590654142379233,-0.093451015397579,-0.05595915480881302,-0.06663695140291742,0.055288874066762146,0.01030915673691956,-0.691153754499239,-0.08539018538488546,0.023596938158782395,0.05055645665754757,-0.033405915229153156,0.5382461786010547,-0.0998167508480253,0.05745852479969342,-0.13669596357455063,0.005365510416106931,-0.13301639725747522,-0.06618902920210049,0.34982411203239167,-0.23962814176761948,-3.502881861062873e-4,0.06221637114457964,-0.026205535817591233,0.09730609515274186,-0.12537133214785587,0.1685619995102846,0.5242649580904376,0.11530506852578792,0.3571041744830924,0.5561259184421665
T1_P1_FA3,fa,-0.11175316602562729,-0.10335904898066449,-0.1760933250399439,0.491451620507572,0.047201059299655276,0.04653343101890456,-0.7338546477765742,-0.29914908946889407,-0.19680905232119844,-0.13457874491990993,-0.2991985777961799,-0.2225974469849202,0.13166514251566408,0.005949722618324237,0.21393771383653465,-0.2261364648851884,-0.3556762107455808,0.12023962318538794,0.5297603080249956,-0.1012820647379829,-0.3968928992877048,1.1300943081224615,0.04790819958772437,-0.26797695886972256,-0.319749015856228,-0.4372500219909147,0.15239822658087904,0.20506210051443602,-0.4180164570362248,-0.35206693975829656,-0.5026150538137756,-0.10793643424708348,-0.1694305401336949,-0.2351578700591609,-0.36155936324982124,-0.17405362294805893,-0.24182824364272426,-0.45537645575592156,-0.10414668099234711,-0.2644708053046157,0.023744092587982817,-0.188288220040153,-0.1141776711189175,-0.2207036362163955,-0.13034197595274657,-0.3260188110130042,-0.20857660327035227,0.10812145009649131,0.19938756434405092,-0.3349188653802893,-0.12800249461199914,0.0677734725125395,-0.22912680053364115,-0.16218353720007,-0.06180211567804918,-0.1826218724617145,-0.04615000657455554,-0.07496083256823718,-0.2085832867758341,-0.26925428804101004,-0.13035170825748776,-1.204608864797995,-0.34247081479295666,-0.16573097056104885,0.008435218437982058,-0.37965743651789174,-0.3672879020258048,-0.17039505326659452,-0.1647591331968664,-0.18555528901792764,-0.09751544615753895,-0.2613114712347144,-0.24676670967484157,-0.2129260232932281,-0.08638528563663267,-0.1598045536807544,1.5810776993578017,-0.2844563243359397,0.12146028504190212,-0.19860956239460997,-0.37303154703748265,-0.172599609733616,-0.17705739526665967,-0.047479701101746194,-0.09153711043427684,0.05667003116877129,-0.2421937803680634,0.13637823451069153,-0.22326066337254818,-0.012927339710344134,0.013303030593265722,-0.06670916301267688,0.002615707734957975,-0.2801423328597356,-0.4029315841670753,-0.11027924315720089,-0.11422628417824054,0.5524701456150238,-0.05272975810271803,-0.02761993926429703,-0.1021969050784929,-0.07036365787769346,-0.08908414663079206,0.24469264213079092,-0.18210663306909683,-0.6743142227995751,-0.39216657594138626,-0.16397417095931102,0.17522782026413086,-0.28903641372117045,-0.3717601482692078,-0.2606753895480014,-0.10761169746319449,0.17632337307302573,0.03183289858131464,-0.37739004162412615,-0.0355872895928031,0.11433591137564415,0.3356247545578663,0.19691054561698634,-0.47921629616509137,-1.3864415823715748,-0.18818813549995564,-0.1367324945803244,-0.35906195582624406,-0.3923796486960484,-0.3312109004154894,0.05417428402391631,-0.28274841304216486,0.0628465970920656,-0.22740087530886754,1.4731820493970975e-4,-0.28815793205156137,-0.27889484417839394,-0.6100064888486065,-0.3532503120460342,-0.10846191014577349,-0.3577130580952585,-0.19891337023954336,-0.4001639688051388,-0.13958544067470605,-0.32105536478650115,-0.44298229559564517,-0.36457876456872385,-0.40268709369923383
T1_P2_C1,cntrl,0.03185708549961139,0.0907385255387022,-0.03077791008513929,-0.41348232368272236,-0.023498686970496216,0.21047932966378297,-0.88699438997321,0.23721861015943776,0.05750184496434352,-0.1269925030591155,0.005738822568059493,0.3433752721179582,0.5587647043901685,0.010097428140824016,-0.4070388216279232,-0.08888302632125392,-0.14332467311156305,0.300193744780346,-0.7893709684047135,0.0024588185332695993,-0.02437342253228204,0.027922257070342266,0.20602369713300778,0.26787780150445795,0.10976117997233971,-0.012889961299349498,-0.548730119235702,0.13711363477398741,0.38442428209278096,0.3018192732557328,-0.38180597064006566,0.05288557115913596,0.23963496974740023,0.28277758880668136,0.2773607594224871,0.010236784165228406,0.11329344847085815,0.10811958744344777,0.18737951765692054,0.2979963362496231,0.105563100980128,-0.08931764094012706,0.15991291423861326,0.11411536676644475,0.1606627574705728,0.3500410696362905,0.13264508798035737,0.08478110503258122,0.2353304853510442,0.1663978750801794,0.09023163095915994,-0.18829613560670497,0.08058946563980499,0.05762591667128175,0.09413965362441841,0.14580641759758944,0.45440762717628286,-0.004380399708829509,0.06886597341304752,0.13509610552404866,0.07378315520214532,-0.38662565708777236,-0.10744360022448947,0.10480384714153479,0.07938759992093981,0.36944080769753823,0.23294261380320885,0.08369743759812284,0.07264594242700853,0.07292174202464657,0.09102383863688125,-0.021132681629942737,0.1285318077333137,0.2813157720865313,-0.08142966688865279,0.028479324224460714,0.05079936711136568,0.2013892878989384,-0.0061573945629794236,0.1323592434285278,0.10230946938791685,-0.11718889752192967,0.07588959648538433,0.19433664352985128,0.16941037887628385,0.03654162630653372,0.06013917170954611,0.0956706258349578,0.13499212262175397,0.043152339088305534,0.21012893893262247,0.15623383300601415,0.1545775391135292,0.22077484273610098,-0.21206527613983428,0.12926612488316774,0.183307081042456,1.0290042488324762,0.5068690680694621,0.1469798137823385,0.16706278405382574,0.06156983031868934,0.06379568810601086,0.39967811497614525,0.2142394719252375,0.7874934022630503,-0.21220354437715347,0.018280289637343038,0.5512703257890097,-0.14774393173987438,0.11800881383989163,0.08260487158795801,0.07034486977667845,0.04085256645851963,0.09764163911863785,0.3068505309499733,0.1326633789562989,0.1571850285520561,1.2415860558903482,0.04290402649809153,0.27999956334897896,1.9752154847973649,0.14030455838612363,0.32489317666229856,0.014207303857709956,0.36920308419491793,0.10730565905479005,0.23467951862417955,0.23510383469626708,0.03402593810263557,0.2508306909494237,0.015500888340145309,0.2750448469849405,0.14758422578218458,0.47482591765808785,0.1911085468335409,0.14228249321540995,-0.17271675989222834,-0.03157998054301833,0.005255690315281558,-0.0039238051346491415,0.21718594844971628,-0.40198552124249765,0.42188090822975066,0.2872186302306761
T1_P2_C2,cntrl,0.016491213726758026,0.09454890500991407,0.0986301388551808,0.3822998369142282,-0.19952392431243227,-0.2870363199576609,-0.25804838921400003,0.1705765223599421,0.39606022066816354,0.08023072277026516,0.08386294577181112,0.15608185502952018,0.4407534172277564,0.22627316989663837,-0.7904080708323634,0.1642700103188328,0.17300114834096825,-0.43135034158814667,-0.2571048274164682,0.13586878736364083,0.3129825356387915,0.7726484530684113,0.10491124983884795,0.4693167008541901,0.3061645178293281,0.26473501867893057,-0.5803110440036506,-0.2314969196565928,0.47290946501014697,0.3443398395106942,-0.1674210919658083,-0.1664757604953836,0.17816010546694494,0.03288041522072166,0.34847983665805177,-0.15858490618289522,-0.11023927548667585,0.22339579226821235,0.007913995458605966,-0.0018183015000165642,-0.1308370169668107,0.10230869809916121,0.19651316940208516,0.017103932393872676,0.15837919791635127,0.19670355752157634,0.0952851697668544,0.3166050768502022,-0.2509630246713038,0.010182708822381939,-0.0710998299723895,-0.05855057066647942,-0.10557387366330366,-0.06608828864776989,0.010403633099854426,-0.13830245702263672,0.4541071822150779,-0.36652621159665844,0.04983074289758992,0.014733625956092468,0.05912820214003855,0.37544080221316156,-0.4815046556053636,0.08546502175350927,0.2633746991962202,0.25483809771941396,0.15685648326841561,0.057143547435553346,-0.011744729625114463,-0.1247764572416323,0.08410192139220891,0.061631473267891604,-0.020007052337069377,0.32497683430244756,0.4233412019460911,0.13500317816514368,0.17869509392128974,0.2323854120232792,0.548885185493653,0.17807529642684697,0.08565005178935702,-0.033913474942094735,-0.0066666569705124,-0.33055579966387516,-0.12322756409763805,0.12442061722968001,0.2481485803682075,0.09486819848688037,0.15100926054180366,0.36430351838628594,-0.17344979290563683,0.28361225538950446,-0.0571256040282658,0.3602517846166607,0.1549207955651328,-0.018347001335980898,0.11527326458082705,0.49942260626414997,0.15742662703349447,-0.17285484079236002,0.036487700381154786,-0.05775341422524079,0.5154377417059153,-1.3647280487640634,0.17048627708318698,-1.3807904436124963,0.09728437579663071,0.4280264036033937,0.3725826835780708,0.10054717246898673,0.18285038642741905,0.16920658524692192,0.281216611364654,-0.260816364107551,-0.2781318222261168,0.18177498759494257,-0.01212060284123302,0.01481883236117766,1.6266293396592169,0.21943392559450478,-0.15026154297877808,1.3869358693421734,0.24450407227701093,0.18035716520249168,0.21786373399785036,0.39826981183450133,0.4065845665553645,0.07677661194256571,0.10927710923446995,0.02864514077029251,0.18500271089252596,0.028934671634649304,0.13253740972743888,0.4994738918585035,0.2300245260243881,-0.03672516001420671,0.26285930775998273,-0.2738016665767543,0.07837292275209545,0.05182346758498979,0.15699644006745941,0.6688019133237922,-0.04550529239240844,0.5924055241226249,0.9820468310836887
T1_P2_C3,cntrl,-0.26065581099838553,-0.06223599278139243,-0.35938048847702436,1.070684565099071,0.7408693174786412,0.23276543747965933,-0.08634053201732411,-0.13404724864524817,-0.22697531007225835,-0.41055292442866614,-0.2958443190055793,-0.5881055157797586,-0.2403535074480438,-0.0858391030747342,0.9394764159273776,-0.3069505381282391,-0.306711837596925,-0.8253437603490085,1.5807220444825314,0.4199717956196484,-0.23985614071548933,1.185972656862962,-0.2764951472627893,-0.252011216130324,-0.2912748010632856,-0.3120214835713669,-0.3269031914673776,0.11487439846896813,-0.14301061093491865,-0.24802343411686,-0.5550602261559506,-0.3294254168082561,-0.6862002318450936,-0.16141316111152093,-0.1613271034629542,-0.33393880104143103,-0.31868820722472424,-0.15135400725276066,0.03521492895018301,-1.3027414486463624,0.08142654660766012,-0.051514808939843476,-0.15396646586240215,0.002991233038733887,-0.046950888808875775,0.14705937347186637,-0.06433964448023385,0.3063441713280497,0.5229136124175224,0.1724900334106501,-0.00909799959135335,0.0685026955016301,-0.26686591949433774,-0.06669609838831714,0.09978425636293625,-0.05346229311387695,-4.129642000292231,-0.6032088308172125,-0.1490276237891096,-0.22148327745938323,-0.09292490521328439,-1.4065623078162885,0.197281785775422,-0.1307085955237429,-0.0706547165305287,-0.43213690698934065,-0.25210029677463514,-0.13743749984496825,-0.22231272463712617,-0.15143179519258185,-0.04950422666682161,-0.5409971305551609,-0.18694545481599137,-0.10909816137993833,-0.10672475493247231,-0.3635929715783556,2.124361958796816,-0.2611969988261208,-0.42210383774770444,-0.21551471193975705,-0.1979505932759819,-0.2618795614782745,0.020449710853657217,-0.5293261339801837,0.006968728867181979,-0.3188855875040416,-0.4840495469243188,-0.2938125588225394,-0.30349128709681855,-0.5407681885103732,-0.3845426245426532,-0.46629025334753116,0.306245185773107,-0.18639696173096304,-0.13888074901663483,-0.15635091729798165,-0.06787179255637298,0.15185441415731799,-0.48988997713152527,0.02750625433461055,-0.22046903439064774,0.0012767506715025477,-0.019217366274892088,1.0521807474490883,-0.18151009486705932,-1.0983319574659036,-0.39921702306207063,0.06231485120942762,-0.10651047637875738,-0.10859202824725585,-0.16713945206697625,-0.31858548232961936,-0.03798084720113466,-0.14077162003873422,-0.19621355238996904,-0.424470686912879,-0.18283024580108315,0.01121353579033754,0.33179479753255087,0.5335768532371188,-0.5895255291315171,1.5339369538606058,-0.18959215199179194,-0.4085223033586139,-0.5409506116870636,-0.24278168606080494,-0.029964382801265038,-0.19362497759758282,-0.3236949921961834,-0.32875409292369495,-0.742877459372075,-0.3199204325995386,-0.22770137312863992,-0.4189703918804807,-0.15056819997818943,-0.09245303162430928,-0.0678393108418037,-0.4609613355834668,-0.32797880228994214,-0.4799492941216813,-0.25311150629924284,-0.544757780067443,-0.3190439465228807,-1.0756527983425197,-0.6112515714788217
T1_P2_FA1,fa,0.0910928967729913,-0.06674257464299184,0.3978257783645208,-0.6418318752953344,0.1355083634302663,-0.11462686806269819,0.7070029542244154,-0.26452547999758064,-0.13965141723234634,0.3638479397481907,0.4004138959997179,0.010115711674504795,0.08572788285033645,-0.049643835273620165,0.28282877433129366,0.19969715602562335,0.33151917412448634,0.36792202076078695,0.06132245464986304,-0.05539871878341853,-0.12520616792366762,-1.038228957736956,0.29562102124776346,-0.28331722927743747,-0.09754776914472729,0.12066500174343717,0.8878534267025419,0.029499779472587282,-0.4494204354264901,-0.3072117600042293,0.45312433767128113,0.2954261720231621,0.5175376729034024,0.008478087938776309,-0.36524768211465236,0.21353512467602614,0.3057116361637732,-0.1474591962216516,-0.043464642974118,0.5544098000988383,0.11776183090839798,0.089009590362404,-0.007077693498302897,0.0803290979954672,-0.1403211780599367,-0.45644069605849863,-0.08956932197559783,-0.4565595756696508,-0.13739161300916547,-0.34333943255271354,0.06755068264020597,-0.3268806639818133,0.19837330290552568,0.09664706578210226,0.006538244498451133,0.07470930326905507,0.8675938922285448,0.47558080121588053,0.13924203764507723,0.15602480339949668,-0.05155886436186434,0.6707307642355478,1.2372689568704156,-0.03640658938074144,-0.12209130182528917,-0.003822994339453864,0.18006268785865082,-0.02928846630633854,0.1390467735977012,0.09075586983769654,0.022446480638623274,0.4020867084491505,0.16950528165767517,0.05802998574333357,0.10681674753433607,0.22838759247493293,-2.476636783092807,-0.06570532889637389,-0.2913020925463542,0.09434726310655472,-0.06575559079224433,0.15121348591095335,-0.0018825941996568878,0.6111944135247994,0.07875245026834007,-0.12675222219328813,0.19464773748059788,0.016776610143597784,0.02825905046272635,-0.20940414988998832,0.3135318285662554,-0.33648614873247273,-0.166033482304057,-0.12885099743715037,-0.1979624043484386,0.04727044423895979,-0.028143308649007253,0.15940631021092372,0.09028013353033155,0.241807640976326,-0.055155742192316254,0.10608923512838286,-0.17153779944014563,1.0130115113442189,-0.12383098840853858,0.9716086897540499,0.1996445898101547,0.03191345779633607,0.5924663514084039,-0.17538511268777784,-0.33007066748002106,0.048557834576786835,-0.1471103319035473,0.6279461156400026,0.6008531093856998,-0.03290090802833464,0.0938303524630918,-0.0608466467408794,-1.1621669343229306,-0.34451545471782746,0.13097374443779672,-0.2359511563185849,-0.04838782148100452,0.13418877170242854,0.27572796228299523,-0.04127855529488056,-0.13664967868908792,0.2832669875358188,-0.05947036240565158,0.5215644715163612,0.5610182242748971,0.48310692212064543,-0.04480751811436513,-0.5315044541195065,-0.0399184769832857,0.03379502439143858,-0.058660236904622784,0.32421345017602815,0.1558421756375654,0.5458019114758077,0.15902485320195217,-0.7125554255766322,0.6095893681472196,-0.16769562579862538,-1.0710125404079127
T1_P2_FA2,fa,-0.03209746450313486,-6.579352947638437e-4,-0.33312654059556407,0.3037985714046775,-0.19026081320652463,0.2150957075408213,-0.640910575946311,-0.24940110356284229,-0.1700454105423024,-0.248600141839685,-0.1784933149695762,-0.23280003969261398,0.07427081475977812,0.0263985467247455,-0.25459914418401236,-0.17306208089700603,-0.22258562595845455,-0.16513036655003757,0.10278501509161984,-0.1834208430188085,-0.021039843184815873,0.24511368840015368,0.040046243124470846,-0.1918254981959232,-0.15456931425011525,-0.18675756793201165,0.18755980305833292,-0.11229122151460923,-0.20073218237521678,-0.07191493477261764,-0.3320516704804321,-0.17124714616515818,-0.23010373181280652,-0.16678662742271355,-0.16108006633684804,-0.12384343670951366,-0.22922026831001452,-0.19093049754580926,-0.0799319541645799,-0.3205101750801595,-0.14938365789334193,-0.052048775395722204,7.889629916079163e-4,-0.1820755046959212,0.025394271757438323,-0.5804901697431446,-0.06505899618108137,0.13682445539154775,0.18135375541295554,-0.26762886628469806,-0.1169510399060042,-0.08075179344006626,-0.2866382772733852,-0.14253901486180665,-0.13205770719568805,-0.20479733799557284,0.062219301932833,0.05828016853296054,-0.11139206103703858,-0.18470077979978458,0.009292261585897226,0.5822983610062762,-0.36728191028756135,-0.0710432042578935,0.05737507480751692,-0.16814140491681845,-0.3226340803468574,-0.04754461967893531,-0.14166529561262572,-0.07003558472327225,-0.034447771055117836,-0.15851173789003964,-0.13239155945005374,-0.2585237430960078,0.12126450139821421,-0.12833208971996024,1.176711412943564,-0.1923798680346343,0.1817210757273129,-0.13935606566016984,0.18415223892971627,-0.19641496109204948,-0.0491237727150851,-0.4737063484167401,-0.3468416822460395,0.048768593449635946,0.05587162972482514,-0.05204788074316914,-0.1827973311440053,0.3053536843110465,-0.440756910436476,-0.0060484119276563025,-0.04211540660439139,-0.19833639755806243,-0.09472201109346415,-0.12442396130877331,-0.09869970525541721,0.003965562251457999,-0.41580245385290954,-0.12634557498629512,-0.14355484961207535,-0.06511230577360906,0.11796463643448066,-0.4610559266388108,0.06321583224167858,-1.482203395617989,-0.25209625163394267,0.15108494746704412,0.1914690548406519,-0.11664985121921038,-0.21643338077932664,-0.36865357082194905,0.09582435664949865,0.016568890329109534,-0.007243848143070204,-0.19817283077729525,-0.10388194821530841,0.017759716279113526,-0.2895394484199076,0.24093200023012565,-0.32379380209216096,-1.2607887124489459,-0.06053487078838895,-0.179169597422417,-0.029799484919960192,-0.3087856010714336,-0.020775022347911322,0.0326432364248263,-0.23410579774086937,0.028681206843558085,-0.3105626943104626,0.08599873314824012,-0.25443311518531986,0.15463495287798557,-0.6170569976727376,-0.3709123797373209,-0.14085472161210283,-0.2230240817364429,-0.054982590852648436,-0.3589741950819413,-0.059294930263508246,0.16189743335947032,-0.11815546324422957,0.20849767123602955,0.31493467629811556
T1_P2_FA3,fa,-0.06304167759534744,-0.09952096222979635,-0.38564877703990624,0.37154929983170804,0.02594813184625283,0.26307657739086243,-0.1264441711567028,0.07549227562832898,-0.03207110501131058,-0.3057819821722277,-0.2811361987141144,-0.042695130765112194,0.2547112927867462,0.06975054100033694,0.07820909052949908,-0.4132949979694249,-0.33891467786138074,-0.18683415843693046,0.5571180403956953,-0.15526044353443247,0.021784555149952017,0.855417004093368,-0.041925031334129184,0.09224376449827892,-0.08279843911758977,-0.16512617642488922,0.2060498494843104,-0.11291565105942762,0.370192591350456,0.2471936548282687,-0.3440035179950328,-0.3214630345826872,-0.46579441050431525,-0.3381155674549922,0.2843330012151949,-0.3202630889873094,-0.4389477735933339,0.17869621972263144,-0.2636559616080456,-0.3994629618984734,-0.2627390381951859,-0.05646555639994645,0.066347327653274,-0.10929131868523324,0.07546794926682726,-0.16723276511824434,-0.005993521942977798,0.332231186942904,-0.03363755545058986,0.5320609520306412,-0.18907893576213214,0.28301019192347493,-0.281654615967129,-0.17124707412778942,-0.19038568883776186,-0.21082459928634364,0.028102083621153434,-0.3620296086177562,-0.09458055208056307,-0.07782952309021264,-0.0876830576626503,-0.746566619285256,-0.5562620037017858,-0.07962192472159445,0.02823524719986363,-0.19272735479938938,-0.17130667676558897,-0.09959512558009401,-0.13018355245106436,-0.2583624089119038,-0.03459564023072508,-0.40306502059006016,-0.20789928309098674,-0.04561537076849573,0.26706015944775796,-0.2733676635103228,1.4178048146686824,-0.04671317891726844,0.16477821079205057,0.007978487132546182,-0.02307814605813995,-0.07434812633297837,-0.16769673001844396,-0.30612253217777285,-0.037605914872380485,-0.08811385105719916,-0.06525485232937127,-0.0826278207065403,-0.1327471721360322,0.28681745006794224,-0.2359093000736066,-0.04867904759888662,-0.11714642471050228,0.04489465020577628,-0.07425336942283542,-0.10335778084348796,0.09912128097342475,0.6849468170071087,-0.029831854135395477,-0.19288775439754524,-0.0882138409575528,-0.09899620161035724,0.1446092192003642,0.08580830219021715,0.21327363504507194,-0.23034634756000053,-0.21423389660150358,0.07467965919915105,0.2077530996040844,-0.17657266602303218,0.0786230230735517,0.047252567101071154,0.037395599150701786,-0.012490889663420808,-0.059911585824502345,-0.12093682938333702,-0.0816936986882159,0.169863619094463,1.0243940750066503,0.24373200160777417,-0.3787541354369424,-0.8549880707282981,0.0567879717024616,-0.06249629262653776,-0.26747483125737836,0.01984068063165447,-0.022783323597678033,0.018058007685152637,-0.1796668552039481,-0.22049836036916973,-0.4593702195365632,-0.20407002604253102,-0.13942550241154958,-0.1738858746902619,-0.3143760653526819,-0.11966225625802936,0.0017498251015038147,-0.24273112750418385,-0.2440415463157206,-0.20928598745339208,-0.3011524402073631,-0.16655267328397189,-0.31740921830006164,-0.33424130882919595,-0.18965438134321572
T2_P1_C1,cntrl,-0.04861776384026533,0.018482226646600985,0.10403622027158242,-0.14166657093650392,0.28551184448547645,-0.01610089554461871,-0.05454134391548204,-0.10364690781451129,0.024024293221479125,0.008194701674308906,0.24351973890600315,0.12717491183821497,0.1703884043192187,-0.010353076720790442,-0.29635140015354083,0.2129066462836537,0.08014498103345194,-0.040139669305817756,-0.2794259750020049,0.12387460724019012,-0.09007237726588634,-0.10658234823071863,0.003181525508874024,-0.03635982233021518,0.03556283156271067,-0.036681049341638496,9.296285138344629e-4,0.1705757606891592,-0.16251775570107213,-0.08319610682451511,0.10289395717087461,0.07306608995138426,0.3863830682033925,0.18221038209849524,-0.10657645572189349,0.09187415378641468,0.15660580103965754,-0.10226099128163382,0.13901867304661636,0.05317120245141229,0.11303174566309762,0.09827218624266904,0.02134896146808988,-0.004646892291771715,0.016279440928759922,0.6094396160950474,0.0685373487661216,0.0635491956668366,0.08252802821845096,-0.22659607759628964,0.09060463551030526,-0.41940003766207196,0.0418016285519256,0.07789536607740596,0.07827326509385274,0.07081713468414627,-0.2960552419235684,-0.09704562493482283,0.021278268899736698,0.01783251530206897,-0.015149963373427442,-0.1780862817486627,0.2306429793828717,0.0355909399148353,0.09545954311765276,0.036056118422970226,0.054821266713694417,0.01967176327428391,0.076726413187954,0.06756204943818328,0.025588944397675437,0.25524032614927195,0.12376788935843414,0.06068485637255544,-0.36320622302428357,0.08766497728418546,-0.22552633696896313,-0.025277848875147856,0.08604408230578015,-0.007984460391809228,-0.09604246711295379,-0.01080402286725074,0.11281591506125081,0.04910013548034881,0.26970677266142246,0.2640339617500949,-0.09914118748244671,0.17885572189124843,0.020791340120892256,-0.05581741184370115,-0.0360029733079088,0.026018309886096772,0.10004822794208329,-0.07621668808936835,0.06936639662962905,0.05037452131052937,5.2073663461577914e-5,0.06198984729498219,-0.05789474445082214,0.2058663708709237,0.014377886061037473,0.0971675433244535,-0.029742947292394715,-0.11976797551595555,-0.15660658776438746,-0.48105817743428725,0.012270645859594087,0.13980819331369826,0.007636128337241477,0.010094915166183792,-0.03480863063866588,-0.07542211691940215,-0.047829725316490726,0.09673801388035387,-0.022627107243661015,-0.03390111608339231,-0.008276104635780003,0.02445814191393686,0.06591982257771489,0.04461630440659698,0.1376276874460702,1.901586390803061,0.02226089217432304,0.011912547595352511,0.043845793463664746,0.013572782897396059,-0.09495066461284987,-0.003467243177081518,0.008604242585140361,0.06697683187660249,0.3046963140402707,-0.0012711037459571285,0.04383423814255474,0.03214178584259149,0.19626266435804313,0.16070376677467024,0.037309566789430565,0.13376972640721022,0.002279451742886171,0.023986387513307797,0.13808804274643632,-0.02799826557057898,0.26584898143499913,0.014192410001599355,0.006905209821886069
T2_P1_C2,cntrl,-0.11945493692717084,-0.07578299893945234,0.09085339813181044,0.3152022844048981,-0.41348641576792217,-0.5084571446178205,-1.2602480835392504,-0.10649516585410153,-0.08235390148175482,-0.06641235867184858,0.026834587934930487,-0.12199269028420688,0.1747538980363669,0.017134292670252335,-0.19934243897787557,0.27871252312886935,0.0454824307608702,-0.5960438939703173,-0.49052756598538494,-0.0295534386945494,0.002688671738662992,-0.07997908757349621,-0.1914518347935039,0.04416624432922569,0.04902458480427986,0.05489656135446587,-0.5400726851413031,0.10658039977698612,-0.24044077327574492,-0.16351866496886872,0.2130370654000081,0.47427455954554737,0.1158323634332151,0.05696274672722529,-0.2717529225300188,0.5277348599181646,0.28642440919466083,-0.32378257253274506,-0.10190078620434784,-0.05376099316305215,0.008009097435402901,-0.18561804765731033,-0.040608852443736465,-0.07180770018907302,-0.04401049092031544,-0.29117426832330645,0.05414221023713146,-0.19409416784238764,0.674690653018644,-0.4397121253175077,-0.10954825260624815,0.1657512208294887,-0.006364945558137922,-0.06271080106520979,0.07775919936957115,-0.10059887119812627,-0.10833911100649746,0.5604286899166507,-0.053593749568539,-0.07664066555533122,0.02108982066131563,0.3600851060623092,0.131897316473503,-0.03776302532023031,-0.008276329672582461,-0.009503077916320782,-0.06524283844768547,-0.016280078447204336,0.05634325500957178,0.04265440812049986,-0.09396463498308566,0.11289769701653701,-0.10974375903406347,-0.08833086211266702,-0.2607059596654692,0.1277689071033445,0.3850125635043752,-0.0696405256125257,-0.13388069183995052,0.04481811848693456,-0.1798538192160771,-0.06376178385367288,-0.13454571105499255,0.10979979021345096,0.15273789994261608,-0.0035260829293672427,0.2848311159169039,-0.05027761457108379,-0.03040581363110672,-0.26252867295288435,-0.08507935288996382,-0.027455727683635134,-0.23301274743682127,-0.023193197884678263,-0.12027792364586898,-0.03620465708471601,-0.060283510995714024,-0.08672635403334794,-0.04752454477054115,0.050504301374204266,-0.015604373688281426,-0.05698194646477952,-0.0542401278641735,-0.1442862164432268,-0.025654107824529464,-0.2175033573344408,-0.05542248805630459,-0.03971858726778218,-0.050321998438599413,-0.08440762566939848,-0.09959203795568562,0.07194158099977618,-0.021734987241186957,0.03357880892805099,0.08850537409567752,-0.11464944562851331,-0.05374595744672791,-0.08924141606058823,0.7437954327008698,-0.3022321231271066,-0.030678064221636263,-1.9523649344573641,-0.09851975911450828,0.04312989633988192,0.04864893357439059,-0.044912479918885875,0.11163978303219642,-0.0953550619419585,0.043346982918130314,-0.02338125980652103,0.1374372943774707,-0.03334851876626366,0.03833706378629359,0.213514970769058,0.14216323249234658,-0.006556348947473027,-0.0682431224250367,0.033727830851776566,-0.04368339730244922,-0.2239904521029312,0.12035180021100489,0.3147716405838722,0.2399218966239802,0.3277498598600289,0.4199063398778504
T2_P1_C3,cntrl,-0.03344047994363591,-0.03280037812806193,0.08464740935187302,0.21628048428403931,-0.006192064498660346,-0.251193372128253,0.6406358853507863,0.15944889320405464,0.022247286703952686,0.2351839145078663,-0.037424610593234583,0.007253093598137143,0.03699458328174735,0.18372032617497616,0.2412829455009844,0.03711470476440335,0.19214673797840853,-0.5365751305433029,0.7810888284630596,0.014372436175454896,0.14880711426971385,0.22101843352041872,-0.07955360218681747,0.248070216926577,0.1820233127594754,0.22068362406261396,-0.04955006282907817,-0.07338733846389439,0.3432266113151432,0.15084576346307174,0.08298851174235611,-0.06775523061272022,-0.0647701093022288,-0.16864976730307285,0.264977545935683,-0.01594568100251871,-0.11665489764200405,0.3299518653135569,-0.1255632468929635,-0.2701810362661362,-0.11064079649549449,0.03144571735793586,0.0645461888564133,0.027387724824897312,0.058638523381180224,-0.10070163248792162,0.01611760542092323,0.12404956089607734,-0.038810113307480174,0.3811666882134494,-0.056848038599041674,0.39424660042454307,0.06592875847037238,-0.022186115366723054,0.09563638150116466,-0.04272459982140799,-0.4076102041141386,0.23606458292206556,0.05029192968931576,0.08582674968812479,0.05661071497155434,-0.2373482330496573,0.09981905469854056,0.015303252279792283,-0.08471963473986786,0.10262426443097997,0.14085902958812313,0.01852104681279967,0.025977796558902345,-0.054625260797722786,-0.009476984897854089,-0.1296237930036106,-0.009786025953374577,0.25743672432996895,0.5543444065707885,0.0339858220648552,-0.9496965699575621,0.0905234896898881,-0.14972379142440895,0.12713089718761586,-0.05334388974557229,0.06320408277049153,-0.04753125923145854,-0.014203875852505099,-0.42228987274829277,-0.21275933391998708,0.23454787750456937,-0.3358826789605613,0.07427079834565099,0.010801358611212793,-0.14095685391109708,-0.07719319737479943,-0.13884500448413462,0.2324217842705965,-0.028685742974307878,-0.04636949699751084,0.08273531565005006,0.21293426105223273,0.08452862808268438,-0.18199481997173175,-0.023394747084625443,-0.033960491696738364,0.08706173329406328,-0.004506899705060713,0.1605057977081887,1.1155578276961193,0.09324618008215957,-0.020888686306968902,0.0087607857351886809,0.0030418337656070715,0.12157706289431729,0.06757575578389824,0.03643699578154984,0.09826813607831159,0.12778855358960461,-0.030944079109911496,8.382845258310938e-4,-0.1347746191900208,0.1431777472033378,0.1383615857840992,0.01218430056849959,-1.5778572181164776,0.028246234894034616,0.07163456230892226,-0.00975701057333625,0.2191271109420363,0.18968890939897523,-0.06271976285702621,9.777347784006053e-4,-0.05806946654164433,-0.12813401139937522,-0.04256465683106313,0.0510620480088673,-0.012806999593335283,0.31165137381944874,0.002788410527467814,0.16604326151610008,0.14919761811081425,-0.08864449305768872,0.33096833590801367,0.004672663482965241,0.03295626448141023,0.01606652960640284,0.030179969024186765,0.06165755194007315
T2_P1_FA1,fa,0.09884235750151509,-0.10178187297571249,0.24211010323885634,-0.681279042364317,-0.27422557713891127,0.5570772943875156,0.14869793962573646,-0.10506502528394031,-0.11000456774835518,0.10445176112745755,7.064888097250352e-4,-0.030717824004685392,-0.07767480351781439,-0.29767367708538844,0.6027275147759025,0.3261706746999146,0.008637482601050586,0.14849282755340987,-0.28804864056928,-0.1775023716546114,-0.10061347722921615,-0.9360589521513762,0.0727283929989209,-0.11416016154809455,-0.03177257566842967,0.019260104777989527,0.27848482838901373,-0.16325049383901613,-0.4291350047540222,-0.24207081706803865,0.41783664049121416,0.11332400003692142,0.13340135527289,-0.1625996832567484,-0.3544798658753236,0.24585011677242502,0.18575271947400027,-0.2735993440728648,-0.27406114394316883,0.07878801740734902,-0.14036906609009264,-0.04087615547743629,-0.24234564467373473,-0.08419618913709108,-0.20268820467120516,-0.2722094140947952,-0.06153629266162504,-0.45095849242742486,-0.09219366992731967,-0.4590689939180139,-0.09427528005689512,-0.08946965160399849,0.14455674923363643,-0.007745426916772352,-0.14259160272389954,-0.03722175899922956,-0.11058236538534114,0.05047229879902606,-0.02423794203822654,0.0018929933253766813,-0.03426900178421351,0.22013926681503293,0.10473600715529482,-0.06231025249975939,-0.18041944882687866,-0.2885554364809004,-0.06117552453369465,-0.029571384295787425,-0.05078138267950325,0.08936582686930702,-0.1217062035451972,0.0996001920169606,-0.03592479813873222,-0.3265780379839386,-0.5344252124277713,0.15497514878977728,-0.6864913461695297,-0.10081523899480564,0.02498007916170855,-0.13208779023335496,0.1743111758613173,-0.07034495884417742,-0.011437237803894095,-2.564743919395429e-4,-0.031511639902108125,-0.04878931271553819,-0.29404262951445104,-0.26605947369063543,-0.10508955985908797,-0.1101349400294466,0.04300148381619236,-0.19280392357172915,0.11205983477226986,-0.20005859007694657,-0.17934881710589776,-0.01968124325539561,-0.29847691583605396,-0.30318484518286976,-0.05848398825426987,0.2403069935631371,-0.029803647412765286,0.014491136321124864,-0.46814726522422023,0.5884002122494817,-0.22841825319729184,1.4726025125355562,0.016715255391296688,-0.11892635124073588,0.04998366864989179,-0.0850278393506781,-0.14897563042254092,-0.08436298882183663,-0.29155182960433085,0.22642762821804635,0.27697798762907166,-0.06747930615680661,-0.05847857321973924,0.043040802314076504,-1.3083250307480927,-0.5419974196588354,0.2600644995430766,-1.7476236344671985,-0.14388415326577014,-0.02075425016623804,0.059791307465257695,-0.276559086990639,-0.42815513587139575,0.07837276277264735,-0.05778849460375238,0.19713063167221173,0.18610889689957463,0.22649710549750657,-0.03748036366235337,-0.11347519401875693,-0.10863674484643661,0.0712838740651299,-0.23804140062984044,0.36034856080569,0.08510278884504255,0.09325243326289338,0.054283384347479015,-0.14582667743230954,0.1967359382503342,-0.11665776625585597,-0.113224356877054
T2_P1_FA2,fa,0.029908021701648673,0.061491648568062864,-0.1021141162381461,0.05017229981407793,0.09462638893167384,0.18945235662550053,-0.34467091035706204,-0.18371587611818083,-0.1718460925289971,-0.2078100742632392,-0.021249973816918434,-0.2305330412105105,0.00958512099742103,-0.15325367189780362,0.2232674961182639,-0.24234452567254,-0.166118327017304,0.5150132643108738,0.25978485236489995,0.0359484438210708,-0.2989362314160559,-0.06968935269495335,0.15733847129245898,-0.34778839712603643,-0.2632428495745364,-0.27943757274841996,0.11518222627919023,-0.12632550253072058,-0.29993682501828983,-0.2209664517863659,-0.44348770323893544,-0.20510788320663165,0.014435113723702792,-0.03463375254419441,-0.24267885957067525,-0.2844439584993517,-0.1867770956146675,-0.27360736324418117,-0.0393513256130073,-0.03499481377841203,-0.07705813275724882,-0.009955945602474276,-0.054469024634750444,5.849829136171077e-4,-0.022106394809311147,0.029428922354514348,-0.06929071216854112,1.8233623771606033e-4,-0.16658771742070885,0.013869560163547887,0.12453598496316443,-0.07740955324381989,-0.0378404698122036,0.060531136412631976,-0.0849699257721841,0.10581756479104676,-0.07735250428088472,-0.3591676710353354,-0.0955236384111372,-0.10133314411558018,-0.0648625556236074,-0.586015869087501,0.0956293464450779,-0.07148970698166883,0.028820609003476952,0.008497445786420407,-0.13775781381311414,-0.08452142404989571,-0.13175394563309872,0.016284033304943938,-0.03740253791277513,-0.029686268219019984,0.014542039569051021,-0.26999692062391195,-0.2515512887755059,-0.11708331114888826,0.687615712057668,-0.12725830857021297,-0.2682291945643841,-0.15607926906803582,0.023397750294715892,-0.2076005753222826,0.011120508567083858,0.027629822209340633,0.33056013856501154,0.13537166231781245,-0.16664821365290183,0.13450715297577248,-0.19713175133871338,0.03388524292163674,0.1797867157351275,-0.07593880533717393,0.21235347460121887,-0.1978689637276687,-0.14372293810245595,0.008459186727128282,-0.00630634968213043,0.04740058430099042,-0.052366488260397734,0.32788890039133584,-0.08941092976535786,-1.8824578679374482e-4,-0.10830587273448418,0.7426006083385207,0.13139717311274826,0.16174449202205374,-0.2831435757922164,0.06623650237230022,-0.1355670058659093,-0.13761333770507367,-0.19378147239240393,0.03201041801415414,-0.08009439913900707,0.16386147790077335,0.09210692912428413,-0.1780828275782099,0.06114159705118197,0.21785162909324468,0.03489171539651731,-0.09553449641398709,-0.23640521890603378,1.8225007782995084,0.0027755565117295,-0.09140394041997985,-0.14946215874012392,-0.33425903127827,-0.5932997669900886,0.13107736807371578,-0.05727333229449999,0.22253348028521627,0.06876883121405247,0.18601703499814795,-0.052082416619564476,-0.3225219862380019,-0.3088033553766173,-0.024257951642992374,-0.14403261697180927,-0.38011733306013085,-0.04426244680272812,-0.2586599580063733,-0.15100019936458092,-0.4609397074364746,-0.5267180833572906,-0.37581072551365274,-0.5880005280183344
T2_P1_FA3,fa,0.050974063994554356,0.04387484478093799,-0.30318311814039584,0.5256246702487832,0.0338305912096592,-0.07264166561266547,0.581941894268436,0.017135646239424908,0.11447232891606501,-0.15614445775230246,0.01617548626195759,-0.31953545883850965,-0.35545186405863444,0.1225971349996623,-0.09595609073659772,-0.29866657244506534,-0.021055049801456047,-0.4544545396980713,0.8025610464079727,0.2895935136918489,0.10075939370180119,0.3507271904271294,-0.08133989525252386,-0.029461120318435282,-0.12237376548512781,-0.0360320014795304,0.4200612551917029,-0.152294556578717,0.08223716866476714,-0.006740088717818523,0.09931719686592767,-0.19906950354085662,-0.34466742912039094,-0.10886401817736807,0.04654361960976351,-0.2948736908764055,-0.19459217770175946,0.13032070392705197,-0.043748606106460496,-0.21395730283464176,-0.01799750067773749,0.07492414022321434,0.1320470761736288,0.06640051646641103,0.056362256778475464,-0.10859269621821711,4.968375554893108e-4,0.095209153165644,-0.07025262187282436,0.1617754843005677,0.011783369690809974,-0.11883801251724131,-0.17368036145775245,-0.06349236246286857,0.1467130635979926,-0.024175484545884578,-0.7289446425155094,-0.5277935559095417,0.06660301724706802,-0.016654663916517133,-0.013335580372248175,0.15391647798603753,-0.059570538354659794,-0.009869599339406948,0.024447858530187574,-0.17510239036439654,-0.053246631168818156,0.001411900841138066,-0.08879841235942398,-0.16836611819945443,0.08818659570340973,-0.10920683640357014,-0.03744205393972174,0.22829821450278298,0.28387710434561647,-0.1910196878431012,0.7413566432002313,-0.06505934526040186,-0.2529797349127929,-0.034994313206853846,-0.04200974160454664,0.010037245045468556,0.08220411654003935,-0.16583547311170052,-0.1445093339125178,-0.23719869489051554,0.015296012743691322,0.0017720160137608132,-0.08358024188624623,-0.20163818639014996,0.012893575664263579,-0.23079785860251856,0.048262287990925454,0.061770771799633646,0.21621011598686224,-0.09054548691341147,0.05908598682097311,-0.3111837487098754,-0.19733321479872912,-0.13865369993908397,-0.10936956235731707,0.009075282442812395,0.21617856493236914,-0.28398225258194604,0.01933234169785369,-0.8835591038174222,-0.05046350819085105,0.15760931029868294,-0.15692771925635868,0.1697659452542013,-0.030359100400900594,-0.1216266578507223,0.1342841099640123,-0.2677886402409241,-0.19185894344259213,-0.10869607918081085,-0.11704318053010095,-0.1465038692412184,0.17821855557771288,0.44617749732036177,-0.3691394587092707,1.852193079410865,0.0015716331973805843,-0.2406795887477956,-0.13040600859735058,-0.07160340417094342,0.45079488600948037,-0.041165512476364,-0.13646115499346106,-0.19085236721797666,-0.33507558028289586,-0.138974268227251,-0.15473231309461669,6.38638701516217e-4,-0.2883493421572623,-0.11807002607530441,0.06918675581315577,-0.2909320463599799,-0.09592223653365198,-0.11454258249862329,-0.06269498235698662,0.05798777521269968,0.16742632930275916,0.03462285912051661,-0.05141843046255749
T2_P2_C1,cntrl,0.03728363747638107,0.03935221235001435,0.6969525432283872,-0.6977814704113214,0.5753305133828321,0.4537987810546831,0.9857486676292051,0.1621812057220774,0.17582218160224455,0.4775654796471687,0.31300157350369534,0.6775901034114893,0.43690034331209293,-0.15469280350941972,0.034346914116790375,0.3650837537965827,0.16981045916120885,0.5104335812712956,-1.1219345406973897,-0.03496980620700282,0.15276093641749,-0.35029101322725287,0.3516220976138213,0.239258125122353,0.27135392701250444,0.30971851988562926,-0.12500767996041479,0.22150767180453296,0.2406324084575585,0.34578975680160723,-0.13582255449891473,0.034629699660485715,0.41791707010390433,0.2992869444922657,0.2760525811288817,0.015202624506825045,0.2318397018857254,0.2676847231400236,0.3915987538126366,0.280579172914208,0.33838180175596694,0.1442890741414362,-0.03555222875069504,0.16499493297153142,0.008992879514954802,-0.019167823569860746,0.036225335332039116,0.0677263324278468,0.20601381239187008,-0.008931348204206359,0.0559583699928006,-0.16683025042323169,0.2279086575608419,0.12655411894031401,-0.10778152090295454,0.07474406209007375,-0.14724755520646268,-0.14352613936956954,0.1369763234463346,0.18775536975614857,0.07488320240907209,-0.07135342750728924,0.4560417273000497,0.09434079480406407,0.034967180963616805,0.19156342785515898,0.3216752475082088,0.06913569210088037,0.17662047248864335,0.1425733326089499,0.1016544018259147,0.2410322099246509,0.2043766499077703,0.05004476333089791,0.10180037877025455,0.18773885327858753,-2.111771039524702,0.2559315118321899,0.19755971557606372,0.15771482109348897,0.18644701537211422,0.20189179560104914,0.1170710145557622,0.21355007505758106,0.2251228553125254,0.07188091678297168,-0.3082718575980017,0.09134239957510328,0.3137217054228426,-0.05916188731543663,0.23703645259535064,0.08450702121370558,0.187757898279025,0.11566204446824005,-0.11151673006187834,0.13397879928057918,0.1239522572363521,0.5404430716439614,0.3912271423239498,0.21387770826224986,0.2283553878703613,0.08448503707643344,0.10946297008055017,0.3779795660010511,-0.15067977667295446,0.07742775076885525,0.29615849334069594,0.0964345665239423,0.21721963843486414,-0.07318625921369923,0.1627135221660844,0.12185936481862683,0.05207652307798496,0.19443715087676403,0.19607207463475423,0.49802613530816014,0.12118966867161853,0.18121988355687668,-0.2043815954528238,-0.04618547278736741,0.47262811750658174,0.7483107017570232,0.12063489474001168,0.3792067331737467,0.3730405432747743,0.4973930997173838,0.10017151044219881,0.2652784247385832,0.24198679092096456,0.2910500618645372,0.43803999534539134,0.30676123488650625,0.24802542526456006,-0.10368799713988607,0.46221294897187665,0.43119367195590197,0.17576594865677744,0.46172289200251704,0.30625664090913196,0.6789596996191013,0.21078733873918795,-0.1947596021918656,0.1291506805797469,-0.24310218943979262,-0.1885321140131706
T2_P2_C2,cntrl,-0.04202982452919704,-0.023334043756559064,0.0597010962296894,-0.43346412927710526,-0.21757977258882305,-0.5359836687169695,-0.08781085931714111,0.09290314049173103,0.08463855869304289,0.177746736504027,0.07308824632752131,0.3386063221227538,0.10558222551993013,0.0021269946385231043,0.1586695715971646,0.28280857787791863,0.15901612627849865,0.43120593106449817,-0.9205002122729975,-0.31463778318708835,0.20206771702111725,-0.5471622952080033,0.057024287334866336,0.20012145070847429,0.2082419381981784,0.24390335311860806,-0.4757862210392948,-0.02613499198562953,0.1966267829577263,0.1894109376821793,0.44465977139427526,0.2770897649817123,0.16160038673747734,0.16386777716453324,0.1588923755030768,0.3851804755771295,0.23247925086764204,0.17992501497909935,0.045684808677908494,0.263590739205595,-0.08262489342119533,0.07285921784921615,0.008187817814031079,-0.12458494326854075,-0.05019278673364755,0.06102105043490115,0.004953631453583475,-0.1565552282960013,0.12553828599479686,-0.05123425788906036,-0.14613373478421607,0.04699380015836614,0.09076559759356098,0.001419097181301461,-0.15822173707466847,-0.0921446843243364,1.0016457756821766,0.07321208763314196,0.01674551768091958,0.0605206529278204,-0.02126194800201657,0.3986392011843283,-0.3372853356626858,0.011849685608080595,-0.04239283544134202,0.0940997401167517,0.08866197558814831,0.025902220961794037,0.07654910086311226,0.023345186473372435,-0.07572668679421518,0.14443623038934106,0.03083605961226245,0.09367269601993032,0.18724011694064888,0.11074577586745071,-0.8289475272330193,0.08082951844104992,0.2160147546001246,0.031318824351401334,0.1863146109084241,0.11590120944314124,-0.01837725953396449,0.04978956722741085,-0.07765778790571329,0.01783780547840212,0.18402457126069183,0.09971074698700277,0.13393271606185397,0.08007887997586026,0.19477866012393008,0.15325948920342805,-0.15127758548112755,0.04305983197154554,0.03850446542377913,0.028814699078485648,0.049927036556724626,-0.2547909438071217,0.11016931175068548,-0.08074595737473836,0.024856728930334006,-0.06918638298574843,0.3399002157800984,-0.5727657553256966,0.054875645769646306,0.5032363157508644,0.20504565906028152,-0.05362172330449707,-0.03954544447663455,0.05369440505774401,0.1349881940018828,0.031493994979885975,-0.02943124941647903,0.1762766232811094,0.16120416093652712,0.21995276951803164,-0.010372810078149332,-0.09986768974195664,-0.3589343525418095,-0.24278799823337024,0.19384242328434428,-1.6518098594673998,0.002538564896495432,0.17538086416998933,0.2922166109428908,0.21860746005332568,-0.07264945027587054,0.052068925297693976,0.1021769303554233,0.03689433371510896,0.12086558522247168,-0.019494782811104405,0.11611908342663092,0.1914907287115552,0.37474737750811743,0.02433716816713187,0.02407899118107896,0.2531956214882377,0.09272284242477302,0.13885528819014697,0.04522698826536091,0.26533670406551224,0.2241731411535631,0.2814208555798994,0.36754527779178076
T2_P2_C3,cntrl,-0.08966166270526366,-0.03964275041795371,-0.17633236197662044,-0.3170438896401176,0.32450515517422546,-0.1527783657456399,0.0205283662952066,0.11031698099581824,0.023328454143934516,-0.13563359524873114,-0.29894134331397476,0.06474288536836806,0.025590755239442688,0.14305099899179743,0.04871116002066701,-0.4084166091440534,-0.07017280286692786,0.7907154765381021,-0.08119946725175678,-0.13290859982669345,-0.04400460927004475,0.17455586533955542,-0.010336683462177972,-0.13164949082902352,-0.08125757475991394,-0.023844247941971604,-0.572127929528885,0.19913774936953227,0.3374255246068187,0.17537240174460353,-0.1708609018549842,0.08196635192294538,-0.25290880997296744,0.2645608914575638,0.2969609241016985,-0.021098269464417674,0.09375097021726475,0.24163963737443905,0.30328583039768275,0.22175460760575672,0.19036338246444984,-0.08249957240708931,0.050184745184958905,0.0627306944564415,0.03798241181727964,0.09419379722169766,-0.01455583272494727,-0.0742319169287475,-0.15541890499967212,0.3338377379325273,0.1057670164341229,-0.0818921373091482,0.12920983235645328,0.13120959423584383,0.019832537968987176,0.13095133515692198,0.29951818907594696,0.308616580861667,-0.02618462356827648,0.08599014538441375,-0.039206751592675775,0.2596928667543098,0.3305198179168359,0.05119478003338399,-0.0169933585970284,0.18771018517771182,0.17432054002258401,0.016120603287010135,0.10817688527075764,0.0353393248091464,0.030751032893657257,-0.29741156431404725,0.05775903921805905,0.23220403653436278,0.4511046695459514,-0.030822228333813144,0.01669533579097851,0.15036499016143187,-0.07382842750884322,0.1498428847763231,-0.01855579522299505,0.09788721261591003,-0.10657505197865431,0.2183872977492178,-0.0876727434731526,-0.2141184261148843,0.24515065822118137,0.027965887878204823,0.1032150925512791,0.29542817250751907,-0.020760824517408294,0.19448450848677318,-0.2271862057807721,0.14950108645676638,-0.06992985653942285,0.11456606824827609,0.15242956325746157,0.08934322864538952,0.2154442763881157,-0.32139118964895547,0.057571820297052836,0.007390121127971751,0.29055622059424047,0.9360153009564125,0.10000766109087154,0.07020663484341812,0.02912677296815875,-0.27761375948519645,0.019349418759005643,-0.049533051104042644,0.09506538217887028,0.24551854116942307,0.043328860951662745,0.017711065626249717,0.018801059571630294,0.1671690191219422,0.21258324951814803,0.012230210080746798,0.24489694910398024,-0.06565972334316927,0.09879642022831653,0.7287590778724402,0.08374409854124248,0.16060458661126803,0.06064558818541886,0.3508194272317708,0.07945211155422795,-0.011208740388279459,0.03718359649827815,-0.08719657064559233,-0.18323983874771343,-0.12354689291874381,0.09019374938272477,-0.2354329402119058,0.3003773727929881,-0.23208484321040163,0.0346187379002152,-0.02835793681594527,-0.006777345907210158,0.012187173028531971,-0.2050620584304388,-0.3187366083515728,-0.13564888832354022,-0.28620011492687436,-0.3763785746080267
T2_P2_FA1,fa,0.14074729519432808,0.07919795030506309,0.40211418168771046,-0.11891409457292096,-0.6661339298449342,0.2620391574213723,-1.0765339162966285,-0.11293779500087688,-0.04070930479058221,0.220579570437566,0.2731666642575174,0.34776087248782017,0.025583563486267107,-0.09029741525560658,-0.13809103500995995,0.5559483241364076,0.3074086126523748,0.5490525271899325,-0.5319342458819563,-0.1454896894735063,0.18493644281339763,-0.4723406529006295,0.1978086789877883,0.12021739900275452,0.15780283001344178,0.17568045261979043,0.352032392253442,0.08762734555870569,-0.35256785432248006,-0.2057294151899691,0.5009834298827945,0.5613858468657253,0.5412511509362103,0.13455286987587362,-0.31053689486252023,0.6782979137071643,0.5011556419952599,-0.2507603370970931,-0.03503455829654479,0.3703255758188235,0.021310967382560043,0.12564434765138083,-0.0999030196889,-0.030258318360231025,-0.09245537242462315,-0.25922890995486586,0.009333700825191374,-0.31813709658449,-0.10965605865329761,-0.7072997847494432,-0.010532361327293197,0.02010347941046362,0.07268448754949762,-0.008570658964513977,-0.04802292447043552,-0.011312927571673466,0.881339435255757,0.6577983460718018,0.09518893272059156,0.06402862173253913,0.0742916684226372,0.932927432117256,-0.061977253260076234,0.048608628461912946,0.0547433401471613,0.04436709639467848,0.013020075987648996,0.08221526896773264,0.0755276304625076,0.1844490880273676,0.03558424138936023,0.4620855385147612,0.10407564825708357,-0.18720591200867925,-0.15169736647347137,0.29029447494881055,-2.147443570407132,0.021007518761685127,0.3243827982171243,-0.035947855321246294,0.23123625526146036,0.04609998381496177,0.10068280904145026,0.0518116822331584,0.11979861516196846,0.27334345636218144,0.1293746331585161,0.06742628794697977,0.04468385748760801,0.09697154721598955,0.14924273448030306,0.16244739122657822,0.15897527343136214,-0.10273369760406792,-0.010394970405731306,0.08186375409368646,-0.19431257949317038,-0.4347075310955676,0.1509544114696304,0.1727161778161106,0.03176197639131676,-0.006470859607933952,-0.2931133647024245,-0.9755311279432372,0.19513850028015858,0.4278384207830177,0.13275970476827423,0.04389015642785174,-0.0573374025889446,-0.011386308097574058,-0.09502030562958622,-0.13064247439807064,-0.08456066127303896,0.2600563206692519,0.27864973199827,0.1826687235223081,0.02781145545305127,-0.033696933295940784,-0.9821144574341916,-0.0849812134703841,0.07408122032178742,-1.8022229722350367,-0.02414376045470793,0.12907373157955543,0.380593303045175,-0.06344239022182037,-0.09561941440597915,0.2315318724070982,0.14070024452019717,0.3414293643339978,0.5037370816194393,0.30367971763213275,0.0741188637760207,0.41157766733658124,-0.07714854442196127,0.2653920703787602,0.01323893377564209,0.39668387360868346,0.15666952367249623,0.29555069372199516,0.3803702132677148,0.5635548572484232,0.44542050930089194,0.6835927113670643,0.5928175513145488
T2_P2_FA2,fa,0.16359155777839138,0.03211778075588453,0.04788060500205914,-0.08128513063960942,-0.6458710626565808,-0.1968535682564188,0.6643444205412441,0.17354164232060804,0.3015605257390025,0.18968782244049717,0.1783276576518123,0.16316652502512802,-0.4396086355270701,0.06715235459004923,-1.3822000538227996,0.10305852327286397,0.08612821962581158,1.5292550307452468e-5,-0.5663744889257376,0.061695014947817255,0.25445988730788544,-0.3966393374783493,-0.13525259397105677,0.2508702554748531,0.2297840041882982,0.2288472268402201,0.2638004681900849,-0.260694433368936,0.3044464386308711,0.2877461760107362,0.24768749595072448,-0.21319943763667948,0.14441742959655204,-0.003639391790787587,0.28475517967610925,-0.19987593965466777,-0.12176755049878453,0.22332419197958422,-0.006604048241889295,0.262997857190249,-0.1194373728895782,0.1156182337521973,0.1156451458790011,-0.10201280788736784,0.08123977028712717,0.11378411618324494,0.036188675258208236,0.2518622728245233,-0.23287421020014176,0.19045638762454042,-0.027935785743539575,-0.0028440145416288552,0.10436485531924615,-0.009582625073883348,-0.08864895568060335,8.732740230659314e-4,1.080004532892067,0.25297737261698877,0.010476273938358985,0.05238319300739342,0.09088799504242975,0.5572785197961487,-0.3746892244220692,0.08395265369650896,0.029112829315204224,0.24726320019599374,0.03452043371263931,0.09013578023061485,-0.06903520706315161,-0.034353417659858956,-0.0053684013581888216,0.3343004998567752,0.002525197468434666,0.06593488071401704,-0.02654940988061609,0.08420627647323133,0.024929172506152536,0.13451111375961533,0.1886738772775866,0.05817366794797722,-0.20983077865307428,0.15674554792266515,0.04735731342889544,-0.01180089436756332,-0.13545461751472274,0.16244403393268417,0.11122616273235952,0.12220318398335786,0.18965941549881501,0.2900486636909243,-0.13592238468203383,0.3599413995640345,-0.10689143508422658,0.181404977807604,0.3440664462428913,-0.01483740381367809,-0.014354168532904252,-0.2433725373516648,0.039609589060300036,-0.13737565047489714,0.10076412484735901,-0.0530768614281303,0.28004113299853073,-1.0679573163304257,0.0512798771049726,-0.027073945359949145,0.2225642254916547,-0.019203942519473313,-0.08148487751686823,0.3304213068241402,0.27509166196359314,0.19146777433847684,0.12340089237043686,-0.44264368443671864,-0.3103276910059576,0.1979011231092465,-0.03585725863632332,-0.15687152119936293,0.018546368011809283,-0.17057355840889357,0.2204536648961442,0.273546183845791,0.14934408825157144,0.07187636887117879,0.154286874726287,0.08798394869054663,0.3041994425502337,-0.12184471659233165,0.20178802071946028,-0.1250601688727598,0.17796410481664626,-0.06269510852115717,0.10381704381741878,0.5874875398985132,-0.019206632336134455,0.04597030536931286,0.029562405618475267,0.3934210347002712,0.06714738378385796,0.1295797412090889,0.1534328860892635,0.7707134671196384,0.19362541338774186,0.9035051015957698,1.1492319807883855
T2_P2_FA3,fa,0.07711421539796186,0.03120851378658855,-0.11025059543426134,-0.33799702985280716,0.2942615473414258,0.10844631847393031,0.7090621301104989,0.14091019151883374,-0.008034577318177472,0.012409624517650368,-0.11336647038810975,-0.09227980016999694,0.0712730888448258,0.0801176804523284,0.20859837151847876,-0.2886974860344053,-0.07272966929749028,-0.3795772697558003,0.1896992361423882,-0.009323840177363475,-0.10588156133788915,-0.11212541503683798,-0.059703702782297766,-0.05324423985797237,-0.06319025313762756,-0.12123625003901675,0.3436186262435725,0.0027567102810437914,0.09817366227926126,0.07670127119821848,-0.13188920930573222,-0.19119532270007167,-0.14088675337340367,-0.1572768043011566,0.12300526311207238,-0.27765089586168407,-0.1927212765487853,0.15131668611645377,-0.1017609127827149,0.37155966899648224,-0.00125620207434992,-0.12472657395101272,0.09163937145668904,0.2113842903286242,0.089048024720589,0.13279872181922725,0.07408864762927783,-0.10335104407317636,-0.4292574806092056,0.42634606476952785,0.12221478378020273,0.13262580971577212,0.013626484775986977,0.035983889014422815,0.1620850409161272,0.11051983786541206,1.2511687377907368,-0.18962017353936622,0.09644192862396286,0.07146392371480095,0.02796442594754306,0.017021922404419965,0.015725822867412823,0.05040648013990406,-0.005266217583658785,0.06641988932574587,0.08681720715965398,0.036616634001693904,0.13917895588294746,0.05277263695316283,0.09383335831852743,-0.1421803971727021,0.061217177759358185,0.059123242541618395,-0.09541999597500687,-0.06723423461556108,0.3450167877273054,0.07619144236049456,-0.0559488468887418,0.11515193408938075,0.09480864867255455,0.10592396385691176,-0.031089105913839697,0.28368680563183357,-0.027546917693488347,0.008942887412350699,0.04638672014827691,0.007473921386943062,0.05245045717202478,0.0366288110671201,0.1851435462300543,-0.037416298424536,-0.13852342284400954,0.09211742140315918,0.149309791671696,0.05565741420513042,0.12031470691893457,-0.14443625837704793,0.09937674907180714,-0.10066108359617258,0.12767013932962845,0.09323858873327391,-0.3865991503230377,0.09650972485071024,-0.12564806102711346,0.21593100016980954,0.14877342624949086,-0.07321179125299251,-0.23520076204062795,0.083172345710719,0.10534303910786277,0.10542218008198076,0.06645395747445465,-0.16920623415705438,-0.18012518684502887,-0.02024164703647284,0.08148359874062959,0.07330515116990949,0.05564707637885752,0.004545378296634393,0.2919582369981069,-0.24969998242786803,0.029025065849843917,-0.06101512877512636,-0.17766659019521044,-0.029255458040566507,0.08675527754172388,-0.18393171894707813,0.028288836669429676,-0.16135374891671098,-0.10492140811597453,-0.11387513377519524,-0.008223579523189462,-0.21625117042809056,-0.0637844049262245,-0.03818455329202616,0.031586386153575806,-0.23461471520867905,0.08874786959925302,-0.011355237964830525,-0.15032625010047837,-0.309434748979816,-0.24753595614937388,-0.2535049631748012,-0.591886258456303
