Samples,Mode,Type,Group,VPA,FA,Plate,VPA_FApC1,VPA_FApC2,VPA_FApC3,VPA_FApC4,VPA_FApC5,VPA_FApC6,VPA_FApC7,VPA_FApC8,VPA_FApC9,VPA_FApC10,VPA_FApC11,VPA_FApC12,VPA_FApC13,VPA_FApC14,VPA_FApC15,VPA_FApC16,VPA_FApC17,VPA_FApC18,VPA_FApC19,VPA_FApC20,VPA_FApC21,VPA_FApC22,VPA_FApC23,VPA_FApC24,VPA_FApC25,VPA_FApC26,VPA_FApC27,VPA_FApC28,VPA_FApC29,VPA_FApC30,VPA_FApC31,VPA_FApC32,VPA_FApC33,VPA_FApC34,VPA_FApC35,VPA_FApC36,VPA_FApC37,VPA_FApC38,VPA_FApC39,VPA_FApC40,VPA_FApC41,VPA_FApC42,VPA_FApC43,VPA_FApC44,VPA_FApC45,VPA_FApC46,VPA_FApC47,VPA_FApC48,VPA_FApC49,VPA_FApC50,VPA_FApC51,VPA_FApC52,VPA_FApC53,VPA_FApC54,VPA_FApC55,VPA_FApC56,VPA_FApC57,VPA_FApC58,VPA_FApC59,VPA_FApC60,VPA_FApC61,VPA_FApC62,VPA_FApC63,VPA_FApC64,VPA_FApC65,VPA_FApC66,VPA_FApC67,VPA_FApC68,VPA_FApC69,VPA_FApC70,VPA_FApC71,VPA_FApC72,VPA_FApC73,VPA_FApC74,VPA_FApC75,VPA_FApC76,VPA_FApC77,VPA_FApC78,VPA_FApC79,VPA_FApC80,VPA_FApC81,VPA_FApC82,VPA_FApC83,VPA_FApC84,VPA_FApC85,VPA_FApC86,VPA_FApC87,VPA_FApC88,VPA_FApC89,VPA_FApC90,VPA_FApC91,VPA_FApC92,VPA_FApC93,VPA_FApC94,VPA_FApC95,VPA_FApC96,VPA_FApC97,VPA_FApC98,VPA_FApC99,VPA_FApC100,VPA_FApC101,VPA_FApC102,VPA_FApC103,VPA_FApC104,VPA_FApC105,VPA_FApC106,VPA_FApC107,VPA_FApC108,VPA_FApC109,VPA_FApC110,VPA_FApC111,VPA_FApC112,VPA_FApC113,VPA_FApC114,VPA_FApC115,VPA_FApC116,VPA_FApC117,VPA_FApC118,VPA_FApC119,VPA_FApC120,VPA_FApC121,VPA_FApC122,VPA_FApC123,VPA_FApC124,VPA_FApC125,VPA_FApC126,VPA_FApC127,VPA_FApC128,VPA_FApC129,VPA_FApC130,VPA_FApC131,VPA_FApC132,VPA_FApC133,VPA_FApC134,VPA_FApC135,VPA_FApC136,VPA_FApC137,VPA_FApC138,VPA_FApC139,VPA_FApC140,VPA_FApC141,VPA_FApC142,VPA_FApC143,VPA_FApC144,VPA_FApC145,VPA_FApC146,VPA_FApC147,VPA_FApC148,VPA_FApC149,VPA_FApC150,VPA_FApC151,VPA_FApC152,VPA_FApC153,VPA_FApC154,VPA_FApC155,VPA_FApC156,VPA_FApC157,VPA_FApC158,VPA_FApC159,VPA_FApC160,VPA_FApC161,VPA_FApC162,VPA_FApC163,VPA_FApC164,VPA_FApC165,VPA_FApC166,VPA_FApC167,VPA_FApC168
QC1,pos,cells,QC,QC,QC,QC,5783.247935,1416652.685,4229485.136,547707.5747,40623.48029,28218.22268,101897.8523,261808.6042,265533.8528,22286221.03,1233246.518,210493.3657,101565.1997,135031.238,855165.0095,2461896.389,46366.42522,1634212.721,611735.1167,22879.21699,3658245.862,117247.4877,76208.62416,5150350.897,37457.59929,6799.308463,590353.5517,877471.5006,13273834.32,2656564.214,2255387.707,9661.153843,190406.1717,420200.4809,735356.0815,1949847.696,3806.017531,30450.45415,39176.2332,222922.9102,119862.3984,28257.81949,12752469.59,51424.43349,7327169.268,349974.4049,401634.0365,75719.2862,21535.24219,27344.10316,70422.76586,8651.000521,182415.0085,1249939.632,47035.66227,4563671.411,271479.6681,28425.13627,269562.8234,43028.4346,1597.672097,5606.102709,75.242625,104218.8309,22759.45575,89261.81771,2815445.345,489715.3913,8566361.466,645.0604049,123637.9002,18578.79565,8510.43764,18809.19067,37031.59961,752906.6691,1570270.26,36608.65375,60582.2935,,56721.36617,24413.07037,1232729.065,103619.996,25472.09849,1534.800777,6796.030564,66460.23621,507087.2212,4146.852082,88334.83199,301166.7738,173176.6927,33429.98693,58190.46895,144615.4454,880962.9762,238683.2736,10059.55191,4862.29771,25219.9348,433879.2569,1760362.337,149278.1291,99610.11522,38901.50233,65840.57107,602294.4674,9709.060659,7149.59654,9191.833851,888986.0998,28063.79605,3537604.667,28952.74856,12329.20034,5103.436019,21747.2987,8644.409244,26060.67325,102433.1379,27836.90416,5667.231574,16397.81061,7283.446137,79255.77788,121358.8504,18201.53289,12442.47234,20056.51794,4914.193657,144213.5436,892.4778621,12328.59812,4445.669208,134975.6474,627.208252,31727.02087,27107.75151,6468.130675,2257.669682,85703.87494,952573.0648,443765.9292,90085.19025,1276314.244,36580.74763,1930565.167,161120.6422,58106.43312,2623.975126,1201.940664,1431.221157,13654.94735,729540.1034,667983.4696,33821.5949,530809.0712,56187.55163,12780.95399,116436.0977,7371.298404,2941516.277,3314.370972,426127.4855,2145623.918,6617049.312,5142.726008
QC2,pos,cells,QC,QC,QC,QC,4855.912645,1336334.609,4006312.489,523926.2294,40495.81339,28280.79167,80854.84426,247427.5716,249254.8971,22310721.47,1154476.069,196992.05,94003.73212,117279.852,821657.4303,2336415.603,43651.41818,1571214.655,590061.5468,18915.85925,3465842.827,118631.4029,67917.04655,4860484.119,38733.90422,6612.156406,512719.9425,818302.4235,12868011.6,2576957.897,2262419.094,7909.468252,179536.407,385875.2962,712679.3812,1766363.155,4813.957999,24571.70128,38904.62381,215711.8556,113573.0481,24905.06542,12190923.2,52121.99136,6988239.687,331365.5163,377468.8999,70383.80234,17868.63239,28890.40179,65758.95889,6869.699684,158886.3641,1225689.702,40643.85581,4242936.772,261031.923,27255.97113,264297.7994,40227.21074,1765.168004,5055.451167,2117.755654,102731.0556,22841.73567,86079.85327,2672591.554,436166.5286,8407424.708,250.4307124,108239.6296,18001.18797,8944.613203,16968.09012,33040.52944,721902.7672,1515244.527,35296.99181,56530.13239,,54747.27179,19319.4881,1063633.124,89384.4523,24341.7965,6510.509735,6061.289801,69399.54723,482234.3821,5092.588166,80559.38512,299657.0511,147694.8632,35728.6299,55766.10154,139928.6462,841055.9059,199125.5529,8560.520197,4221.409806,24021.73586,422197.1017,1603980.715,150237.8459,93686.4801,34733.2778,62562.39425,534015.6964,10039.85798,6112.734164,9121.438518,867610.8703,25258.73613,3416133.029,24886.54306,11059.11011,4440.59925,20824.88087,8632.966177,24889.26229,98723.31171,27029.79493,5835.257821,13755.31431,7047.052554,75547.51326,120299.696,17860.91958,12405.96017,18312.77884,5637.065242,141412.8115,1006.146099,12895.92147,3419.238487,122747.667,784.4279858,37047.72322,28474.43979,5974.803338,2367.966095,82670.7644,909714.0471,465198.1404,88508.61415,1241003.553,40745.53097,1878320.463,152575.2447,54565.05699,2709.616418,871.536659,1569.23366,12637.48681,655469.6662,633508.3525,32132.62031,502282.3413,50343.24017,13429.50272,111047.4637,7908.698549,2820830.128,3407.394302,406402.6854,2031756.345,6247578.92,4491.317865
QC3,pos,cells,QC,QC,QC,QC,4423.45989,1301395.698,3958770.02,527221.7162,36248.63884,25903.5448,79019.57968,247850.7067,249435.1848,22273397.7,1141626.717,198661.8845,88625.52972,118405.1965,796261.4303,2309911.801,46923.69827,1529278.749,565866.8011,18669.33321,3450953.744,115672.4193,69638.50283,4756515.707,24619.58609,5971.579112,496491.1079,809132.1202,12680385.42,2533918.339,2138802.917,7685.041568,178629.5276,376525.114,712033.7398,1716276.481,4571.737804,26108.96551,36347.83719,212252.079,112986.288,57356.86663,12132904.26,51906.35826,6781500.115,323351.8759,368139.0548,72045.74792,17706.25672,27088.21441,63523.85737,7001.183757,155413.036,1235280.025,38953.13748,4046506.457,255327.696,26582.34678,258447.3416,40220.61563,1591.33968,5064.264562,2096.910893,103206.4177,23273.95562,85284.93134,2647019.256,425201.3147,8151113.343,722.7649965,109457.3216,17097.58912,6871.695644,17290.14592,30615.92012,715749.9488,1474415.388,36131.02462,56410.77592,,54159.0034,19268.44708,1026859.947,85606.27026,24689.52643,6777.472927,5785.092784,66036.5138,471537.8078,5495.332005,78874.13932,295068.9975,145372.3185,36895.25424,52647.56182,136683.7878,799341.3027,196900.8485,8685.135006,4088.113503,24874.64933,408656.2233,1581585.888,142776.0108,93737.26166,31595.55915,59997.20615,520266.7424,9049.928912,5726.46366,6424.530954,873198.5275,23886.98365,3375996.605,25540.94436,11090.28864,4300.83655,21117.53646,9537.119848,24956.59744,95810.16559,19132.68552,5440.420831,14064.31616,6780.869924,74676.62521,119184.6822,17613.06005,11747.43774,18912.74226,4528.994325,140371.3266,1399.990828,11507.998,4634.067525,117681.3705,928.0077507,36365.11329,27799.40587,5338.819397,2367.321956,81306.66413,891877.5793,466323.4855,88671.75383,1235140.294,41386.29745,1864278.272,156941.1579,55836.55104,1802.035915,952.5902689,1268.279667,11110.83038,645363.6184,594784.6394,31637.69683,492328.0185,49522.92324,12593.02593,109110.9936,7128.201463,2748486.007,3447.857637,400865.0943,1984519.523,6132756.444,4695.786173
QC4,pos,cells,QC,QC,QC,QC,5099.376081,1336245.711,3975755.197,535888.6193,37603.7201,25312.80886,81441.35546,243983.0293,246491.347,22436206.45,1146967.135,194430.8648,93124.34863,115734.0516,790086.6342,2292163.565,40131.26845,1532427.915,582081.9459,19804.90141,3446657.095,110792.5147,68302.15671,4736284.155,35754.51341,5972.682296,489093.8113,796381.5439,12687057.93,2519007.841,2130928.011,7561.844428,163145.4587,392924.1835,704376.5524,1690893.091,5142.525646,24397.77498,39273.43168,212568.2235,110508.8665,32987.74994,12177941.59,51355.90062,6692712.462,324781.9485,361519.4637,72066.59712,16899.78012,27510.16068,65035.39437,6241.228583,159441.2924,1203354.4,38332.66643,4025702.211,261887.8448,25315.17872,252345.5718,40725.12422,1915.907129,5570.420955,2087.196343,104071.472,20543.16837,85674.64,2655199.556,421001.3422,8168126.044,917.4935947,109691.9523,17032.98221,8296.556374,17707.57556,31296.57149,709703.6936,1491672.826,35821.61073,56380.98674,,52104.53637,20102.8058,1022152.625,86851.552,24158.2233,7610.00004,6246.990065,66953.37748,475844.5576,4616.5837,81576.7111,288025.7508,143279.4224,35494.84167,54460.67397,136966.2346,812659.1114,192283.716,8375.815274,4539.547069,23137.45362,399212.6265,1561629.482,141220.5453,94594.64462,32205.54869,63246.97484,519162.9752,9306.377675,5983.849814,7226.671722,860584.6266,24614.28281,3328536.178,23787.70562,10474.70687,4602.712368,21061.44073,8085.365888,24749.87262,96090.29413,17114.9148,5342.725626,12738.11867,7207.486177,75454.88167,120020.2143,17794.28162,11955.59719,19662.084,4772.042244,140302.4708,963.0967897,13463.10591,4203.466558,120624.8595,694.1690746,37252.37838,28982.8678,6145.227789,2700.33992,82877.35371,893112.0723,469846.4843,86529.32156,1219971.341,43363.02978,1838319.757,153558.7439,55593.45399,2569.713297,809.4922615,1244.802632,11570.52869,637347.3529,601960.4384,34401.11616,490521.1782,47137.19554,13360.4661,108802.0618,7233.469608,2737913.795,3492.632844,395622.3553,1958831.201,6106669.519,4185.305231
QC5,pos,cells,QC,QC,QC,QC,5104.063046,1333650.43,3923460.009,520980.8491,39797.8608,27120.9073,78670.30088,246093.0975,247918.5669,22391014.58,1128418.834,190945.6078,86619.01307,117574.9345,785676.9029,2259480.32,40744.96316,1534573.498,559183.5003,19850.48909,3429732.285,102338.2493,66433.46762,4698197.197,36805.21263,5244.38132,475484.3026,785461.7856,12582005.28,2505923.767,2216842.596,8301.830954,177233.7408,377498.0603,709011.2565,1674686.477,4110.628811,25281.7467,36159.45956,209348.9304,110770.5808,27571.81485,12198216.76,50915.20755,6656918.797,322695.1741,358195.573,70047.46892,17331.22145,29428.61788,63189.04181,6783.727605,156381.9431,1206294.729,38216.42368,3991105.062,252190.7739,26429.51369,258074.9967,39418.60004,1621.70884,5448.263332,2228.838552,104692.2619,22251.38509,85895.11129,2624399.795,408316.5622,8062351.715,731.7577251,112305.6169,16451.62012,5804.88015,16004.75846,33490.97304,702315.477,1472479.057,35330.41973,54358.64915,,52188.08984,19126.18101,997624.7451,87704.81096,23642.86326,5902.19172,6477.362655,65565.56667,471328.2007,5009.123658,81073.52791,288178.9548,145196.2738,35915.27023,54522.95661,133793.802,792301.0824,189673.815,8878.518678,4252.034191,26289.41943,393399.3558,1553388.09,140512.2891,89835.7952,32097.96008,63954.8603,500275.1312,9793.468946,6556.378987,6056.702102,866861.7981,23589.52582,3297364.021,21374.10922,10173.04413,4722.770037,20893.50883,8279.852402,24080.53936,95119.29121,20014.65868,5489.343531,13317.59972,7030.71042,77218.05255,117315.9577,17968.32888,11296.44666,16309.73922,5294.461561,141210.3123,606.0464822,13692.78764,5684.188339,118444.6701,714.3997191,36514.54836,29566.84495,5809.477183,1994.610575,81410.02853,881148.6442,462786.3037,86854.09375,1218028.591,41577.31556,1823934.122,151479.3937,55716.51872,2324.124365,1496.757897,1270.009596,11599.74137,634152.13,590582.2901,34877.69302,482408.7471,48893.79926,12107.41489,107418.1983,6909.539226,2699442.261,3612.083324,388607.2856,1939673.588,6034494.938,4813.242527
QC6,pos,cells,QC,QC,QC,QC,4973.70576,1342638.435,3961403.093,510004.0313,47222.04971,27337.96961,79921.39796,243359.3307,244825.5886,21548714.39,1071900.934,191670.4714,92737.41357,117929.2279,769323.0098,1920157.471,42195.09985,1553668.318,555466.2725,20247.28113,3386910.419,106222.2089,73431.33714,4767736.451,34423.19258,5974.778392,487201.5127,734551.2133,12473321.31,2129503.172,2414616.935,7007.055144,145551.1525,354086.44,704031.3681,1688983.271,4509.311625,24603.25463,37421.07978,215440.8893,112291.9094,56561.60457,12920954.97,51306.02379,6420137.73,319695.249,356545.3855,70368.47587,18457.98938,26455.70685,62698.917,6322.810433,166514.8252,1186502.554,38118.66585,4095158.17,259352.5552,25787.49228,251493.878,40522.06072,922.809335,4876.041242,2261.522951,120501.1738,20939.61851,79398.03795,2558822.135,407079.5959,8221232.53,558.9280901,114636.7963,18422.19788,7686.232439,15957.82836,31685.10958,676986.9484,1402598.341,32925.99865,53643.23545,,53450.00349,16590.3264,1013000.31,83404.74351,23456.69995,6357.518833,5401.216485,65998.66334,466927.2008,2729.404393,84455.26376,286475.608,141359.3754,34724.43071,49961.14048,132788.5985,825799.6701,197425.4084,8708.623807,3385.689178,27409.68473,400774.8879,1572552.968,141405.6821,88646.91191,28151.64413,59926.7072,496144.2365,11149.37147,5839.89427,6518.479451,880860.6112,24956.14293,3042245.615,24403.13297,7635.726811,4053.526304,20321.112,8078.934611,24176.22795,94213.27958,16087.57156,4720.482535,13113.47857,6695.95153,68560.53573,118105.7166,18047.73954,12426.37586,18675.58425,4802.774713,137188.2062,852.6412269,13273.51882,4607.221925,119367.1376,592.4516428,37249.46622,29421.79173,6123.203456,1840.237894,73527.71625,814705.9156,464149.6727,82583.05523,1146967.072,41267.66045,1711210.126,144911.0122,53927.61118,2755.921176,808.1094835,1703.515947,12669.69428,627168.3214,608856.1418,34286.5538,483194.6602,46903.86779,12591.33803,101190.5444,7384.276883,2763419.361,3225.919695,405853.5044,2021302.816,6139735.994,3648.453511
QC7,pos,cells,QC,QC,QC,QC,3463.317358,1274715,3705817.509,484506.5638,35964.31707,23571.97447,76086.50966,238779.6327,240592.9507,21092502.32,1041368.207,177114.6292,90234.77191,96705.18203,739766.9157,1859189.285,37738.5152,1467434.79,549544.3993,19215.96979,3253341.993,89822.86014,66522.89868,4426590.648,35012.77077,6005.577436,409063.1769,711929.6685,11761392.23,2204228.124,2054415.102,5687.074104,165074.4879,337963.6323,682146.6587,1511079.592,4146.678125,22144.62085,36050.60077,208184.7691,107901.0918,54532.38244,12340130.86,49345.41424,6211266.244,298021.4124,308955.1121,66110.49689,14474.99125,28136.88269,60168.54413,5235.773228,144918.452,1133891.944,35310.78519,3708840.324,246013.8599,26073.97375,244028.9107,38941.47994,1649.663523,4933.72221,2500.977143,106959.6415,19047.76463,77704.525,2396367.506,360547.2238,7744813.373,416.0026765,102302.9234,16551.45264,8116.107908,14692.1738,26627.63051,648154.2962,1301743.052,30228.28325,50391.13483,,51728.7469,14242.17896,858584.5773,76572.20016,22387.37657,8349.683547,4678.507632,65651.39775,447437.5163,4941.261629,77914.07491,281204.18,123343.2292,33980.39791,51311.95089,128899.0175,757086.5061,161724.3091,7814.264515,3716.459134,24976.16862,370142.6936,1421898.425,128523.0186,83767.45425,23995.42876,58910.02162,436299.2318,9491.51498,5729.14627,6392.708854,882026.6089,23497.93698,2857271.984,21817.37446,8162.646477,3768.970862,18784.66299,7654.236341,22755.87522,91006.47212,25018.09625,5438.040516,11934.34739,6242.133418,68967.71283,108092.8719,20449.9785,11230.78716,19270.75662,4251.498337,131680.8548,1345.88205,12249.60226,4251.697103,105720.2185,714.483547,35357.07479,28147.32612,4770.274851,2351.193349,71169.51115,805454.776,443646.4453,77507.62516,1113040.655,44555.34584,1683661.421,139681.8647,51204.22232,2247.605857,883.9209045,943.386771,11801.62109,587923.8498,537821.7546,36875.1824,447334.93,43836.78489,9958.444366,94112.18859,5941.617654,2570762.387,3802.158943,370135.8101,1827937.934,5626397.166,4853.310728
QC8,pos,cells,QC,QC,QC,QC,4263.664203,1278739.826,3697721.325,476298.7078,36744.69776,22715.49271,77909.00921,235913.6151,237569.6906,21001333.58,1037124.607,174352.1509,83743.07222,95142.49409,705265.3389,1843835.576,35360.66026,1446409.53,533720.592,18948.97473,3216656.798,81324.27261,66142.47461,4305135.98,31449.88424,4930.345335,397537.8742,726697.7805,11451864.63,2295760.549,1961715.23,5819.130344,144382.5328,332178.4625,681248.7063,1483477.125,4562.731446,22561.76297,34470.98704,212398.3591,102392.4565,55212.89863,12124696.98,49110.85294,6164235.905,291309.1969,301012.3884,64751.47581,14495.85103,25126.47768,59028.18764,5565.051141,135512.8642,1105019.816,32154.02276,3659303.625,247041.9725,23888.57495,244922.5274,38216.23875,1532.679466,4972.069299,1755.828036,106788.0118,20282.41154,79315.21951,2387674.731,351848.562,7258028.708,888.9719239,111039.6736,16489.74314,6986.218692,14628.30931,25956.30023,635359.5597,1287294.717,31083.3956,48502.94711,,50343.40089,15219.94479,826211.572,78175.30248,22466.51224,7066.587739,4947.521617,61057.49178,440885.126,2528.913576,74078.35339,267749.7407,121670.8323,32757.24002,50397.0324,126351.4281,715322.395,158293.2676,8861.033915,3939.867389,22809.76093,354174.6127,1388818.876,128670.7013,82632.74791,22962.44691,58352.8861,435063.1631,9623.97446,5654.738979,8243.067671,883006.3511,21435.94537,2779168.336,19953.72867,7311.700931,3636.995542,19591.57089,7146.472977,22234.22635,88076.51998,15161.09545,4652.390806,11424.01373,6348.124139,72279.49916,107921.4244,16102.66985,10773.60789,17463.16344,4516.597031,127960.0435,891.3215998,11475.43379,3983.577322,105883.9692,577.1558403,37335.67523,27502.42625,4892.06911,2077.104435,73094.55035,816980.3575,433955.6604,78063.50529,1107505.542,44183.99612,1688031.499,141324.9088,52022.69093,2353.260501,1056.111914,1072.443068,10276.79947,581663.6382,514241.7681,40914.80015,436084.9976,43220.0229,10407.55736,91119.80037,6800.785729,2490419.146,3179.270634,361526.6892,1790731.508,5392964.409,4684.200448
QC9,pos,cells,QC,QC,QC,QC,3431.47588,1267590.022,3720065.759,468795.3509,37662.3963,22891.6778,78867.60625,232914.5922,234470.0498,20748524.42,1041228.776,172974.8933,82366.43435,86422.86688,705193.3387,1796494.241,32412.04836,1437290.006,520645.4446,19401.58293,3202016.463,75537.17958,69377.07466,4237027.932,31844.48333,6102.281938,372416.4581,668034.8419,11255982.99,2254239.3,1949321.357,5581.767688,143930.2176,323675.7019,685205.4854,1444846.764,4260.081631,21896.91991,31926.55812,214150.4984,101213.7947,55443.43639,12114913.41,48984.22637,6082880.736,284151.1029,295962.8808,61455.05704,13625.3265,23222.48819,59177.29433,5230.963346,134743.9844,1078965.292,27415.21643,3650047.303,247090.1988,24213.00862,234242.5839,37355.98413,1035.562131,5502.868863,2864.504953,104355.2364,19163.52021,75787.83472,2366869.864,335850.7006,7125606.292,257.3797292,111075.3606,16972.38476,6108.746381,14964.10585,25170.91363,627818.4582,1256096.502,30214.34831,46999.88054,,49096.10041,13352.5289,797025.1903,74615.73941,21739.13605,6223.916274,6152.890069,61702.11803,430564.4736,3871.844558,73582.81865,267344.9644,114103.4652,32553.73287,50226.71069,123835.396,693649.3802,151385.6462,8102.632734,3209.303965,23877.49871,347723.797,1340175.863,125069.0458,79869.49688,23812.39066,55559.02707,426200.4157,8872.937036,5303.64218,6062.028741,899731.227,20981.26187,2678515.79,19445.09802,9842.336797,3821.953179,18908.7166,7116.116234,21099.98393,85450.54907,15317.42471,4865.106989,10231.67873,6396.603956,70389.94525,102298.1236,16355.31577,11259.88064,17197.33881,4591.854147,126211.0368,1057.884927,10605.43021,4319.397435,105085.8275,671.1651238,34125.21339,27442.01734,5377.911652,1521.648266,71546.87873,804261.9333,429619.9902,76805.93565,1094608.996,40592.02066,1663199.28,138882.8367,50936.04313,1999.390611,811.8292092,966.1712328,10477.52956,565224.4623,498472.3067,43639.49076,426712.293,40737.33885,9917.547364,87268.79948,7127.147311,2405687.029,3802.150563,350099.9004,1711927.941,5192553.807,4034.212731
QC10,pos,cells,QC,QC,QC,QC,3066.009999,1288994.652,3717458.34,466785.0516,42241.73459,21204.91653,75307.22074,226593.1815,228185.7925,20236187.6,1046674.387,170648.3885,76853.03509,80758.31426,686556.826,1781782.623,35726.1753,1423401.53,495029.774,18251.55869,3160381.193,71434.87551,70472.03619,4198619.082,32506.14727,4422.381232,365636.804,720505.3996,11011054.85,2235369.629,1879119.573,5440.421469,139730.4381,327553.1135,694924.9154,1449881.653,3804.021468,22848.55643,32739.36795,218409.5713,99259.77606,55709.20173,12006959.79,49501.92807,6042650.719,279400.4939,289210.7796,62318.63549,11815.62591,25342.67916,56077.49513,4264.954943,124717.132,1055077.319,28526.93773,3602180.46,250032.7175,24862.41593,224665.8236,36480.43968,1574.223428,4671.716833,3145.780894,101510.0214,19823.99958,73679.2591,2302131.557,331653.5784,6804086.71,418.9953227,115179.496,16077.44549,6329.413461,13140.0736,25642.53584,611633.2982,1235628.469,28729.3213,46001.49628,,48026.12673,13776.35439,772987.1543,73631.11086,20855.59486,6443.498432,5687.626424,58525.66736,423950.8144,4328.193511,73809.72326,257906.9637,109105.1165,32753.20725,48748.47708,119710.7825,688933.9744,147979.0589,7649.671876,2763.138301,24578.05486,338381.0173,1328179.115,124165.688,78052.03755,17942.53845,54571.37211,422196.3602,10069.81354,5396.200442,8059.828126,919032.7242,19140.68967,2555254.56,19247.5111,8654.271559,3958.788639,18561.43356,7679.15476,21105.19817,82819.4445,17243.69729,5110.820215,11024.61063,6756.165303,71586.64986,99617.03636,17750.28384,10829.20549,18180.5674,4212.083823,123203.9648,1031.487464,11137.04665,3817.394666,104036.7297,537.973423,33441.97774,25186.4574,4742.877331,1390.482115,69145.47531,788242.9306,418256.5475,76895.58538,1081403.826,42358.05619,1636899.101,135848.532,49775.7536,2546.204127,556.5073907,822.8651917,10486.19486,584098.7748,507080.0317,45085.17887,415728.0935,41210.68594,9477.824881,83646.98335,4896.865995,2343927.839,2195.176752,339039.7609,1644735.168,5041070.378,4356.829903
QC11,pos,cells,QC,QC,QC,QC,2101.554391,1168776.5,3598235.659,472333.1228,43301.56784,23035.06999,85063.90783,234446.9368,236137.2658,18404249.95,1002771.451,160954.3093,78884.21271,88677.79126,720168.9508,1801100.235,21862.58846,1322437.787,501186.0569,18110.26605,2956660.285,58696.47316,56012.50086,3991490.821,29658.47126,5289.313315,386755.3713,670161.893,10856486.73,1992360.775,2042470.264,4613.458479,139254.932,322078.0394,663584.1732,1462142.35,4104.660811,20115.04875,31786.57227,201075.4914,97238.35406,29130.16482,11284006.94,43095.88655,5877083.975,272749.5193,278564.4809,62121.4999,14093.78086,22063.25931,55854.37336,5157.711612,132329.0308,1023828.535,31740.2616,3417671.388,248300.7788,26402.99511,218427.8751,35466.36721,1193.987697,4525.152332,71.69793837,89523.67756,18393.12945,61647.18498,2156201.296,356166.0678,6514908.051,158.8603803,117454.8863,13693.51321,6415.607926,13574.48796,24630.32682,600365.361,1172254.187,29024.99924,43410.47963,,46853.59314,16174.45307,808351.7422,77149.82291,20794.96834,6200.388697,5836.891721,54455.73416,409126.0101,3174.742431,71643.40037,216841.6536,118015.5213,27459.63543,47921.67708,117277.9453,707796.8994,152608.1897,6740.609832,2718.504638,23865.76707,333228.9712,1312957.706,120237.5287,75700.93761,26068.50063,53238.2772,424836.0014,8049.122409,5368.291852,7132.428722,936465.1732,20736.69298,2146825.529,19604.64259,7732.916939,3628.438474,17715.39286,7084.972312,22364.11535,78565.55745,16182.41953,4198.361635,11795.54941,6379.753061,66182.03726,90221.13773,18015.60074,8885.499298,17855.38811,4626.417379,111148.7605,619.4801736,9592.887258,3969.784657,103475.5065,165.2458009,22924.31587,21142.12011,5199.181015,1428.226448,68597.86722,756734.7633,330840.7762,71678.03929,1024303.192,25295.84312,1548332.068,130154.6556,46920.87484,2344.886661,511.6182815,977.5493414,9569.532617,516783.2392,497871.5712,49192.66027,406268.228,40423.65934,9044.193772,79919.10776,4831.20091,2173321.44,1272.651044,322102.3852,1535728.337,4692008.971,3421.740506
Solv2,pos,cells,solv,solv,solv,solv,154.3246536,84927.34227,80565.69777,33351.56942,4319.610659,7525.857755,80317.34352,17377.65442,19178.58624,305068.6278,35474.90678,760.179828,11562.75429,273.6259933,113537.999,53470.88508,5468.909373,132069.1284,490498.4717,6863.622879,28827.5234,2369.602688,10847.09264,23682.21738,8224.369556,5452.064883,27293.77853,58037.04337,243186.148,92301.48579,58933.15931,1138.04973,30382.79639,94586.6124,29763.40769,10866.96299,251.4637673,12038.58924,25258.61248,1673.434831,2758.390126,41559.73518,170152.4068,20172.61354,196210.7711,28561.85622,11007.49582,53187.64783,196.3917113,2739.325837,8771.860635,,1146.945026,19961.85463,1160.033441,28959.29254,8285.550649,12989.89106,7631.913506,2781.534792,,,,14088.04482,440.7297872,1934.829697,19237.78158,23929.47264,11159.56483,,3394.061235,5057.600585,155.1733509,424.7641162,267.1026622,12653.04218,64647.56732,3020.402109,,,7721.391689,2002.663965,13038.1529,6514.072427,73.4183125,460.0179503,405.598778,4135.432062,7801.709592,1424.854003,28487.16032,3412.691085,1175.318526,2782.164786,6572.766511,41151.67856,4099.481893,859.7929814,79.41399885,,2830.193103,4565.458213,8194.911498,23849.16316,1283.800781,23009.01768,34696.13721,2935.477539,1892.636297,598.6825662,6031.901856,3108.869684,7174.870084,82329.93585,1626.303693,10262.25403,,1220.823956,145.1196618,259.364492,1000.87063,21778.51007,158.5102859,323.1493215,72.27253516,10261.32116,546.0493438,12947.0014,71.49627142,9335.914292,,601.2807269,75.30056292,,,1997.925707,,82.94218667,,,,18269.64993,9677.736666,3327.708685,3721.643156,13439.98488,,8267.003993,7046.698668,3666.17229,,,,325.4380436,8396.343284,5899.208538,,5196.405904,3386.546812,3052.314474,2020.342188,,4018.714213,211.0273858,2790.651471,6885.067055,8902.058952,
Solv3,pos,cells,solv,solv,solv,solv,,83514.40493,82827.79533,37931.68098,6354.573441,6797.131314,57603.92143,9121.376016,9927.965058,2048262.312,25311.17872,256.448922,9651.641896,662.1208676,86631.46732,48697.74804,4436.874254,88854.69745,366687.9404,4827.29245,32369.99939,2041.347446,9086.560209,14691.02116,7330.311999,4954.316701,21356.50367,46952.17819,195994.4789,66353.50535,47242.05163,1168.282218,27178.06692,63517.69074,31701.57869,7043.734844,99.27666046,7042.835294,14653.07923,329.5113093,2166.024492,33474.92338,178029.7547,18928.98769,159603.0689,19691.03231,10039.83468,39649.24283,1941.637926,958.5752088,7518.891927,,1660.871999,19798.65359,801.2344075,20874.19828,10883.71614,15312.63176,4938.156444,4166.956859,,,,12432.1879,120.6602221,3802.336566,15680.7675,33641.26553,48336.98226,,35660.32466,4493.372654,969.4458188,421.7031356,464.3444903,7790.53213,50378.58364,2089.982379,,,7280.10138,1304.518211,10195.81509,6945.827225,,1375.872256,503.2763575,1788.185355,8038.35868,1253.177871,22183.2398,4757.641842,508.0226293,1795.139771,4601.651917,33633.63755,7906.22092,1334.078737,,,3280.891607,4951.470741,5447.017351,19898.90935,1365.894625,18397.71791,26144.61153,2447.929778,1221.52052,1107.352726,8967.107614,2734.962289,6315.922594,114180.0589,2487.796538,7433.962378,,1458.669445,80.15136491,941.2461753,1344.416717,6777.983398,76.57356778,76.5986946,315.5389355,10312.25443,1014.101296,11065.9072,,9526.15834,,2779.310792,250.0378945,,,1774.048924,,75.25903664,73.91366034,,,18482.40611,8144.228327,13042.87048,4213.992772,13336.36114,158.0998734,8503.4905,5598.104561,2982.68433,,,,223.735606,8495.524367,8750.635141,77.75563383,8271.644882,2513.410025,1240.656937,2270.7507,,2883.366716,,1544.230332,4751.39636,7394.363936,73.76553986
T1_E1_C1,pos,cells,empty,cntrl,cntrl,e1,2956.271199,109191.965,445855.8543,61547.43944,8932.882331,10055.86944,59664.6287,10868.28036,11726.89052,3027528.12,176213.4933,168.333428,16015.24395,59950.58492,519525.902,753853.2617,15705.95412,1228871.823,377174.8274,10029.25705,866003.2775,10841.60583,10386.22669,23883.8317,18745.40195,32382.7202,281673.96,105815.0392,505557.2619,2181329.59,1434564.815,6752.393549,49648.46028,105121.5046,21594.66943,269297.5496,1436.851908,16629.96388,58666.22438,1063.364955,3730.870965,29993.28873,5700051.444,47255.48196,496184.4839,409998.6351,86032.02356,106341.0485,24475.07064,1892.388828,19954.65515,,114023.0095,72507.90827,14152.21001,1322186.959,11609.25352,12814.33107,456894.4711,8920.577854,,,166.5907922,67382.04734,373.7474315,4338.098551,873711.1847,112585.9055,45097.10776,,41966.33308,14750.33119,224.0837791,430.3643892,72.87609841,27459.54985,381694.0052,14021.34724,,32741.2058,19539.82128,1120.990734,136549.77,9143.621779,,681.9633902,1698.166968,2615.722819,15854.30573,1561.541303,236500.7415,168111.2917,77898.14171,22068.01431,8231.688842,397526.6402,33382.91533,55964.95059,80.77342704,,43079.91558,8263.67163,148692.9282,782530.8906,82.34246982,198091.1324,324245.2091,209298.8251,2813.102777,501.6412813,322009.0106,1387.371284,16993.83256,157901.817,45010.56017,15899.65072,74.64021986,940.2682967,82.47294164,456.8917494,2647.659658,22178.64796,,199.8474926,3039.458051,12527.72137,5090.108994,25344.9255,239.2600484,30043.28572,,7087.243724,12364.92957,681.7173401,,11744.45167,,2909.70724,888.8847447,,,78472.88961,904051.9518,42021.8736,54073.44623,694768.0305,5577.940829,1172846.458,43863.38799,22274.71679,,,,71.66056629,6062.439404,5949.553639,390.6692633,9760.814947,3402.882031,4430.117002,103176.5026,,62502.79876,633.5134562,5778.737011,76688.93128,106422.1922,176.2278606
T1_E1_C2,pos,cells,empty,cntrl,cntrl,e1,2015.186102,116995.1742,354898.988,48981.1687,6509.962657,8708.112009,49318.25415,11780.1392,12761.99304,561858.9133,146086.2756,84.39726186,11064.02041,38368.01847,333051.5748,497016.4667,8290.047786,913159.5187,331919.5634,8649.039172,617957.8701,6078.193784,8726.756117,14719.87605,5869.01131,23939.72634,174328.0772,102460.9784,324820.6642,1469553.782,1171099.329,6380.466813,45337.3967,96261.57914,16035.28747,199025.1695,1240.421916,19050.34111,44869.83494,303.7160187,1990.217102,29018.29898,4480299.542,39854.765,396837.9626,295640.9152,54782.03598,48978.56533,17968.59394,804.0386831,14131.30528,237.9445865,87422.11551,51604.61756,10608.42017,903324.0518,12220.84277,13827.20094,280312.4435,7826.074994,,,71.66858096,47679.52367,264.5416223,2857.197093,605072.9199,73035.31271,6561.412025,,26827.83965,13200.04203,1171.117764,595.4992094,,20081.05034,197623.9674,5806.801792,,35266.68828,15563.17048,1796.232531,83692.80078,8995.244163,,1225.282002,1468.723836,2839.832001,12238.28452,1109.328934,232162.7372,99170.34624,55761.13926,13043.09974,8263.758664,377696.6016,17760.03029,24275.30538,70.90082761,,37863.88064,5863.859393,96266.52091,753161.4992,94.43660889,188174.9747,307039.783,124184.051,2534.879021,794.0078943,325044.1001,1385.502701,8198.106146,67846.27251,18125.02856,15309.81554,,659.88887,,170.5442137,780.1044487,19871.35154,,224.9672264,985.6900627,16117.24265,488.8854584,24064.08222,,28745.72899,,1479.355416,8878.441334,,80.96826563,11354.48741,,,,,,72573.99624,941638.5405,7143.02044,50388.45025,640198.867,84.92046449,1229670.609,40044.02064,22743.87222,,147.1580531,,73.7574855,149.0612628,630.8673778,,5381.438184,2522.84271,5277.142692,63525.40561,,39009.81319,,4754.681754,56451.44591,55150.50539,73.684
T1_E1_C3,pos,cells,empty,cntrl,cntrl,e1,1725.45712,119534.3278,419563.1783,46543.86049,4908.323658,11587.97698,51903.26086,8843.126597,9755.430774,628481.4712,177500.7341,81.39891592,14467.09487,50379.96043,423417.3583,627851.4286,4881.387644,1123317.136,343974.1812,9831.003539,788147.9444,5474.457334,10120.55767,19760.6924,7377.974348,29265.51217,231672.988,105667.7465,409755.9919,2013118.078,1437965.436,5363.981445,49187.33186,106826.8162,18987.99131,247808.1476,409.7098469,18135.39317,56410.8869,902.322798,2340.101062,28805.52741,5427035.718,46058.19309,470905.0978,361920.2924,68785.8716,93486.61208,22021.00226,766.4925306,16445.50934,71.23708612,103769.1216,60490.03827,11371.0915,1178638.981,16705.31384,13460.29764,374775.8899,7783.988623,,,,54349.56047,663.4174734,888.6812057,787876.3982,90579.23429,5775.718958,,37767.45673,15126.21876,578.0220861,309.3684919,277.0722755,23367.12257,271723.8954,6428.455215,73.27661466,32859.37026,16883.81683,1808.564334,108103.5936,8438.829508,165.8389261,1690.457732,1578.578135,2690.356446,13368.89333,992.1345574,229356.7145,133674.0417,66128.7985,19528.86749,8108.020967,380789.6291,21391.73473,39377.96897,199.6326929,,47487.57149,4969.12925,120466.0571,757700.1201,144.4775636,189819.9518,305270.9677,168096.3207,1372.150885,446.1161756,320544.2851,1205.022842,19664.36724,42409.62188,22203.08945,15192.24851,,719.8337553,,90.83736864,551.4649734,27629.86431,,386.9925665,2015.961038,7731.876913,150.751125,26816.21406,,26786.09973,,608.8087769,11306.00815,,,12025.57754,,,,,,79970.20009,965746.2498,3375.321769,48811.84314,674062.0684,,1244816.627,41467.59363,24858.25096,,73.77404899,,72.30370338,,231.0823438,,5249.476677,3540.413783,13052.28607,79408.32875,,42032.60079,74.47894299,3980.918266,51756.37732,64024.12218,178.083786
T1_E1_FA1,pos,cells,empty,cntrl,fa,e1,93.52255135,103747.1235,162881.8353,44107.08111,8513.391332,7448.866193,46402.58303,11977.37411,13062.94675,777090.5652,51407.92736,615.4288869,10326.35775,2066.674131,123156.1521,132454.2352,13171.07841,345988.0848,389659.4091,6971.131224,169256.5652,3216.065954,32818.90806,8825.831675,8900.875325,6430.003704,48140.18074,42222.24937,164976.401,543964.2335,434256.3113,1314.043269,23528.1845,85768.98346,25360.7714,49029.10208,1266.035438,18405.85349,34216.58721,480.6079622,2668.232802,37253.73037,1517856.85,23778.3032,197364.5112,91285.14242,15976.23749,50874.96405,7977.612232,2665.386365,10335.1832,260.2407436,6989.256332,25143.86379,2466.208739,291308.7901,14135.42991,14220.16892,47785.33142,4399.027216,,,,18856.673,371.3765194,5819.275678,188758.7125,28936.9513,12959.83251,,34949.76474,6586.497717,357.9164278,524.5328854,91.27495359,11894.05399,80109.16405,3625.290207,82.75448087,6988.857107,7812.461138,1361.019871,26498.03741,5180.970343,74.63369011,298.4075591,567.959794,2831.744159,7164.954134,1506.815729,43705.27571,31560.20319,5131.851854,7385.277317,5535.801306,67411.9607,7731.515789,1335.339935,,,8995.695305,3518.167039,17948.02871,49532.90971,,17735.84567,40722.45839,26338.59526,1506.94843,1103.539241,5331.725956,2521.520916,10308.89042,158962.273,4885.010677,6113.007536,,539.4351362,,83.89646354,1560.608176,20766.1886,82.16803803,569.1135953,685.1828916,8106.442653,967.9924067,15275.36314,74.57533025,21665.19981,,2203.696289,10946.59789,73.38879347,225.1726529,8171.596402,,75.25868709,77.10744451,,,47093.16874,445529.6626,13863.17059,27253.00002,403495.7279,155.2868111,626679.3491,27157.18895,12932.50987,,,,233.0327517,2658.008219,3349.922952,,3876.83544,3323.015445,4239.976507,28294.14091,,22207.71392,309.1960635,3725.493259,28864.40093,30993.48852,348.5661868
T1_E1_FA2,pos,cells,empty,cntrl,fa,e1,2018.164165,118481.3833,397960.1771,43518.7557,6922.746244,9168.825096,43462.5698,11151.5148,12143.17904,593816.5288,167175.0569,113.6424011,11569.15368,49050.08471,336279.7375,533713.005,18491.88786,1005767.968,340018.5616,9072.653192,712290.4132,5790.966879,8912.157192,17736.98188,9447.849919,28126.84431,198404.2259,110636.6709,354819.9348,1786150.77,1303981.863,7828.755491,49031.41319,108241.1886,15871.26019,232003.419,1194.983526,15820.48851,33188.70751,553.0010799,3222.723319,26361.78503,4907480.004,46042.42049,430441.7456,311272.3699,61487.36865,57272.67929,20882.08268,1329.291492,16312.28883,166.7382604,93451.63518,57035.62488,10073.87062,1019428.866,12378.57985,13778.47064,324365.3009,8436.51863,,,,49935.21102,296.7230344,2322.725969,708101.733,80894.12593,5976.24827,,28076.21586,14842.76622,717.4836642,230.1970342,81.71366847,24318.91767,231655.733,3995.907,,37909.65048,16688.95194,619.4772726,92415.38226,8480.204237,,1136.293165,1434.875409,2445.350431,13563.14252,1493.133954,236152.3988,111933.8243,68611.13523,15184.50214,7261.622864,377131.351,18394.89349,28148.09277,,,42824.25964,4228.95117,111552.0856,738554.2179,90.64896478,192815.8247,308825.0385,148572.0293,1399.536048,637.3672678,324323.66,1236.380818,13191.65503,58571.52159,17385.01634,16565.68793,,332.449771,,256.881396,887.8681231,15358.61487,76.98266956,220.7898806,1990.940578,18081.43733,234.3438989,22643.09801,,27551.30525,,1830.800419,47647.65593,,580.2143557,9447.414772,,,,,,60737.38584,627912.0433,6571.721221,41189.95927,495857.4165,271.0895751,824640.133,32355.89555,15996.08263,72.75301266,,,84.54153331,321.9165013,524.0929406,,3755.366103,3201.265345,11420.82809,57124.87816,,32159.80241,,4332.647442,40478.55054,47303.96121,165.6619946
T1_E1_FA3,pos,cells,empty,cntrl,fa,e1,2143.892421,133998.212,510656.7953,57275.57554,6052.727173,12255.16818,58413.47928,9940.122504,10707.98932,663716.7267,210509.3661,73.34432303,17423.40309,71459.77573,585829.5959,829580.8815,7920.054513,1398010.195,401276.3423,10413.30715,986794.1123,7654.198948,12348.31711,24700.01742,7724.874437,35057.30635,347770.6729,134449.1594,535330.5966,2461835.322,1870456.31,7070.423599,59287.40992,118212.6618,17229.26874,317838.1557,886.5110379,15018.79102,61332.10432,1098.5226,3479.347417,30016.23888,6404204.271,51876.38065,535561.1699,446048.3091,89374.42225,75969.80323,27835.63218,748.2499608,20440.37587,147.0129502,135557.8151,72957.22769,14725.96792,1551298.995,11812.38379,14046.54546,488099.8233,10926.59276,,,153.3266371,72858.90916,309.6016838,2422.278131,1017325.602,127771.9273,3900.514876,,51255.12284,19461.60949,286.1586949,352.2814461,161.8072452,27454.80663,373878.1511,13041.7451,,32646.21039,19060.39946,1950.109252,167374.5199,10567.02017,92.9233125,2006.429174,3226.958895,3122.788933,15921.86105,1406.03645,237012.5072,196558.9173,83238.32247,23557.9281,9467.854032,387881.2058,22373.31915,72982.76623,171.8425744,,57655.10037,4696.930073,150232.7195,779136.9419,77.53459061,192769.3237,310708.7353,220749.4896,3429.161186,685.9197756,316221.273,971.596938,8635.99948,40123.90391,30950.7452,16659.64465,,499.3944101,,622.1389411,869.5130653,18048.06806,,254.7778151,2203.2709,11025.88757,371.2979549,20654.47796,,24279.42492,,716.948908,64871.84427,,171.2267397,10842.34445,,,,,,74139.36896,738563.7489,3145.543872,43231.42124,543905.6431,,971602.5293,34870.44703,18783.1597,88.64605167,,94.62195473,483.8702563,74.23952644,,,2940.364319,2803.52672,2535.505157,61149.74883,,37325.7311,76.30212891,3685.079859,46697.97736,57268.87283,171.6510049
T1_E2_V1,pos,cells,empty,vpa,cntrl,e2,2383.890847,103941.8738,420884.1541,53895.0521,6862.803865,8727.979166,45572.60935,12377.72432,13673.61024,839051.4717,172433.9611,,13097.52105,59143.71387,458024.2138,660013.944,9003.922194,1121027.751,325322.5102,9292.598646,777642.9617,8626.566877,9747.549568,24369.9551,7087.777587,32214.01745,242131.258,92225.84408,444042.2217,1885378.068,1370507.12,6465.673877,46237.40875,105513.3312,22711.18734,272576.2241,1869.666523,23859.157,60737.8638,1338.515613,3175.903956,32606.21459,5260067.739,43393.82435,457816.5122,381630.9127,73356.00974,66926.76808,22480.46865,1205.853399,17202.79994,,104050.9498,66640.61682,12223.38278,1206848.384,11328.66431,14855.50639,417245.7469,8782.284659,,,,57545.64285,310.1109002,3817.017572,790322.5648,100359.4139,10491.90856,,35891.14198,15219.4746,423.6066622,386.4499885,201.0561616,24788.1776,295684.8644,10487.56975,,37340.53695,18117.63268,1373.354969,125068.3358,7600.711459,87.78647032,586.4688108,1928.1476,3333.470948,14294.28467,1636.383811,237999.0524,144056.8342,75226.05251,19695.00549,8797.885958,397272.0567,24019.29654,43579.65893,72.34945437,,47915.46664,6088.161969,128962.554,784471.5449,433.3208442,194339.4784,321014.7334,180965.446,3713.291954,1040.616809,324627.4733,1839.813343,16661.96307,86107.81014,41801.96505,17433.23433,,407.9451664,72.3682166,376.0754913,1533.959668,27171.31026,225.0634847,479.9104682,2824.209812,13799.67895,851.7948565,22180.94381,167.1597404,29637.63676,,3078.770189,11740.59296,,285.7431412,13133.1748,,411.3349619,,,,78335.47951,819302.3201,15591.88563,57303.42322,665634.872,346.0799364,1094049.344,47343.0214,25633.1442,,152.723905,,76.70422774,1164.356935,1360.006487,,4219.318852,3185.299843,7674.306056,86092.21061,,50939.27701,77.37938327,6226.148845,66274.97279,80827.22433,
T1_E2_V2,pos,cells,empty,vpa,cntrl,e2,2766.94814,120721.1519,429244.7006,52865.32845,5712.240052,12330.65117,35635.19571,10714.96524,11886.77372,616792.8893,181074.0312,,18374.43854,55882.04385,507816.4661,708180.6395,6198.111436,1217982.702,335874.1618,11467.71153,853505.6374,5034.667858,10765.76155,19771.11738,8009.314201,29178.09195,348549.7614,110610.8745,455834.3989,2062887.37,1509038.563,6844.28529,52543.84176,101492.7904,20607.21761,156639.8993,1410.182144,10567.96174,48916.56755,1083.672479,1370.967086,32641.15392,5480873.879,45650.80855,453873.1417,412141.3955,73598.22944,101174.6422,21676.43306,664.6427072,16423.69624,223.0955046,109346.0588,58543.5678,15057.58174,1350167.864,12651.15336,11897.81374,412668.808,8059.728659,,,75.66966703,78182.31161,292.3655577,1910.316683,858473.9727,123017.2465,4444.406249,,49611.60864,17153.54032,673.8154172,512.1642973,341.6216396,22429.54678,312500.5612,5527.641889,,31627.21934,18562.63429,1267.605617,161201.7649,10697.82754,153.5838477,760.9347748,5154.819631,4048.344862,13162.06997,1892.743827,235973.0179,178733.7135,72893.32408,24324.73673,8168.795401,396482.7452,23474.26472,62344.05168,,,55917.8046,4694.484937,83398.21308,798063.1089,319.6115045,201099.7942,314079.5968,171560.1904,2942.681736,980.755326,318357.7449,945.1607008,9291.978897,50878.99846,36499.92533,16356.16169,,324.1826717,,83.66534291,546.2509281,19297.00849,,92.37573506,2401.732709,9244.777673,773.358683,27345.01403,,29686.45473,,1226.614699,11498.98765,70.98514686,441.1026921,16721.64543,,,,,,84842.36864,1186340.653,4862.036525,57748.38263,775313.3631,86.763875,1652966.666,54860.34613,36262.40027,239.1043386,,,,146.1860504,,,3720.997634,2498.456493,3229.486915,68352.00926,,49422.07968,,3649.565863,60051.082,62267.93375,
T1_E2_V3,pos,cells,empty,vpa,cntrl,e2,2383.870953,148165.3569,443379.4982,52327.28322,5703.499155,11548.72843,56774.83203,10607.45911,11560.99466,579096.7163,178103.535,,13433.78867,56180.07913,449275.3038,649612.925,13225.40555,1199295.002,340493.2797,11072.78116,820267.2963,4604.343289,9258.563067,23442.6437,6854.915518,30700.9232,254169.8954,117838.4985,436678.3676,2019289.594,1570903.304,7418.901097,50119.27356,111274.9195,16321.30393,269420.3011,762.3090154,17274.96237,57086.73403,1049.502208,2552.666647,29834.79906,5524212.662,44667.88465,460924.0801,390551.7037,71323.67006,62924.05478,23091.71022,935.8855426,17840.65759,71.5585,106752.2289,62026.08752,12226.31307,1294088.568,14102.69781,13866.97249,383184.6723,9711.983345,,,,57554.96379,250.4112305,1985.990207,837656.9496,98441.59953,5304.190625,,43023.57633,15399.74117,331.8122596,400.5193701,305.6469289,24377.21753,296023.8781,7202.833335,,34099.12476,17948.82205,1555.418608,118870.6191,10600.36574,100.1009332,990.3404462,2228.626331,3966.061204,15105.10701,1989.293515,230953.5067,148128.8092,72135.63316,19132.56051,7590.038419,384548.3514,21548.13,45770.6194,411.6280355,,46032.00257,4336.682182,129423.758,761023.5966,316.9299408,190911.7394,303784.0109,178561.9379,3173.419767,746.4956359,321326.6478,1583.79182,6201.291079,36579.40831,18077.51951,16592.14213,,316.942361,75.154,195.213369,358.6608812,18904.85549,103.3567618,399.3438698,1840.718027,9828.169985,175.0936575,25571.6648,,27990.69441,,411.7774223,12122.09198,,95.83476059,15727.28123,,,,,,79019.4248,1007778.959,2233.350226,56710.97063,692506.475,74.25080216,1382629.468,48939.91563,29593.54725,,177.6146559,,79.24218336,74.641755,347.1681723,,3508.374701,2048.624997,2270.844283,78034.35728,,41850.47484,,3432.632894,54448.95245,62033.62994,153.327695
T1_E2_VFA1,pos,cells,empty,vpa,fa,e2,2417.433565,123927.4922,491088.2025,55779.11784,6787.153009,11914.92004,44807.36865,11129.95135,12165.79155,813844.718,201514.7903,,18200.1774,63781.53324,609517.9642,816948.0078,20657.08399,1480268.93,356857.2953,11171.94005,950120.4108,7562.412883,12637.50667,23441.48281,7286.377238,36420.12359,371506.3428,119128.1723,509756.6413,2413131.843,1811104.203,7892.656603,52663.94379,105916.3356,24286.31987,231123.3123,873.1972226,15226.51622,72240.89485,811.5177848,2669.501074,34775.47113,6101657.281,48564.64393,516388.9102,470716.2829,85455.10294,77487.26805,27743.68943,1570.309072,18417.96696,149.7630858,122467.5916,69510.16612,16734.36277,1596793.505,11714.87836,12346.99242,485575.8185,9440.838054,,,75.99333025,77225.87136,335.7478866,2327.33119,1002908.039,130012.2634,7324.461145,,49963.03285,19108.67781,729.2122732,517.914368,355.5121599,27478.45283,388482.1337,12521.88856,,32335.84067,19630.75246,1059.270063,166227.1148,11075.86759,,704.0602892,5195.707955,4019.659702,16187.47804,1501.0275,237203.4927,206109.2825,85805.85727,25757.22768,9727.86588,397439.5845,23749.10167,70980.29411,88.97003383,,61815.26448,7052.158995,119698.9326,799942.8455,315.8974891,198155.4278,322696.6178,209811.9297,2649.007399,1225.892045,322839.3111,1175.299055,14365.74921,78981.81883,30312.47781,15664.9655,,1000.231417,88.09126036,,798.7988281,25150.14558,80.53405787,236.263481,1800.236408,9645.770008,926.1804536,26014.49982,,28964.81656,77.30554173,2393.923027,45481.57934,171.1632032,144.534,14114.00471,,77.29240836,,,,79529.37345,859385.5288,12408.74471,58890.54838,696931.9191,80.15086791,1159864.602,46247.54386,25806.10685,73.54607515,,,157.9455937,282.1733605,488.8184176,,3615.739602,3022.114841,7868.027899,75104.21994,,43775.25005,82.31965364,5254.732042,58312.85397,68466.43017,243.5555802
T1_E2_VFA2,pos,cells,empty,vpa,fa,e2,3339.499103,123596.0156,544683.6824,56114.76303,5896.898766,14232.85854,41593.47422,8989.602701,10165.61106,2395516.929,218299.003,77.35351087,22918.67612,74488.48123,759719.4508,985938.3458,16005.29262,1601428.793,388061.116,11739.0592,1064658.032,6382.429565,16989.37341,48930.80157,7581.584264,43412.07513,463882.4422,122447.1037,623974.3025,2674714.341,2053125.221,8099.148112,56571.85202,108682.1034,532844.8998,263357.3225,354.2370862,10335.44195,61643.26173,2558.349646,3680.069253,25075.62098,6516182.132,54092.66,538918.39,540008.9644,135412.6897,96043.09116,29653.54391,421.1910225,22205.05246,73.29526879,167695.8187,221095.7527,18307.01036,1865481.198,13259.49379,13632.38309,637704.97,9305.726328,,,75.05808632,133580.6692,421.1502159,2486.39941,1160804.83,160389.8438,4642.787761,,55582.32536,17941.01609,106.2833892,461.542059,748.9320316,29678.65466,492076.0566,10404.79623,,32233.05496,22028.05217,2399.385454,219530.2482,11142.27757,75.88305163,2173.792896,7252.215267,3525.285922,18369.97344,1499.139239,237133.7895,280962.6481,100239.1161,34823.57394,10218.84976,396600.0706,40617.94648,105661.8181,199.1026942,,59243.07299,52284.87088,120012.9179,800716.5474,334.2024656,197663.0609,324332.1702,270669.6781,3084.870506,476.0482709,318924.0371,662.5849716,12085.73705,43616.54132,48870.57449,15919.2503,,586.2636271,,325.6471031,325.4996921,20846.91574,,178.1408312,2222.177347,9851.554565,644.0924714,22404.12725,,29596.03568,,519.2199916,53852.70437,219.6746904,289.184848,11450.2262,,,,,,73853.83021,715451.2779,4345.098831,53476.9394,611087.9497,84.14479666,997570.3794,44585.26532,23393.93702,,162.5944845,,86.50140782,247.3928502,,,3474.960907,4371.036803,3779.853462,117564.8919,,47689.44648,,4442.951333,60072.7054,83778.49081,
T1_E2_VFA3,pos,cells,empty,vpa,fa,e2,1366.85527,119043.9532,381673.1723,46643.71957,4884.872968,8854.978943,46368.67988,10629.00203,11281.39478,461178.1374,159119.5696,151.0350452,11819.56188,43696.20856,347552.617,520739.2819,5091.643254,951570.2282,339816.3363,9371.973142,652358.462,4944.392808,7631.407153,16844.72388,19718.5311,22532.50897,177710.7559,97619.2248,344053.9936,1557005.341,1191897.359,6165.143108,45987.8076,97141.3258,12882.78522,209665.1029,578.7370976,16834.17184,40442.68833,432.2254543,2753.307653,27986.7068,4644699.848,39875.4511,385685.1694,298222.8719,52641.52997,82944.753,18299.40888,155.7747804,15157.27749,92.6944908,82810.37495,49242.46027,10028.96515,929233.0304,13030.6229,14022.09068,306208.7419,8735.690194,,,,42973.23978,647.2602322,1160.358323,630200.3796,75437.15836,3898.836961,,31972.64269,11700.11611,714.1090067,322.9661244,,20259.52351,199521.0648,5270.47785,,34222.2258,15356.73157,1129.265335,80109.26627,4992.988884,,1229.589295,1104.931482,2046.297474,12816.56662,1184.979897,223603.6122,96554.54366,55414.67859,13048.54461,7099.832384,371709.914,15389.33931,25236.45532,79.39770828,,35362.01632,3285.986806,92838.87193,745787.4968,,188665.0457,300516.0822,122662.2207,2453.10198,704.223953,317990.2502,1739.01135,8359.875268,35964.39675,16297.40603,15649.14257,,469.5531807,,217.0305516,247.516151,23562.93494,,141.5530528,994.4779111,14284.4751,415.0376822,22024.74441,,21689.70229,,639.6243351,37237.76903,,192.3343046,9258.071709,,,,,,58312.76234,572954.0287,1126.561857,40240.18665,463557.202,,783754.7992,33396.49132,16887.92679,,81.06059336,,74.45408752,74.54334,80.43320258,,3368.421106,3344.208954,4017.476681,54223.00948,,26899.03962,,3002.201511,34248.20337,41569.62031,251.517907
T1_P1_C1,pos,cells,sample,cntrl,cntrl,p1,6499.670162,1431563.189,4425549.44,592716.9553,66186.39328,28607.3783,78958.03,338641.0332,340480.8639,31081283.4,1434468.172,241457.1317,138597.2254,208159.8674,899057.9628,1632394.415,106146.9151,1802067.278,786501.4247,28223.57497,3676592.828,193668.6729,79599.49432,5806864.701,39938.51957,6876.267356,472965.0563,903787.7953,14709773.59,2852402.72,2499584.115,13228.77671,213599.9675,342830.9496,867422.1885,2646327.895,6219.859421,25848.66591,36142.45208,268538.5148,164745.6019,62159.93191,14210558.3,60989.69316,6639050.533,366582.8794,615635.2493,76813.48879,24020.27885,33095.20455,84619.10108,8902.030692,252063.7574,1725658.724,55921.97031,4571605.061,263652.6727,37432.64484,313766.6946,50038.60775,2693.616641,5604.469817,6647.878926,151342.8837,30742.00621,109154.507,2896078.445,606704.9578,10282848.17,847.5491323,132923.3509,18415.71703,9544.973393,19599.71325,29372.75797,1126787.327,1617836.579,34218.51162,62675.1792,,75753.15627,12285.61596,1180645.99,133213.3249,33009.12848,9941.577585,7358.300564,93553.60548,781995.5275,4122.889915,104450.8693,391136.3575,269583.859,45892.98212,75118.38248,184026.7589,2429679.141,204143.6043,13464.59476,7120.89704,30358.5732,621671.8473,2326762.998,217189.698,149901.2635,90709.32965,82706.11814,787211.0339,10328.74324,7395.412483,8740.219063,535775.0044,21765.53292,4265399.29,34260.99108,13437.92808,7600.758274,27975.90295,16236.63727,32575.25728,179680.6666,19254.13703,9491.621515,18966.77623,5938.332129,61299.15418,168714.6349,21378.37783,19720.93733,23316.90188,4568.397968,231671.5319,1393.03596,22237.87421,3516.324237,144059.3296,1120.506886,44328.76783,35168.88145,8696.490332,2757.356973,120255.0652,1072678.74,581184.9121,122643.8558,1813946.118,56143.7817,1807145.862,185051.2762,52676.79404,2162.81813,1061.205108,1178.318634,15937.97574,690419.9465,620990.8215,27366.91107,514544.4882,59280.517,10705.91364,110325.0337,9074.100604,2946399.082,4902.07271,396945.4668,1967227.367,6635531.566,4992.159327
T1_P1_C2,pos,cells,sample,cntrl,cntrl,p1,5846.871452,1391653.096,4222748.281,560073.1208,56360.43684,24931.91259,74172.16431,308653.0674,310743.2679,28613636.81,1370457.358,231745.339,125285.7814,204206.9354,708276.2823,1525088.284,47887.29558,1602068.144,686330.9562,29126.12793,3371437.586,129375.1833,49781.57887,5284938.686,33410.98957,6140.742293,456465.8934,810993.0801,13984333.23,2679331.796,2451538.452,11335.27981,202113.1796,284206.137,761188.647,2473483.417,6223.297478,22703.9819,28997.23888,256593.8835,140504.2517,78084.12068,12358645.84,58187.64356,6720522.836,306230.5104,522892.4716,76759.31588,27421.68511,25223.03461,77376.48283,8084.688254,215891.5283,1461325.235,51338.14787,4354835.93,267001.0796,35148.47704,324440.1231,44166.37745,3167.236484,5888.285069,1649.440018,128339.3902,31774.03812,97501.42487,2741587.288,575394.1263,8925964.322,1031.393284,131552.9115,16842.25263,7644.642177,20190.07253,34015.04521,1020065.755,1490470.92,31563.50313,50498.19197,,60637.69767,17029.69667,1058357.512,137770.6118,29781.21837,5869.749403,7435.524092,86150.08507,729604.4972,2221.318962,109543.4893,352633.1388,269346.3212,41996.36788,66917.59589,210956.1784,2232996.772,206345.8807,12878.74613,5970.725648,29726.63103,602585.9012,2321151.982,255066.9522,117529.9415,75755.31556,104367.9469,774467.7277,10544.36453,6563.7817,29641.67697,488729.5247,26461.52231,3719231.321,31890.98139,17878.32203,6626.152385,28348.1865,14950.10483,26431.4334,154997.754,26125.96646,8765.276502,19359.66582,5510.397116,63713.48024,157168.825,18790.94853,15733.13891,21162.83655,4519.210694,190887.6169,534.6409593,17929.86342,2558.921311,123270.6527,874.6782264,36191.40678,30493.46641,6933.407601,2727.108086,88678.30419,846225.9059,473847.257,89340.35737,1366417.614,45816.54292,1515560.451,147240.6532,44237.56764,2074.771385,566.9174412,367.3827474,14712.40413,609886.4767,571356.5166,29436.4531,493756.1859,57242.67208,21985.40154,92234.12539,5305.397987,2729580.108,4049.346962,378253.6287,1825653.157,6330210.863,4703.989269
T1_P1_FA1,pos,cells,sample,cntrl,fa,p1,5171.745663,1482496.27,4144329.745,535763.6395,54058.60038,23319.37713,78850.8642,300363.2487,302414.1033,25587370.59,981786.0592,210185.3282,102161.0143,135289.7712,768865.1458,1400097.631,52813.75503,1459222.073,653200.3011,24013.83638,3257345.781,94487.09211,51503.99535,5070699.686,36314.38433,7499.526152,373014.8459,733798.956,12736389.5,2403938.849,1900645.949,9108.986701,174192.5534,339137.8977,780621.2896,1874335.309,5566.576017,32351.31234,39135.22342,251561.0975,134447.9928,68284.38354,13114135.05,55721.66248,5535193.849,305322.4803,395367.9567,62345.02904,19507.4575,26345.44328,67616.32835,7842.539233,205048.8837,1456419.468,48520.71694,3886477.687,308086.2316,34321.23445,236555.679,40723.49756,2490.73645,4022.086526,6010.499987,120812.0475,26908.33592,102724.3512,2577042.897,541971.6888,9517970.319,968.0061243,119561.8755,17145.04296,7295.186061,14201.47433,18506.49042,872660.5761,1375474.02,29152.65349,117294.9054,,68252.76437,7002.150521,997503.164,96250.6171,24180.96545,6453.250429,7267.816113,67592.85426,610720.0163,2892.342376,102018.799,262918.0119,181805.0634,32615.38864,58537.62622,177007.4012,1542423.227,157300.7522,10810.70081,4393.047417,26063.2105,475656.6057,1679491.864,213687.5147,79073.99837,62353.43371,80597.68261,526844.4944,9166.916769,6209.250362,9767.8951,551474.0919,18463.02436,3966308.336,25512.66731,14873.33227,5350.109954,23156.43726,10776.0981,28999.40251,126749.5142,14964.96376,6625.52315,9633.993447,5992.411929,57031.56964,134644.8184,22250.68818,15446.61901,21924.48134,2546.131257,180719.4232,1706.548633,16305.33328,2950.325456,116237.6989,1039.633137,42561.29054,30613.3668,5396.408085,2733.862916,84086.65475,956165.8576,544455.8437,91172.17354,1305868.044,48972.95963,1714909.077,145741.7238,43525.56959,3554.221803,868.6205267,459.4197176,12103.38818,673170.2286,563116.3164,31118.66544,498137.7072,46305.36691,2505.556515,85054.6925,8492.706775,2666579.497,4394.483334,357446.8023,1761339.15,5924744.302,5702.121914
T1_P1_V1,pos,cells,sample,vpa,cntrl,p1,8970.596117,1581767.842,4709275.848,600528.2853,54031.04576,30717.05034,83507.20565,342715.1052,344986.0028,27969441.26,1730134.85,245776.7212,127676.5418,169793.5148,892628.3358,2478485.202,56702.5881,2110413.823,793095.2472,23054.67965,4353045.079,114150.9173,29999.44945,5958018.787,39473.29008,8097.136681,503449.9084,962203.8992,15051787.66,3172906.469,3014079.276,11787.01237,187352.6293,464244.2871,545795.1291,1905244.337,6071.472544,36644.77824,44915.98875,266516.4608,161540.9215,67999.13559,15660286.16,70848.26508,7958846.319,436898.6099,307940.5932,77892.03786,31355.85489,32036.22397,103627.8275,8279.307972,313418.8975,2015950.471,34440.78827,5009630.567,302830.5318,35435.18124,340162.97,61477.20489,3049.599579,12846.26322,650.0574802,184323.6612,20820.26822,112461.2087,3085937.977,367095.8566,12296643.87,1367.680233,147322.6858,21050.4693,9484.559068,29016.42858,59847.94288,1115906.019,1848931.454,39497.41611,78256.88464,7146.022761,94720.67516,42403.02294,1351231.122,110873.6867,45651.80642,6072.244741,7862.537882,89848.70155,804778.5255,9848.457485,184965.0674,233789.5941,242705.1766,29486.88481,89650.4639,348637.1099,807562.2885,222375.9225,12315.31228,9652.42908,41734.05045,370420.4418,1982214.452,497324.2293,176827.5732,168900.2529,276193.2014,542964.7722,11242.62259,8399.036137,303546.977,311785.3129,13101.0808,4436079.77,31005.10795,21883.49169,5114.930134,19142.47795,7671.165209,24211.64744,111994.1526,31695.3598,6377.23546,8686.108716,4933.623753,59807.8582,182100.9982,16032.66743,17530.70172,20027.05275,7058.705123,216685.8984,1075.872113,20443.17259,3170.984305,169888.6741,1828.548395,65309.31099,51459.7168,8668.761594,4423.253259,123059.6347,1000736.204,800825.9233,146800.8879,1781407.563,70262.30654,1829942.898,189421.2588,62759.88093,3288.224404,1609.75169,2221.578028,20878.07817,717956.3684,652046.7868,75309.68246,584577.7343,54997.67251,3353.112841,96045.04392,10465.55605,2902218.702,4751.711113,445230.9551,2409204.702,5823204.745,4513.738468
T1_P1_V2,pos,cells,sample,vpa,cntrl,p1,5072.621364,1341375.971,3927543.537,509235.8095,45215.45757,24668.14349,75591.67198,272292.0595,274305.2568,22508418.61,1468803.822,193376.9514,86212.42844,95931.23083,680400.8722,2129825.295,41976.69573,1523856.328,605895.201,18263.26155,3566983.213,109308.6876,22884.55991,4702268.763,34191.24808,5206.428099,389678.3819,782510.3282,12067326.16,2657247.822,2026094.625,7512.474258,148680.7703,471323.0276,589911.5811,1225202.196,4207.666247,20071.36237,32268.5497,235929.9974,125421.2266,94883.58914,13668413.37,60688.39974,6249340.139,355564.2586,200596.8232,60040.23712,17967.79136,33696.44997,77485.57245,7361.171667,220698.9648,1587686.216,28552.04195,4095637.403,238487.4522,29951.63218,222914.5812,45662.28312,692.4458947,7175.846527,1894.356391,132104.8881,11966.9607,107550.8521,2662241.441,298080.1307,9844922.318,697.5297312,134383.5975,18352.56467,7462.196782,15625.69216,21014.4057,777503.8212,1513978.639,33862.73106,77566.50403,,92409.40145,10686.01826,910378.2012,68781.15973,36154.57902,7764.388342,5582.851482,61940.01495,486044.5502,7317.210466,130118.1101,182296.0266,130075.5623,23835.9339,64815.90649,258614.8741,316620.9487,160176.5568,8264.100472,5861.017173,32713.70627,271998.6827,1163255.526,350129.9848,99772.247,107952.06,162838.4133,324787.4523,8846.971641,7322.837906,148571.4675,319343.6996,17645.8982,4082101.417,21110.70186,19405.43435,3344.932247,15575.0037,5200.340085,23512.21679,76563.07421,24254.45371,4082.428603,10376.42001,4628.621649,40365.88211,133957.2347,17210.53415,13026.04537,17659.68363,3307.744969,157393.782,993.7291681,14922.02737,2300.123628,128865.1251,1290.666331,51537.37101,39051.52349,5762.059313,3121.158682,75214.12238,806787.7672,637260.6759,90081.52845,1076627.65,59298.72025,1568221.678,131004.2735,53365.77144,2413.186548,763.4638619,1964.388025,11267.68473,676951.5672,554630.5937,32152.60956,483034.9022,35457.5739,4889.578513,97346.43504,9206.539216,2362170.571,4354.22874,353992.7831,1841229.227,4993438.965,4851.692998
T1_P1_VFA1,pos,cells,sample,vpa,fa,p1,5035.629322,1473677.317,4426693.486,522669.1925,50377.9474,27308.7253,83251.22697,294045.7121,296398.6039,23796339.05,1281561.703,213584.5884,85016.33583,64892.7008,931712.0282,2806790.412,39267.49469,1710141.054,680202.4242,14773.28891,3918618.803,77213.42173,60807.94113,5292258.524,38825.25674,5626.233232,412709.0869,926699.4005,12837842.27,2884297.81,2383847.022,4798.506575,175226.04,481674.8676,633425.2269,912541.4896,5270.093524,18530.58461,32157.72544,254888.2772,151177.8295,101197.7339,15235803.91,58061.11928,6859950.891,392339.1554,213546.0435,68479.26721,12973.51618,32530.94614,85684.53475,6311.373372,163094.5103,1806255.414,23971.90853,4660726.425,286553.745,31650.88743,308328.9927,53892.23974,1816.566082,8846.412856,2195.413474,124234.3233,18215.95417,121441.2944,2952865.043,261896.7885,11518086.88,1209.578979,141971.0506,17968.70411,10259.04774,14578.82922,29091.31281,876947.9966,1728466.808,42846.69699,103050.9452,,91497.44696,10498.88957,1004008.601,59286.06383,36417.7493,7197.799663,7782.822047,63429.1252,573839.1263,10270.94051,76636.77686,146343.3238,75199.56037,19532.73153,70183.64829,116316.8334,406361.9285,173166.4247,9314.3963,5031.077253,33123.96669,207220.6925,772187.3185,128923.2346,54816.67721,24983.31759,56168.09845,238140.7662,11276.79493,7840.660672,6048.476726,1016149.331,28861.3434,4731324.722,22430.73142,9483.010071,2657.255329,11240.02018,4910.442025,23843.30417,35164.6305,17249.65769,3881.678797,8575.472819,4428.473576,81828.11648,128723.27,17416.31528,9393.071807,16540.93703,2344.396778,109140.8359,2214.757884,9967.200843,4566.057061,140250.4428,2048.413261,60224.9843,44399.81249,5675.57108,4144.300074,77854.27313,1032537.208,798619.4223,102117.6697,1341718.695,68831.17972,2436348.958,186817.8585,77819.89147,3163.990838,1449.915734,1874.27788,13160.50455,664803.4991,631711.46,38946.51023,518302.3966,38577.321,9712.512428,120540.127,11886.90215,2825237.472,6043.125677,405615.9841,2072529.876,6275877.181,4686.40647
T1_P2_C3,pos,cells,sample,cntrl,cntrl,p2,2913.687906,1311627.733,4489609.979,554464.1329,59377.60393,24247.62023,79678.21018,308631.6176,310162.9541,28783930.4,1355371.773,217421.151,107640.0586,90170.76702,869540.9696,1768499.032,55261.18939,1663401.174,707006.5913,25045.1277,3421887.35,48715.53545,164827.7264,5353315.703,38688.37023,7028.302171,464206.2852,873332.8027,13556626.94,2982906.058,2601187.06,6098.900386,184018.211,318885.6561,738849.5824,2062001.723,6107.979603,32563.31511,39463.48101,252435.4169,154984.695,73207.32363,14681273.44,58209.53028,5878219.242,366947.305,524487.2543,72271.28435,10467.2897,24915.49417,79610.42087,5862.024033,94481.33575,1588612.079,39748.21403,4468028.935,424116.8041,38407.76335,321405.3123,49860.93218,3280.179614,7342.830761,4315.851252,129567.9247,28120.02959,103464.8279,2948265.801,451492.8636,9259214.773,1351.005963,133054.3845,18465.04606,9695.092615,27749.73344,57146.27782,964943.9808,1579795.61,35581.16585,71637.8804,,61479.5001,36370.63345,988315.2703,100817.9485,30898.13607,9373.569664,7517.864185,77239.7409,699427.3658,3446.581203,61772.61871,331651.1921,117329.8653,40911.78357,66964.64395,93355.38635,1860721.665,214829.3455,12458.60537,4654.040569,27218.00411,561823.3648,1940670.408,88812.48255,37089.91117,24704.54904,45773.07454,740360.3827,13453.70939,6940.13749,5326.287913,1261621.85,40129.79947,3893051.41,26898.04307,6125.100458,6030.266143,22150.44032,14333.56018,30251.77254,131024.264,26328.45739,8358.690834,11302.22386,10820.60046,102170.1793,130608.5863,26263.10457,15422.37304,26767.07394,937.8259103,184272.8152,1085.170679,17730.9449,3367.193573,116643.5325,845.6647276,46237.88646,33616.49714,5669.749688,2647.115283,76102.17857,1095667.071,593088.3865,86498.36886,1343838.382,59401.3237,2380062.406,168251.7813,56719.13962,1890.27386,842.2759104,814.193501,12776.74236,655712.5215,576601.3903,27658.66898,476429.7834,61345.05508,19212.49276,104905.8086,8889.966321,2889189.682,5110.21791,383521.5955,1822130.437,7148990.787,3984.465691
T1_P2_FA2,pos,cells,sample,cntrl,fa,p2,6711.554314,1700437.072,4463544.739,585736.9085,62158.83036,29300.78397,84339.58746,310231.2267,312301.6902,29645919.9,1075671.731,259346.8313,128945.0957,213883.5687,707220.8696,1407744.413,68150.07046,1713785.606,763759.103,28342.6416,3538512.143,90778.02577,45233.3763,5863298.487,33948.56323,6901.294617,459519.9234,729752.566,15103291.79,2591335.331,2647483.117,15266.06306,193950.5691,286663.1009,728817.0326,2576150.225,6996.148325,28296.71258,29641.3542,263262.6001,151547.3834,36260.87845,12597289.91,63595.08127,6872907.898,348864.4335,480609.2757,81900.16498,34135.79601,23307.74641,83046.77504,7595.379483,244996.3948,1607448.705,62125.25533,4431035.125,321942.3113,35971.6027,388174.1988,49767.77773,4050.425787,8247.400307,5258.579629,155678.3219,26871.96585,99688.15397,2858659.117,637790.656,10239155.49,1742.906568,119573.6755,19514.31724,8260.061419,31044.24619,50806.67167,1172834.811,1535368.585,33854.19153,77227.62548,,72336.27212,42342.25324,1159408.896,143926.2977,29853.31725,10521.77533,8249.838406,90817.93248,825551.4568,3133.123275,155809.7097,352077.8662,287468.9085,42220.35948,72636.51882,302213.1207,2703715.095,188280.2143,13109.10841,8007.246047,33816.25612,680628.0734,2455228.049,426225.7559,96640.63453,133721.167,212393.9884,758888.5798,11111.06209,7578.266646,228750.2562,325297.1769,29528.1096,3952262.611,31248.41676,22298.27379,6615.421984,30125.83499,18046.54805,27502.14602,149095.4289,25531.71478,8263.336067,12567.3985,4955.564263,58300.48572,184809.8655,23579.75214,16456.59177,22473.83197,2676.81221,212877.0171,3021.818878,19382.02238,3586.591903,134417.2475,782.4352991,44496.52925,37413.29422,8183.412167,2980.263697,93791.97004,990633.1473,546838.3414,89806.09982,1498876.005,50212.53965,1875577.829,173770.1489,51545.81347,2455.41308,751.6447466,542.8788709,16369.35086,678471.7373,613191.7199,29114.21987,506634.2837,56619.63283,23667.33051,106453.7144,7369.384886,2899841.26,3969.893752,395060.6773,2110666.337,6367844.657,5175.149117
T1_P2_FA3,pos,cells,sample,cntrl,fa,p2,3472.043443,1451072.38,4252468.794,521337.3307,59191.89445,24285.48561,74123.839,274171.818,275958.7008,26932502.68,1066488.375,211548.755,97449.36017,126976.9923,807250.1874,1432764.031,35516.05195,1440066.467,667468.8252,20981.23763,3405467.744,27204.98024,54363.15298,5177377.993,32456.34703,5615.873762,317459.3658,757041.8971,12513441.52,2696741.23,2049563.137,6987.452874,175536.3603,357282.2903,548127.3523,1564397.38,5563.426042,50254.88306,47677.55144,261197.2532,138113.6357,66487.48811,14143296.47,60701.48275,5010423.588,365691.3097,337343.4548,58004.5437,14765.87579,25704.49095,73435.52401,4584.983299,130539.4364,1507941.654,43039.99859,3896908.683,437187.7404,39432.93005,205961.3198,41594.47652,1881.053149,3942.205417,2694.100588,128106.135,13609.08071,97975.18462,2517584.854,473391.3715,8659993.162,707.327065,117963.9595,17753.22253,7820.438629,13886.20822,20056.1874,872972.8662,1332623.679,32836.0265,119779.1973,,82655.33797,20204.69968,844768.0076,81548.44996,25055.22738,8056.816492,6543.520558,69387.3861,589867.1212,2833.079384,93991.55232,249996.8958,160409.1229,30103.30776,61481.03645,152511.2413,1382139.01,106530.4901,9335.243795,3669.092996,25925.06066,331442.0417,1565496.281,182536.1714,32818.20673,55352.95161,71966.46586,558868.3355,10168.23925,6236.785546,6862.619715,528290.4073,22962.79513,3799204.973,20591.62816,14134.50666,5585.719279,22065.34457,10713.43508,29981.11039,101946.5519,33085.53639,5900.307347,4970.767335,4428.469288,59330.73291,113610.0822,26485.80106,17460.9452,26507.44834,208.8281641,166792.0414,2998.69448,15683.94566,2445.548022,117118.3861,1648.959482,56521.00299,39888.98968,6048.327358,2821.542882,73840.49732,980154.8321,582487.612,82297.76239,1152790.914,57690.24607,1775039.468,135387.0035,46172.28867,3449.629383,1196.540988,702.9615037,10270.91909,661125.3976,568933.3242,38427.53038,449292.7767,31380.98911,13757.7618,86411.85512,9131.279778,2552311.788,4959.060654,344582.3121,1700098.89,5849858.517,6783.236866
T1_P2_V3,pos,cells,sample,vpa,cntrl,p2,6627.654593,1335861.759,3822965.108,499979.8158,43397.86015,23700.49891,74248.31452,274182.8112,276213.2177,20656028.47,1438366.05,197128.8301,88738.03422,76053.51482,749556.3292,2203807.729,42391.75113,1507979.435,643909.0428,14161.42351,3632719.565,79210.77509,25045.17364,4800403.045,35920.71218,5936.049903,423470.3914,712914.9056,12014451.03,2446903.484,2091708.841,7785.420074,147618.083,438718.6779,611455.6936,884421.8522,3669.588943,32318.09602,61329.05982,224738.383,126531.0625,110503.8917,13121570.12,59471.21881,6710962.873,299666.3617,150586.0655,61642.4702,18409.86256,32631.12252,78119.53971,7391.513345,234043.6479,1523602.214,28597.41148,4144712.322,249023.6863,26647.76299,257741.305,46129.16025,1374.133604,8068.607513,901.7418363,133383.4559,15581.84054,109691.9318,2731279.406,298527.9595,11586415.03,1052.785932,126999.2853,19718.31388,7227.370946,15361.34418,24810.8634,790955.2552,1551609.852,36736.41471,125643.0753,,86224.70818,12944.39851,960836.6069,63205.82704,36818.7748,8038.286172,6582.645935,61229.00423,529603.8659,7540.973018,117569.9382,148507.111,97063.37167,19369.99437,68010.19118,224483.4453,366948.3426,173717.564,8421.769611,5230.394664,31251.69652,180949.7722,864231.9746,285241.2851,64629.17763,84524.2218,105783.7004,232128.3359,10887.70704,6495.94552,37673.78361,483688.9188,27813.19187,4338659.142,20114.95368,18838.17586,2496.052519,12213.93671,5538.198461,21853.52774,69186.22294,23839.55953,3380.723548,11744.17658,4819.128075,66026.08216,154244.6553,16876.49701,14410.18383,19650.58234,2129.883285,154898.3795,526.7628308,14929.31444,2744.296368,123479.5269,1939.993062,59940.56208,43598.223,5417.868522,3499.750878,66204.47966,821135.415,730735.308,81470.82326,999393.0497,65537.54022,1709258.746,131835.8784,55674.29246,3108.211217,1425.932322,2465.965494,14070.80922,666696.0119,640190.554,36262.21555,561009.435,34850.48479,18810.46231,112649.3119,10987.07406,2614025.355,6005.527926,392500.8016,2034625.731,5648424.286,3889.743791
T1_P2_V4,pos,cells,sample,vpa,cntrl,p2,5420.454225,1448111.636,4467135.48,542381.2779,54612.84181,26546.36817,84141.01417,304772.8178,306449.2807,28880651.42,1618765.183,207948.2409,133777.4877,165293.7256,901717.5855,2407651.209,58126.75671,1866444.591,680321.5599,22029.12295,4042407.617,160439.5364,58865.21321,5103935.868,39228.27197,6509.586892,510095.696,1015714.347,13064117.37,2993505.317,2462294.734,8992.21966,185556.4693,446024.3068,634175.8817,1830196.377,5000.393053,43481.52512,56087.48606,247268.2318,149986.3401,98308.30364,14369518.89,59076.88018,7250199.632,382791.342,386195.6409,68668.75378,18886.76044,33741.82104,88636.62207,7600.806838,235023.0863,1683677.103,27025.75648,4706772.337,229177.0057,31420.26811,290897.4544,49943.61002,1748.95102,7627.916459,3314.208437,133644.3803,19660.94908,103187.7013,2926360.369,270699.5341,9629526.013,1365.238406,147809.4497,16926.19246,9028.993466,21756.43868,37902.14741,933745.5791,1720257.615,39390.34624,20320.23975,,83102.67168,20458.33901,972638.0663,95972.52471,39882.6915,7760.465221,6639.501773,90875.63864,643580.4663,6633.196136,91390.38518,292639.0038,212555.1885,33904.1011,78346.32753,166495.1187,509214.2082,240730.6017,10839.84223,6980.539038,33682.73724,419839.7518,1788189.252,191818.5272,168454.6685,54722.05588,70055.05293,620761.8091,9164.182787,7343.130083,9297.074943,662196.2522,18470.29405,3760000.18,26073.57015,14481.85768,5375.359089,20632.35944,7773.036627,23455.35965,119593.9404,20568.59826,7409.217904,17185.11962,5468.945415,59455.46897,141180.6885,16535.98107,14580.77926,17746.09797,5610.908966,192717.6714,640.4687152,17714.55711,3784.467846,182164.3235,854.9706253,45506.98093,36678.06006,8368.515527,3201.126492,123538.8907,1099783.63,618115.9703,134681.5547,1879170.646,56835.31549,2080452.834,214457.6184,71926.01623,2314.649038,1081.137582,2247.189217,14579.06549,670846.9106,556998.4215,28202.13404,488789.4857,46684.20225,9431.039218,128929.0765,7699.896599,2596247.04,4447.413293,394354.6116,1930845.596,5792343.101,4083.769549
T1_P2_VFA2,pos,cells,sample,vpa,fa,p2,4182.601624,1336358.108,3866883.673,490758.9212,41016.10041,28162.47878,83686.30994,258939.1222,260364.0608,22258125.85,1140940.354,179085.6221,101936.6117,77311.71456,792390.5903,2315199.828,4923.983968,1411963.134,569838.9708,14809.19595,3551091.175,94644.43648,62961.42991,4583167.496,35594.23486,5026.515997,377163.2459,791521.527,11207451.67,2443297.796,1563549.526,4906.122064,129574.3205,480611.383,609754.4281,1027216.649,3082.45589,19490.5507,31901.76837,226781.2311,120249.8963,80664.87118,14413841.41,52470.59163,5850954.283,354786.5194,196284.182,61691.80492,10236.6999,34109.33499,69184.71455,5296.953828,152683.6372,1418414.753,22696.49056,3929610.477,257874.6712,29949.31185,206230.6522,44717.59614,1301.130185,3256.949353,1982.755689,108526.4234,13519.03259,103520.8438,2550638.525,230969.3154,9567970.01,326.0595403,127047.4499,18463.49564,6483.375345,11312.88805,17498.28795,705626.2057,1433833.189,36543.60086,119036.8476,,95780.55302,5275.888388,842313.9887,51175.34322,30335.8274,8271.333601,6516.146957,64002.46785,446947.6001,8494.558705,79823.73356,178897.1007,103693.4024,23753.3978,61669.4155,131266.1275,295498.4295,152970.1279,8069.297622,4146.185451,28868.03119,180760.7466,1041654.449,134853.0521,79706.04642,28814.55896,57807.98876,303881.7555,9599.317925,6002.609523,9243.981396,876649.6641,19205.64067,3941780.671,17458.3862,8961.2606,3049.781577,14426.51691,5051.553189,23741.80837,82062.37934,28196.84922,4926.426783,4061.660174,5112.379388,97057.7988,93879.02571,15379.78032,13036.05106,18191.00285,2383.616947,149111.1652,1220.63831,13650.79237,4787.836567,127459.1548,1024.100371,47095.18344,35804.56161,4176.80688,2619.287725,77127.66772,813347.4902,618396.6526,101212.8105,1236884.922,56560.03328,1789921.786,156605.7575,62290.82111,3648.465094,791.4561794,2226.24092,10788.3659,682340.5931,609932.8364,32333.84318,500703.1719,39227.89331,13027.74367,121921.2465,9637.571582,2506766.376,5052.154569,372209.2617,1867148.48,5499674.384,3061.281052
T1_P3_C4,pos,cells,sample,cntrl,cntrl,p3,4267.861215,1246132.674,4018296.243,523288.3402,46806.32465,23407.96391,79149.99518,267739.1311,269055.2677,24066839.06,1240878.137,202234.3535,104860.977,121082.8242,720252.058,1406850.687,44235.90609,1467276.625,604303.4382,24376.41795,3249054.763,115224.9284,82026.8042,4825800.932,32542.77055,6244.170902,455415.7491,764739.8541,12424084.89,2619471.969,1964258.192,7283.124551,173594.6936,302134.5334,788323.8039,2009093.045,4254.212133,29678.84326,42830.82158,243237.3143,120842.9372,54722.63371,13087055.8,53683.8152,5589518.714,293503.2741,443945.6196,68006.92575,17056.37392,27262.26597,67319.59276,5236.30937,154840.7727,1223486.888,47424.65324,3981556.922,261350.7965,29426.09368,260449.6355,41082.11689,1946.902115,3459.214839,2596.433805,118197.5897,26458.10552,90956.50524,2524445.337,493267.8618,7801263.894,595.44264,120898.9643,17751.49021,7198.69147,11961.74351,20641.1833,793017.0416,1383563.294,31349.3586,39426.23613,,51533.32346,7976.58953,936729.5577,103669.5902,22695.97439,5322.543405,5185.649897,73984.49292,552905.2107,2394.324959,75550.28789,338068.2095,161552.0414,39642.75671,52709.20873,125990.8804,1378528.958,202144.5986,11564.92444,3133.262649,22514.68812,562872.0808,1849675.386,129727.0096,73937.30407,31011.36443,55716.7975,632384.0202,8245.169974,6492.499425,8497.671264,965756.6027,24093.30603,3248284.261,25301.05667,9532.872309,6251.833143,26327.79637,11786.92189,29412.32161,136417.072,19176.45425,7871.998933,14107.18166,7906.008413,83689.21038,129280.3646,18456.31286,13374.60932,21653.86992,3157.657008,163870.554,579.202236,15500.81506,2639.667777,98926.66615,387.9218991,34326.40215,26184.12098,6413.639752,2090.904959,74727.06689,853238.5538,431236.2736,78000.98403,1162199.861,42603.35731,1720698.831,133551.9097,46015.11398,3171.181861,570.657183,633.2048902,10414.9781,611831.7645,552542.1026,22711.14649,450848.1057,51231.79652,15213.29521,113146.1083,6176.382675,2529344.736,3808.420785,349226.2951,1639296.066,6013216.783,3380.340732
T1_P3_FA4,pos,cells,sample,cntrl,fa,p3,5266.789179,1628580.33,4491497.474,571300.8462,53779.84334,24280.93089,78704.02757,323053.5965,324501.7124,31974435.9,1030188.459,230498.4536,177092.388,255444.7955,804314.03,1504296.059,52455.03905,1613793.714,684299.602,30515.35632,3480439.819,189900.6608,98077.67001,5413352.5,39768.14,7922.067323,573505.0385,841321.2733,14081373.1,2678466.504,2420062.839,12378.82776,207300.1901,330136.9928,982570.604,2935893.044,5345.575101,28155.2728,34851.12725,258061.8053,151838.6269,71706.71747,13259540.35,57683.32723,6811053.987,315068.3185,749894.1443,75729.35787,22982.37602,29905.54315,77826.13147,5942.621801,202718.6914,1532291.616,50795.00271,4447379.807,249664.7218,36982.19273,321084.6176,44923.809,3052.151061,4780.276091,3283.478683,131724.6727,29308.68354,87770.97808,2784174.106,531593.8736,8368204.111,398.1004798,132556.5496,16413.90573,8995.307372,18660.54063,31851.97717,1059604.541,1574321.6,34258.58621,38522.67199,,59356.39033,13475.24906,1158114.789,158213.4324,25929.21477,4959.620439,7061.082548,121482.2067,715905.8791,3346.775719,87049.78401,548270.0954,329208.4035,60561.00339,63373.43887,148930.3225,1939810.673,280076.1372,12299.00171,5750.874851,29094.23039,800160.2519,2785204.492,165425.5549,121624.7288,43341.45213,66741.0462,1091011.223,9449.516908,7536.301273,7644.873347,879719.155,14733.93135,3208509.982,32994.23438,10961.36467,9228.300921,34931.39194,16436.75773,29420.56756,216860.3586,16410.12186,11809.35375,21414.68189,8199.723677,89992.73812,166249.9909,21084.84164,19120.9248,23467.01497,7293.28991,225962.628,1274.953496,20908.98615,4585.695804,140405.844,443.7839699,38001.93763,30498.68422,7373.580519,2052.901771,116564.0544,1172608.013,470521.4076,113646.551,1822305.476,44850.92219,2183117.673,199106.4819,57307.80884,1889.177499,1061.404066,699.5548515,13702.08015,667907.9624,628090.5807,23410.9187,501941.5944,63739.43159,3658.824575,106508.9263,5993.82705,2861859.854,3432.7425,392361.8138,1835831.026,6866120.414,3430.944683
T1_P3_FA5,pos,cells,sample,cntrl,fa,p3,1911.185478,1595543.012,4640584.168,552153.7266,62062.73168,24991.7214,77355.93512,313891.8522,316151.1685,33011330.51,1038963.831,225675.24,162497.9754,134260.5282,801497.6324,1563622.284,51607.2849,1604129.571,682417.7405,29762.02846,3484439.729,117177.8992,224839.7826,5301097.93,38575.3767,6183.853103,455564.3878,840636.1144,13555877.16,2727967.173,2462752.023,8423.979041,214932.3424,277509.4024,666541.5838,2614267.291,6297.026531,31120.81273,41612.80434,258406.2744,153214.0679,72041.08866,13764076.02,53635.54873,6579851.21,321793.8385,716342.3251,81430.90294,11200.19722,21339.95219,78482.54305,3826.873834,85810.87571,1425966.418,38100.07817,4343874.758,305991.0078,40286.42448,388930.6408,45421.11327,2852.694551,6366.943811,7353.260245,113903.9875,33402.7002,95650.21696,2710783.536,411992.1382,6728958.346,951.0124105,129737.5809,15131.71694,9183.945365,21654.47943,52844.53034,1076197.098,1504168.158,32185.58421,38969.73603,,52671.20203,17749.3672,946899.4628,130532.2411,27229.16898,9235.760969,6970.211011,113643.9349,719778.1929,3249.716848,59391.44174,474597.4099,167262.3297,54962.28395,62262.22562,88370.58756,2046054.809,217748.5877,11953.01879,5221.282629,28547.7548,942481.9364,2463490.696,78096.873,74237.19544,21064.15175,40534.23116,987118.4623,11938.21887,6765.790028,4426.592697,1216005.514,24638.98485,3349086.989,28260.13124,7243.279967,7239.451907,32659.1384,15854.62016,25992.61153,179525.0507,23907.057,9725.261324,15103.50378,5688.91204,95275.16566,142857.4894,19324.54926,15330.40655,22905.60779,3632.71502,194253.6484,1354.13938,19460.26321,4536.057259,144259.3608,659.5076126,35601.02094,28530.25667,5977.158702,2220.684443,106043.9934,1217950.904,484107.8327,112373.8599,1919475.268,47444.88478,2479042.962,235071.5481,63686.91997,2859.754521,406.0741112,264.2466612,15172.93678,623672.5457,574996.7688,23214.99716,472564.5537,57141.42944,12257.48116,106841.5294,5886.722461,2795930.373,3580.988936,375878.6506,1764645.15,6844313.627,3537.393556
T1_P3_V5,pos,cells,sample,vpa,cntrl,p3,6781.214966,1349364.083,3916843.697,512222.8856,47113.43253,27478.83014,73659.39382,281976.4454,283474.9564,22398383.46,1501019.749,208971.7772,84446.28552,87369.72117,671585.9,2215622.534,49873.63254,1529208.242,643849.7472,16165.3413,3739121.079,95464.58254,21236.26076,4941127.216,36416.96319,5699.451416,426513.506,782452.6505,12396048.92,2681808.073,2260555.72,8221.207145,142181.3004,450025.0132,621177.8374,1028938.062,3901.895904,20280.00637,37350.28122,237500.5447,133829.3654,97386.33242,13896720.01,59757.80111,6631347.976,346851.543,178087.9863,59063.84073,20444.52974,31771.36083,83274.9632,7500.369357,239817.363,1617554.374,29178.56284,4255451.478,240150.1015,30557.52555,232234.944,48422.54526,1234.300593,7542.645286,1322.123274,138000.9073,11863.69605,115061.8136,2782220.169,303513.8739,10958725.35,1001.744977,134939.2822,19031.80876,8463.225998,18418.66885,25685.84448,868386.9661,1575393.504,36145.41566,100420.9722,,87272.45163,15320.49882,997230.5351,72482.24479,41230.54152,4926.643823,6170.716643,58476.41595,532590.2628,7643.106655,130776.4245,165086.3114,120957.853,20998.35075,68952.3303,248376.6853,333887.3347,174993.5837,7684.103036,5209.485595,32806.15385,236546.0013,999839.9011,338611.2084,70846.77795,100831.9545,147393.8693,270531.061,9885.037384,7227.532747,123940.3796,348693.0008,14513.94109,4450080.136,22340.90097,19197.84634,3116.427274,13083.27546,5940.799633,22016.28445,67136.52318,16039.30495,3703.068106,11416.0586,3955.325424,50909.75137,151020.7558,15375.54919,13945.36114,19346.94732,2357.241447,154050.7952,803.076603,14308.76786,2886.919989,131412.6537,1787.728722,57231.92425,42917.43862,6496.319864,3347.241557,67160.90838,892263.9157,695464.3284,83065.61731,1020912.92,62790.02036,1933132.181,135074.4625,61274.56937,2358.866895,1015.941755,2446.803486,12223.00365,716508.9987,613067.382,30513.64385,514880.6407,34429.23919,6032.121995,92663.64783,10163.60187,2596420.986,4849.13845,393445.6454,2025907.62,5540386.434,5794.843996
T1_P3_VFA3,pos,cells,sample,vpa,fa,p3,3401.587165,1609435.196,4590176.6,550554.8939,51078.19855,30731.94995,84005.28128,317190.6529,318751.4987,30274836.81,1286060.101,231971.8892,146156.0714,124040.1207,881900.6527,2554494.906,60911.85185,1898944.542,717200.8407,21877.04,4113932.367,106667.0575,145219.1124,5437260.153,39069.63356,6832.478183,551592.7145,940924.6485,13670887.6,2792472.5,3057407.393,7170.349753,179566.2856,362203.658,604180.7793,1820967.542,4634.032374,20818.98068,32718.30628,245155.8246,152349.6325,49192.39831,13983165.26,62732.38587,8359652.786,403207.0326,444798.621,92864.45625,10910.05222,26945.70612,92672.86556,4600.146564,106516.3532,1593459.016,20109.40747,4945011.753,286645.5613,36028.75534,432552.4382,52909.84614,3206.753017,11784.14237,4441.72657,130084.5438,24741.50758,102397.7731,3059965.876,227705.8142,9771915.532,2126.568211,137164.249,19175.38654,9586.076409,38358.62598,78354.05678,1046235.522,1810337.161,43336.92043,26301.97031,,71537.70294,51534.77269,1044411.723,95341.87008,40331.95018,10003.72002,7611.020317,105087.644,700688.9004,10491.69775,69300.32946,337507.6492,139201.4446,41153.51232,73984.7569,99157.7612,618874.1874,254121.6296,9162.647889,8100.11786,36583.17994,356776.3998,1750920.944,94358.18609,119005.5388,23262.98105,47137.2318,639688.6168,11276.70392,7933.930643,5922.881468,1146645.598,19181.33137,3816884.371,25984.19364,5325.11573,5762.075154,21454.62521,8447.991743,19696.80162,133175.9528,27609.64727,7626.873453,21070.24005,4565.945308,73685.24371,148872.2496,16891.28634,16785.49246,17875.66296,3581.98799,211151.3919,2246.044084,20438.59181,6147.836377,165200.2729,1438.198173,53180.79036,43076.97878,7572.713963,3324.410047,117479.6664,1189120.111,719732.4462,139910.9884,2043664.668,63411.06147,2556865.726,260599.8028,84777.22239,2218.079925,1133.295814,2344.826474,18362.94351,691391.6711,619474.1852,27010.34966,526193.9521,55402.6265,7053.050716,129501.3499,8528.278083,2915740.282,5895.122817,431335.5916,2181893.463,6853678.515,5884.526875
T1_P3_VFA4,pos,cells,sample,vpa,fa,p3,4600.846496,1424469.625,4380764.587,509584.775,47108.24006,26157.06909,86043.62142,295943.8697,298184.2157,22303805.95,1239195.759,196359.6199,102691.7382,62123.39482,870751.031,2483118.801,33166.87637,1606937.755,645379.5616,14390.32864,3861707.509,50903.29254,56920.56834,5001546.614,34663.06168,5364.536124,404806.1098,899693.1276,11721209.16,2856361.833,2100469.717,4683.235292,146267.4437,462408.3482,704675.0222,909827.0959,4041.750539,29798.14104,42626.07259,251373.8998,141663.143,93093.52891,15457351.63,58246.69476,6212052.647,340302.5406,194674.0902,59235.70448,12006.35523,30805.01816,84485.22899,6402.014497,154640.1305,1636721.088,22252.43477,4438856.635,320645.9494,31364.51023,263454.6216,48410.18544,1576.383323,5867.15192,2286.905393,121449.2006,18202.60429,120547.9343,2883070.656,245521.4079,10515769.97,866.7237682,144263.498,20812.3559,8552.854747,11905.73132,20624.68111,865424.8694,1618745.95,42601.77733,130420.202,,83282.97311,5929.089115,957890.6291,53947.33401,41488.58078,8606.170384,6359.516023,73430.63387,548831.9527,10204.23531,76019.20618,150651.5714,74999.91238,19520.24892,67060.39102,126394.0513,304129.5772,178829.6231,9101.482716,3434.535891,31088.32753,285423.7564,817646.5531,135662.0646,47187.01593,25210.92828,57683.57702,248025.4746,9692.623642,7397.986715,7733.319684,1136237.214,18535.78492,4550676.119,19985.38607,10174.37274,3071.626751,13275.88908,4280.49048,23991.25969,53977.85639,28211.93909,4475.9986,5931.293262,4592.488826,90557.68615,136576.4396,18671.46587,11039.99102,18050.2515,1537.050019,133232.9129,2424.21585,11820.55975,4595.987087,142920.5281,1623.69447,56721.04286,42064.79778,5951.83899,4337.858023,64482.12756,875029.3381,780479.0361,78700.84941,1055613.008,69565.45085,2270941.706,153815.7955,75748.97559,2302.041993,1817.459859,2604.144565,11555.16965,676088.828,586474.6805,40594.44934,507897.3341,40892.35547,4082.312828,85255.37053,11737.17739,2683868.855,7223.180608,392440.093,1875633.312,5848937.856,3269.611356
T1_P4_C5,pos,cells,sample,cntrl,cntrl,p4,6270.387287,1624264.117,4744712.305,586149.6646,60753.42773,26730.58375,79167.88599,364601.7732,367175.2005,29918558.96,1388390.482,268230.9149,126501.2189,216374.6111,824531.0488,1436697.026,45042.26486,1988112.476,742794.2904,28605.54232,3615187.985,57817.45162,58398.78004,5802440.121,33320.47846,7847.560408,559288.7822,865480.965,15035242.84,2691351.431,3179096.585,11739.66401,224104.6358,261952.9495,764051.3835,2462693.773,6197.527141,25311.05804,36455.72819,262819.0587,163525.8703,71289.45628,10536101.22,58499.60946,8424134.698,326002.7317,499928.0114,91769.73497,43214.96912,18641.61658,92021.37808,9339.495915,265394.572,1592017.459,52114.27952,4877588.88,392607.9548,29881.49031,477503.8757,54246.96043,6468.569355,9563.968544,2141.302211,142648.5329,46948.77146,100721.5496,3066526.645,551665.2465,10721147.76,2163.646643,144126.6245,19169.8332,8874.415748,55361.10241,110037.2123,1210640.697,1700437.428,36957.07708,49406.55028,,62971.51986,103997.8357,1322874.188,161924.0127,35322.36163,7786.045727,8141.046018,90938.57429,864000.7094,3084.372148,125187.9551,357878.31,316209.3238,42836.73047,76211.93052,239140.5082,2845776.139,250063.0895,13768.95106,10210.22041,30736.11926,892952.3473,2632968.279,300481.7056,151829.8301,87668.46716,118724.334,891455.7887,11531.32741,7127.426351,54150.59368,610226.2247,25666.05336,3955604.32,36873.88852,18356.83354,7175.820031,30750.34945,19343.24819,24871.66587,179281.0569,21364.31579,10017.47663,28148.81494,8859.383081,64805.20854,195375.6045,22643.04381,16661.08585,20789.67713,1512.379724,230272.2463,927.3413901,21017.17717,3104.282056,144553.5801,681.6673032,40358.49817,36393.18357,8100.269275,3070.603196,108134.0365,1194333.321,569491.0076,103661.8042,1788754.668,54436.79516,2177010.48,204520.1882,56214.42723,2399.210324,412.7708113,619.4511009,18410.48175,623565.6158,558194.2862,22756.9371,499459.9061,101456.3946,14891.65248,133600.2558,6062.213593,2813869.091,4371.855818,399493.0379,1916495.617,6742597.604,4438.272557
T1_P4_C6,pos,cells,sample,cntrl,cntrl,p4,2554.70926,1364147.063,4578562.142,552048.5119,57924.04308,22631.42631,82392.05462,325155.5966,327196.7555,27804272.16,1347191.283,219404.0881,101513.8555,95567.48119,825995.6387,1656140.43,37000.84548,1615039.988,673405.6939,22776.74823,3419470.498,80908.30117,133202.5447,5286888.956,35195.58502,5527.692148,477302.3783,882957.1207,13185997.22,2925024.993,2454490.897,7090.401923,175695.7439,318418.5547,923700.4114,2050834.768,5972.191385,19548.71146,28064.88906,264352.0128,157223.1779,71074.63774,14570231.7,56274.24599,5813566.321,294811.9672,502856.4525,65938.34332,14755.51818,26035.93185,82335.22211,6866.410185,128150.0426,1637773.588,39988.31711,4424339.527,349987.2254,34355.9501,281776.8979,46833.03188,2533.133586,6740.46268,3958.99692,123760.1949,32198.2323,102514.7141,2892195.908,468953.8263,9091501.282,1412.476189,143460.181,17478.83944,8858.138978,25323.94601,47611.48978,952133.1464,1639915.19,32191.54862,73167.02352,,57342.34123,25936.05897,1041249.819,103124.5389,32504.96691,10011.92943,8437.879089,74403.32811,678472.4786,2825.033968,71548.96246,304564.4619,123182.0709,36217.64091,65748.22129,108361.6382,1610785.557,221579.8285,12232.34234,5515.811473,26836.34423,625122.2571,1623010.113,109881.5089,86586.7349,29852.44658,52300.27025,573328.4621,11465.06195,7854.058028,6137.710666,1450434.89,23094.56097,3862122.173,27165.49797,8388.842357,5690.079885,23345.5515,14273.40796,30103.74073,133208.7281,26145.76959,7601.336627,13302.58354,4923.556178,99019.29713,148115.4275,19488.58972,15664.46062,20801.90301,2296.203561,186444.4659,1236.68549,17504.65546,3122.559831,132896.3738,731.8698599,45877.0218,33774.58069,8484.150901,2386.27736,89803.477,898751.8317,578072.8346,95656.8307,1497658.753,56426.76947,1893196.427,185298.4474,54505.91058,3398.830091,1053.398152,566.8867589,11057.37688,608336.4089,545818.3404,28244.88117,465116.5166,62197.12893,6214.804209,107207.3766,8933.553328,2712135.359,4856.320208,363626.5237,1675350.832,6621626.285,4181.192241
T1_P4_FA6,pos,cells,sample,cntrl,fa,p4,4856.242052,1593747.412,4675451.306,560667.4192,65862.89989,23153.72352,80080.6145,339245.194,341618.0767,26834849.76,1004290.478,228330.6329,115437.8781,142599.3547,797526.4148,1586077.505,51750.99476,1633486.284,718841.7356,25438.62935,3415914.194,102667.6602,69362.60734,5439780.818,37412.305,6047.029524,497112.0841,834298.7569,13707647.49,2832265.858,2429896.096,8545.568929,198192.7081,313369.6511,910790.4472,2078275.738,6838.2929,25103.69169,32769.48454,261759.6896,155287.0018,70688.31736,13934292.08,61130.79124,6051213.649,294218.5067,486790.8761,73059.07012,26619.6787,26854.26136,80846.62246,8215.997248,198488.7078,1647671.977,49384.69559,4434279.578,314745.2237,32114.07468,315891.7685,47357.8646,2944.389343,5840.617925,3605.741779,130127.3735,37436.96198,103895.7929,2911641.982,544756.8309,9684425.372,1393.020549,137032.3789,18659.09169,9894.430604,19336.20989,31614.34542,967457.1654,1578741.857,35396.23413,81915.45477,,53736.86102,15029.99067,1082794.066,109735.8689,29418.46099,8198.450992,7626.924502,75914.36007,720326.3837,3680.37607,89665.62428,327477.8211,189028.7535,39796.9414,65567.87412,158028.3056,1658108.12,236877.7308,13079.50652,4858.300895,27589.59565,654182.4624,1845299.692,176157.4244,93143.24247,51914.18567,70643.05725,633091.6562,10270.91012,7678.239865,7648.740185,1007929.04,25775.54676,3847031.84,29087.06896,10951.00639,6433.113694,25260.5533,14537.75673,30429.46718,148193.9157,29532.98996,8697.670911,17029.78007,9300.045594,91009.45466,168466.5048,22372.8997,15844.31164,24296.81116,3173.329095,198373.8591,1466.88657,19300.28964,4884.537982,131600.4625,1256.470737,46251.12547,34678.49022,8060.114834,2840.150945,87600.85114,1068481.121,581251.2171,88308.26639,1427880.105,59129.84779,2223782.109,177978.1546,56911.37161,3132.546653,976.5231621,697.9246817,12413.3314,638438.7116,557737.2096,28066.706,485385.8837,68743.69633,14376.25259,85533.40172,8894.185338,2883972.355,4301.166433,383079.2247,1784488.42,6947219.211,3813.054326
T1_P4_V6,pos,cells,sample,vpa,cntrl,p4,5171.384622,1358846.595,4016750.854,507402.5275,45669.81262,28296.5073,78697.14802,286853.6243,289232.8098,21426023.06,1469359.818,192742.9272,87079.80092,70775.78554,792956.9556,2226210.559,61633.49817,1511982.03,584485.0667,12832.72681,3753065.226,73844.243,40210.73068,4660639.038,37736.73772,5651.710955,420616.037,839167.6675,11788761.07,2409965.594,2162009.437,5463.898016,139359.3526,425097.5176,603306.3555,838516.9253,4023.471411,14615.91646,29128.70163,236339.4976,127525.8974,98847.82876,12595903.28,53544.36008,7066505.245,292785.5936,159930.392,56103.40197,17328.67057,30081.41449,77895.41332,5789.435284,201245.3188,1520477.921,22426.07662,4201736.084,214226.3751,26813.39098,224112.5091,43419.12765,2062.532423,9957.64779,423.5934727,113190.983,16958.11436,115226.9012,2683765.976,245620.1322,10315555.38,2319.91091,135342.461,18985.03099,8512.845485,26145.4699,45523.28842,762540.9415,1582104.671,36340.2102,59732.2861,,70117.27091,37481.75219,948634.4345,69322.9827,36823.21155,5413.528796,6212.491519,67000.03377,492967.3749,6926.691706,91103.86871,156218.3817,87886.10246,20581.84613,68022.47832,155088.1561,329962.8647,184706.7312,8356.442299,7312.863379,30565.79445,233954.9471,769491.7165,187743.8953,90489.53419,54840.4272,74210.20376,230507.3991,10865.70529,6488.446663,9525.042293,782283.2769,21849.51377,4379481.782,22401.75984,12670.19198,2691.656237,12783.65177,5370.294473,20751.71368,58311.00717,15809.63623,3352.285741,16775.66424,4462.89077,62339.30758,140408.5741,16472.78715,12537.42837,16383.19154,1367.780192,140519.7829,694.2517133,13879.68026,3819.705774,149259.7062,1791.739132,59888.41516,43860.43888,7898.415479,3557.136577,80557.80517,935425.7674,733767.7999,96977.468,1254211.029,66997.4804,2026178.984,162081.5095,68360.72363,2237.569499,1255.422696,1868.584816,13045.16659,670620.6042,595592.3311,25834.16919,497030.4725,50680.77721,7469.982886,111392.8333,11111.73064,2555755.528,4820.159256,377641.1738,1901000.403,5797925.45,5433.846017
T1_P4_VFA5,pos,cells,sample,vpa,fa,p4,5339.932321,1541933.028,4234809.387,503416.5921,42816.3216,28589.27584,77916.00329,289244.0625,291242.2805,24782344.21,1186645.93,201916.9156,107440.1112,114906.1505,790661.784,2259875.687,28225.3418,1605631.839,644978.3993,19113.6188,3750228.964,112420.6091,33624.01512,4780389.924,35084.71218,4952.897883,465916.2022,840944.5142,11945980.25,2605340.824,2247074.9,7531.199843,167080.042,391494.5327,635095.5594,1328595.013,4634.281963,19141.71781,29853.9782,236219.4525,131970.5315,101552.9836,12950244.44,54625.0074,7284963.076,314114.6636,251647.9386,68734.42772,18872.6357,31118.68579,77929.14094,6022.040884,209794.0531,1523378.101,21916.44826,4240978.834,235929.2794,27967.54373,301645.9592,44183.77071,1390.993688,8961.84361,1610.652813,115132.0997,24256.27659,102540.1291,2697398.519,247170.2122,9764988.609,866.9021366,136522.5835,18230.61459,7428.89706,20691.1998,43084.57748,819304.956,1578389.87,36245.74489,82340.42929,,61606.68659,15394.85556,937113.4416,75547.37444,35617.28139,8217.745709,6342.78063,80150.98675,569960.3337,6806.791623,94366.02513,224140.3853,155603.3112,27929.39532,67847.88016,159064.0816,453315.1732,213512.8559,9305.62324,6146.63387,31730.81011,310854.7962,1338094.247,193124.9259,133529.7817,58550.93458,94113.29119,412789.3815,10489.74566,6665.142636,8333.579608,713106.8598,19070.80027,3862980.304,25221.57694,11948.71463,4595.965167,17980.12241,6503.297486,20457.75576,111468.3859,30792.98225,5526.791451,12914.61006,4863.472482,75065.24556,145761.5677,8995.0933,14872.00482,17161.97949,3159.551689,180834.538,1042.740461,15800.22341,4984.261923,137313.9001,1154.677074,45718.6958,37028.37612,6547.375822,2887.264913,84524.85597,858038.842,617733.1755,100292.3615,1306240.769,55820.70497,1803847.481,155934.2012,60876.58143,3179.583179,1028.538423,2073.04068,14541.05158,674474.8746,573083.0486,25840.96321,519035.111,44590.78047,17367.63504,113669.1852,8217.231459,2536589.143,4827.898286,387512.273,1854306.595,5763480.248,3278.017323
T1_P4_VFA6,pos,cells,sample,vpa,fa,p4,6287.647522,1437064.9,3689526.122,477180.7854,35914.14106,25504.42924,74796.94376,252169.6452,254430.5236,19959152.56,1128173.75,186433.7032,97871.04758,82075.25758,754614.3362,2180186.444,43203.53031,1452903.154,542881.7535,13717.7041,3540669.593,84056.11877,27985.30063,4435021.502,35295.7251,5447.649966,405226.669,699964.6313,11750540.54,2286434.649,2057639.804,5848.444134,133010.0268,389022.0775,544088.0171,803658.1215,2936.786617,14310.70182,28572.55591,212242.1873,111748.1858,84789.86042,11145474.23,52200.7388,7058143.503,300931.8864,148727.0016,59547.65721,19719.57214,30908.19046,67487.93745,5879.676604,205002.4479,1336359.515,23271.18368,3951577.972,202180.9251,25266.6101,247246.4928,41939.51749,1241.39276,8193.339707,1273.519692,114594.4092,12875.30358,103990.6139,2474747.778,250449.9754,9736313.458,729.5023302,118548.4067,17294.84128,8309.704217,19099.09302,34413.75621,687612.3619,1446935.788,31734.39858,50734.7828,,58799.2847,29020.88017,907528.2353,63356.3042,27153.31313,6983.28686,6456.651017,69067.2551,457094.246,7511.781145,102016.0751,180968.9546,106249.0927,24044.27303,58715.33656,178954.9229,345511.8691,155153.0008,7132.241704,5248.316367,28967.97371,237936.9901,837329.3416,210466.4156,97883.22032,60862.54229,81723.89784,245548.9533,9994.475199,6391.980041,11651.30059,567134.7138,20782.33359,3826003.089,19761.31883,16035.13693,3031.014782,12900.71457,4520.075431,18520.92235,62154.2566,18647.01832,3346.179228,16762.19082,4494.088775,60919.87955,128643.448,14808.70556,13559.15747,17306.71303,1926.675476,133581.8418,2254.375585,12903.84142,5884.45044,134494.0342,1062.520646,56271.59397,38236.0115,5822.17888,3433.530548,78065.07094,893732.6122,577177.7896,90581.50346,1146301.094,53640.39032,1924764.081,146499.7348,61981.43231,2284.359531,879.2814567,2029.44406,14085.96413,623012.5439,580407.0706,23385.57486,485097.7431,41474.42963,11428.82268,125669.7334,8177.799363,2576475.648,5347.698035,399846.2494,2039355.687,5419800.894,4508.504861
