Samples,Treatment,VPApC1,VPApC10,VPApC100,VPApC101,VPApC102,VPApC103,VPApC104,VPApC105,VPApC106,VPApC107,VPApC108,VPApC11,VPApC111,VPApC112,VPApC113,VPApC114,VPApC116,VPApC117,VPApC119,VPApC12,VPApC120,VPApC121,VPApC122,VPApC123,VPApC126,VPApC129,VPApC13,VPApC130,VPApC132,VPApC134,VPApC135,VPApC136,VPApC137,VPApC138,VPApC14,VPApC140,VPApC141,VPApC142,VPApC143,VPApC144,VPApC145,VPApC147,VPApC15,VPApC150,VPApC151,VPApC153,VPApC155,VPApC156,VPApC157,VPApC158,VPApC159,VPApC160,VPApC161,VPApC162,VPApC163,VPApC164,VPApC165,VPApC167,VPApC168,VPApC169,VPApC17,VPApC170,VPApC171,VPApC172,VPApC173,VPApC174,VPApC175,VPApC176,VPApC19,VPApC2,VPApC21,VPApC23,VPApC24,VPApC25,VPApC26,VPApC29,VPApC31,VPApC32,VPApC33,VPApC34,VPApC35,VPApC37,VPApC38,VPApC39,VPApC40,VPApC41,VPApC43,VPApC44,VPApC45,VPApC47,VPApC48,VPApC49,VPApC5,VPApC50,VPApC51,VPApC52,VPApC53,VPApC54,VPApC55,VPApC56,VPApC57,VPApC59,VPApC6,VPApC60,VPApC61,VPApC62,VPApC63,VPApC64,VPApC65,VPApC66,VPApC67,VPApC68,VPApC69,VPApC7,VPApC70,VPApC71,VPApC72,VPApC73,VPApC74,VPApC75,VPApC77,VPApC78,VPApC79,VPApC80,VPApC81,VPApC82,VPApC83,VPApC84,VPApC85,VPApC86,VPApC87,VPApC88,VPApC89,VPApC9,VPApC90,VPApC91,VPApC92,VPApC93,VPApC94,VPApC95,VPApC97,VPApC98
T1_P1_C1,cntrl,0.04026276680792906,0.10121593394213899,1.7358324476663347,0.3944883900359707,0.24322658824119414,0.5390518742784371,0.25321488346030885,-0.01111116093075567,-0.04738960857142571,0.25292212501913947,-0.041318135379978894,0.10916419513836312,0.17388612562497582,0.3584991301704133,0.13839302616438368,-0.035798397944036164,-0.05968471322276292,-0.18210745718274515,-0.1106065821290832,0.22925147419607397,0.0809921162928515,0.3229657542949203,0.17067167348924617,-0.3396933587331913,-0.3903986640755819,0.10791967526507565,0.027555650105119706,-0.27089379997239,-0.06918952965229697,-0.16157415726476315,-0.358413514074073,0.07964632664195283,0.06346077831852182,-0.2504442543026324,-0.14795444091136514,0.01651728536796556,-0.1608429067075845,-0.19251727588238637,-0.2700829968792113,0.028647367410692688,-0.0526678379019838,-0.13088515275990747,0.006602438502246263,-0.03339004739583194,-0.25599675405864813,0.00612068535932389,0.46395067365773834,0.12152561673031334,0.1600063094619324,-5.46435275640883e-4,-0.3115423097539252,0.11092337215452333,0.12818669358928542,0.09317796885410694,0.29246832020916985,0.01719046914140234,-0.12001537802022848,-0.10750141786011277,-0.02766825603169396,0.018042270777294193,-0.40686564536149683,0.0042661451076964965,-0.04711762580121232,-0.09448704927562454,0.01813910939530295,-0.038554644874602945,0.47453259467093784,0.09431113667506325,0.09783787187177093,0.6178450977081117,0.11566277184741651,0.039574347252719806,0.24080563508912883,0.20820648435968486,0.00804718720455862,0.12524605551893092,0.2355145484161368,0.2235641536194238,0.024866952640362486,0.12412703040397058,0.36654763948029534,-0.16538550165021548,0.4318019567813749,0.14395270987155442,0.1975155623939169,0.03493818777043589,0.3234411803929005,0.13602268920485794,-0.08859352953294175,-2.1499659498115838e-4,0.1992379313747045,-0.03937143914636893,0.1506886200703703,0.17120015326523383,0.4517033552000824,-0.055868175754654234,0.060680154368140025,0.13600997465379627,0.15212657466522372,-0.239107887728107,0.18443261879423734,0.40487272503107435,0.15839243367526873,0.9343451177250371,0.25129908658579125,0.05547670537484468,-0.06084617728297836,0.39628415732263406,0.2581734315111506,0.152482888331969,0.6109325965455519,-0.2824027937787301,-0.08010878633547398,0.2266278308583473,0.19436089717631816,-0.17779224356352186,0.3655691142459987,0.1415974567182337,0.9813898641391885,0.1960699746138356,0.054828947880919125,0.40991521411166226,-0.3226922706048213,0.047053142666876796,0.30105178243014064,0.138458876451454,0.08096272962614484,-0.10938105137033555,0.7030091063786754,0.16286889810005203,0.269019568741492,0.255718771750488,0.38635086503961297,0.21025190454153958,-0.09060080103798768,0.04383052187211958,0.07401693864184065,0.2887363392476037,0.16370043592493924,-0.0317016574089452,0.5305470540307275,0.001530136092069971
T1_P1_C2,cntrl,-0.35930316822375913,-0.20008720739369729,1.5108064091825721,-0.03826157180889221,0.08185905582935035,-0.3523952239405604,0.013026678000036693,-0.2230821803994812,-0.059303596961230276,0.24186274591550963,0.10334336283723142,-0.27285915282786877,-0.24783358560778349,0.45407147556324146,-0.26931299063610603,0.08830610469306799,0.3447464276920544,-0.42986969994815394,-0.04847554029331856,-0.05620902998837581,0.2513701938675473,0.522337630409507,-0.20575627347682693,-0.13644578903922738,0.5722717394532355,0.40963380852057235,-0.45798750984540465,0.227940355593743,0.20517612960752862,0.25322471755644843,0.13634477247360732,-0.30452009502642347,-0.3253755071122793,-0.4840520434056481,0.38500331789873393,-0.31366678204541526,-0.42575792026489284,-0.3541548779277063,-0.8218736822026491,-0.39576310482429894,-0.47375049251233053,-0.33431416020882226,-0.17631251932108719,-0.457147398826097,-0.27621009867285434,-0.4578989808079729,0.00470559624599988,0.006850898800237133,-0.02778868401132136,-0.5014325297279968,-0.7425199419072518,-0.31401294122787504,-0.20560960268423,-0.2122226002243215,-0.26086818418816077,-0.19086839968468147,0.01848712704295705,-0.47696060278374036,-0.2961945138778209,-0.007515907743442302,-0.8709983659197554,-0.04222184782730383,-0.0812639694240139,-0.2024981830121515,-0.27721092392407537,-0.02011835776806383,-0.42941207124165404,-0.7606146649687983,-0.24457445323906002,0.01630515119901589,-0.25984658706816566,-0.2995098807347639,-0.30973684233659143,-0.05452265787897182,-0.21878908185000823,-0.16713558099681655,-0.3273379021951816,-0.04292107918309038,-0.2195177070044768,-0.24995831219581113,0.0942457642986263,-0.4905597623581917,0.8022298105601517,0.26843721971664364,0.013371011540240473,-0.31265701139947816,-0.411702629964643,-0.23746093462399379,-0.09869637720087623,-0.25922052552756,-0.2316835720079659,-0.2023434454221194,-0.20637729569103386,-0.17623335704801765,0.26348375987824224,-0.5659528495039619,-0.2539819889851299,1.2143811970260598,0.4133319710089745,-0.276674557976066,-0.18484486872322017,0.41314675615131113,-0.09863326407543824,0.8054499854621066,-0.2776149339191313,-0.22544028342888903,-0.26441526095280826,-0.12392659239328761,-0.15469439243610514,-0.15446041758653467,0.19915437783941733,-0.45502171949293163,-0.0424314102920847,-0.06573983144320486,0.0061219231910241145,-0.38808176278227924,-0.49783918898712054,-0.2625421112328346,0.8443032392273788,-0.1740075692229638,-1.0094020679224631,-0.49979323910687684,0.3189380338299582,-0.00935247467278849,-0.05713447372317223,-0.3366391190561757,-0.4166890988904066,0.40581999775259264,0.4676531363189573,-0.2065806321236479,0.021871373233610554,-0.04566845091362084,-0.017024589529191086,-0.04937164452832716,-0.4279567807389438,-0.04556675895062243,-0.5429752506583676,0.034600590701645166,-0.3950385642588919,0.5097792945692129,0.2345934499460313,-0.3973008113738111
T1_P1_C3,cntrl,-0.4786544312844152,-0.3435395479933741,1.0702562484333533,-0.07755250299757617,-0.10553675917443213,-0.2859377156230961,-0.18815969968900495,-0.49481496960812626,-0.43724558013357684,-0.25228119409472927,-0.08631477692891196,-0.30762243435912967,-0.43517150131193055,0.08991143554859554,-0.18088482720660018,-0.3173717050278323,0.2710616886649088,-0.5641485253445466,-0.278236577982588,-0.14629092132370464,-0.23866751999242924,0.007619293839138223,-0.2988284879897839,-0.9822925622908398,-2.6556964810559704,0.27754130293811696,-0.6809757285212897,-0.5831988872982203,-0.7002276104811765,-0.546562643767314,-0.6444714649302301,-0.6531998848154816,-0.11449568589992945,-0.48672818525194883,-0.46849664573473315,-0.17504777857996956,-0.40008304276135637,-0.39154090096422556,-0.8883438934288912,-0.2508790803222429,-0.1762973377590166,-0.3091828470204716,-0.3265840921950503,-0.24286355958212835,-0.26406303222518485,-0.4488547859408223,-0.15409319746439248,0.09213092436394779,-0.24234461763906948,-0.36715618290057256,-0.6826068389706921,-0.2705527104621035,-0.4068438463352191,-0.32510564303201556,-0.27059801267777495,-0.32402592694558485,-0.1941844970111924,-0.43286458041316683,-0.15027572636555442,-0.046944585033112836,-0.9132550084992112,-0.013489967328183358,-0.1298173553390044,-0.26296914765066165,-0.2159685529650672,-0.007748001790255867,0.06121239613022964,-0.713859642860208,-0.3734880213077533,-0.5041360799570924,-0.21430668270505263,-0.40093792081421625,-0.05223829030521782,-0.12047092871262069,-0.30869474002014113,-0.3755702336876042,-0.34211783258582457,-0.1358430141314979,-0.394788826553828,-0.39563140659808327,-0.09960330451920249,-0.45269489546838376,0.9536745212556614,-0.18183360571332063,-0.18644931420303382,-0.41806979096917174,-0.26637599017061797,-0.26101191829189135,-0.16460128391821754,-0.5149286177793927,-0.2776428855224749,-0.2439960553662451,-0.32223046377492187,-0.30351775935841746,-0.13961350278710166,-0.4912274812698193,-0.4895415257885021,0.35949220276250116,-0.1177034749166898,-0.5981107882380469,-0.34694091155812545,0.15880894991038902,-0.12950587761768656,0.5390949845129075,-0.37537792930788627,-0.3281754075235912,-0.36309304158159655,-0.22600408200222738,-0.2972629797468081,-0.499948490763223,-0.1248874181637072,-0.7105489928929553,-0.16282120489965532,-0.07186324877240137,-0.42816774589448986,-0.46940866601103626,-0.5461732220673542,-0.2955706580944892,0.6146479717005696,-0.20313355388542953,-0.8442429227986032,-0.22382647148335033,-0.4764880346532816,-0.09263495617539774,-0.30315967397071536,-0.2947689692708846,-0.2854264327539148,0.277905073373864,0.32712991889080717,-0.07944409887043313,-0.4286756219785216,-0.03379865320424202,-0.3255518159860096,-0.23492872409325471,-0.47951500631283694,-0.24313883938305603,-0.5746897995668524,-0.17659399446256788,-0.5315635856936199,-0.4061150050401655,0.10899615525288968,-0.9049432707381487
T1_P1_V1,vpa,0.017598675273477176,-0.024859243128125735,-0.9480383546545983,-0.1542141023200519,-0.03595781705985267,-0.012245796139759249,-0.057489777195374125,0.09042184127127227,0.483505609792465,-0.38089032114209964,-0.08648824739616791,0.09853436802261424,-0.335935753457894,-0.2532270124996107,0.05792486655862278,-0.39224335430460083,0.03601925644311287,0.022778030665926458,0.24670534814477818,-0.0021007130956424216,-0.23076971926510387,-0.7212611766430291,0.06397897430272258,0.36977078073510417,0.7987367236954448,-0.29804853194237346,0.19860935296614327,-0.06213371756552146,0.052033366570169284,-0.16235961806058202,0.033258806784515066,-0.14100698178800133,-0.034966633364539805,-0.09738900375184965,-0.2258552323312511,-0.04940675010433076,0.14063765304928133,0.10215676355650252,0.4187824274054424,-0.15571439930103328,0.0892152403586121,0.034757478252382894,0.09289425690756659,0.013855221905227467,0.08287977464286943,-0.1948072257591768,-0.3711495797530237,0.09419261455826874,-0.10236105382106431,0.09728632895566613,0.15930205076920173,-0.06348716806953024,0.05569317408966851,0.024627193632909238,0.10974776582508639,-0.006651512742400671,-0.25064391595183205,-0.30530028195146097,0.09271805607847551,-0.21120349145621262,0.5559219036536502,-0.22363130211362311,-0.16398602923193406,-0.08975487195374925,-0.005136466497712431,-0.24986620123344727,-0.01046448557988762,-0.13194964937372494,0.1102198421915281,0.03377267843181962,0.045830014819176326,0.10740901908238787,0.1784517550831467,0.0048484129784033755,-0.04910122718758492,0.00874872227576581,0.11082092501137135,-0.02071975972575394,0.08039174730091629,0.0695626185317331,-0.029746451777087637,0.2485007317822193,-0.5727321339064365,-0.4364123908985509,-0.051975565764451455,0.07879367762838674,0.04246903124352492,0.12935345152852779,0.11210328983568413,0.05170371478335184,0.1603203468257975,-0.39743747417754827,0.05613913955618216,0.1054207104757484,-0.15885126898076968,0.11114005418410183,0.09297897712136717,-0.4452456002600099,-0.17244617383923688,0.08290650499505256,0.03689585172683899,-0.20690679298125675,0.0033042194881545,-0.3504544398032521,0.0554800842665073,0.020463823863192426,-0.3937319374487122,0.04682140513131643,-0.22790857847041315,0.05295668139278782,-0.30967025166013673,-0.11623749161710284,0.10887214629968081,-0.04253123393553164,-0.1470965120306931,-0.019555810531691968,0.29833303977427794,0.03880891011054301,-0.4340744784729691,-0.03639167016804813,-0.16427661039512964,-0.09682383186016248,0.08399632537056101,-0.35611433599294656,-0.007702653851788394,0.026658240672344388,0.03681255535318319,0.006662984483140209,-0.2631347337951517,0.21076174091021996,-0.2965061266669692,-0.08609985746214352,-0.1035053444732162,-0.03951245844747333,0.12344638149971118,-0.027699965004230012,0.18217180051013387,-0.11465226979793558,0.04938695924616418,-0.5212171366673489,-0.21616335916894538,-0.09875072476487991
T1_P1_V2,vpa,0.09003500029065944,0.07652649539129551,-1.0612083930506608,-0.1296778468572663,0.04227249888207763,0.0210128662607965,0.1756784116830892,0.08576407389596791,0.27536340335176757,-0.3762114860466538,0.18564031060329705,0.08953516706385765,-0.19536272917967032,-0.44953304621263185,0.11716002053293456,0.10847463360744174,-0.15827118610891672,0.3070628728200389,-0.05412795043823231,0.0041078540108747605,-0.2080597569315725,-0.0977845365248826,-0.030567316533971125,-0.2478774805250183,-0.04803718059787575,0.2018646021731541,0.09018012771986272,0.043759248766131104,-0.09983269015952154,-0.1663797646837194,-0.11522630849738967,0.24376514771842844,0.2382244493376382,0.2761179843726309,-0.5587892635226784,0.10134440846292428,0.29914990848121636,0.25953664783586483,0.23579286803434557,0.19978980555444828,0.3849522973430426,0.2531335357929814,0.09158355692421306,0.3824065036754924,0.18263841890552224,0.3526185183938573,-0.15523443685969535,-0.2051888087023254,0.005470543592914701,0.20959234723281234,0.3221436708857766,-0.05691557767798695,8.765026573737816e-5,0.006404642329455434,-0.19378020972532414,0.029134886481911846,0.2287955578180599,-0.051972537853218814,0.24984099270132348,0.24057382256589907,0.2527321751197295,0.21079944102534445,0.24402141851451897,0.3756963373479648,0.14374961974893927,0.23240250305570395,-0.06128291819485587,-0.2223438720752051,-0.06758327328763845,0.0010706354351435743,0.06569968983526359,0.0699707044380389,-0.06443794805194517,-0.024524220704653675,0.04295668133441588,-0.053266197843776106,0.053035045009056224,-0.006555200364398321,0.03639255089230222,0.009118550789486108,-0.16398964235202623,0.25626686163090734,-0.30031710190495287,-0.35347111622160965,0.048181824486606156,0.19143050273307713,0.13771275157486448,0.01057509057218611,0.04830348298692397,0.10617689578071997,-0.08632327431580744,0.15990716147887366,0.022889438999071126,-0.03408693452598342,-0.4837324291244847,0.06865993714005335,0.1373743023856243,-1.1705593221735255,-0.3690427544512265,0.19625642403257118,0.021216676712288638,-0.6791788939367379,0.023617575708012255,-0.7247897576320623,0.015095658217603766,0.03499583653765546,0.17154504338932988,0.006300291646753338,-0.002277404587454575,0.08555300612587678,-0.5217015909267031,0.2057479040263626,0.021687804384604076,0.06247877447305457,-0.21780105915358208,0.259122410041722,0.19094480005589357,0.035332823965114016,-0.8037278066505456,-0.0018310263724499454,0.4757113456872298,-0.0018382362531423196,0.01057906697967717,0.1705658020168341,-0.00462287871790331,0.06407633904755836,0.1686309956432546,0.06235695843212606,-0.4535650105762956,0.27465296501568515,-0.37949227036324396,-0.09811732206337331,-0.4153763507079388,0.018656886316484572,0.15668604714661036,0.02772295201475481,0.23469445187982466,0.012294884695439011,-0.06689353495393156,-0.45617334462429987,-0.12137277995075979,0.5485366252999544
T1_P1_V3,vpa,0.2961124861332853,-0.10854512521475868,-1.1134779630785734,-0.22109462457148354,-0.14875600298169767,-0.3302570222058767,-0.14185234661078303,0.2586026478116306,0.19444081839953725,-0.2516872808695402,0.19388643732168323,0.02543958567147253,0.26423870034315944,-0.11043864650010482,0.07452112842591244,0.06290997786647873,-0.08106942812782693,0.3456028231738144,0.07489166445152216,-0.08019566929456493,-0.30427291304638787,-0.2329248027231195,-0.05572495845837902,-0.7431354719830453,-1.6994089020971097,0.013178898136277272,0.152307393163006,0.1306221721093404,-0.35562894055905697,-0.11195801554809717,-0.07870589189109198,0.03838676770939807,0.1603493411096754,0.4335980396373478,-0.23890018679717234,0.010973170066334224,0.24915965774150772,0.1691667323766828,0.2916671360614234,0.2822287888833497,0.1031046355174857,0.27339858175827975,0.033555919055236874,0.1269503366572141,0.24216520288737797,0.3230213805568261,-0.47250079087309166,-0.3082706495867128,-0.11947180855069683,0.1943854621614082,0.383798333056312,0.07925286481858138,-0.12075564995545311,0.016890142799597718,-0.22175672546125202,0.040334423701117096,0.1615504384993732,-0.05685787053130907,0.1562319839531624,-0.012292226733481432,0.41402642667696765,0.0012869030227048717,0.039180058538674914,0.09582246085593332,0.04843284459512041,0.01246467286444515,0.020380826245292964,0.21276678539027877,0.027455148438432227,0.4716912386389145,0.02059776433685179,0.08370003343426989,-0.21349863560755497,-0.08086622824391668,-0.059472295029874764,0.05457344183848875,-0.015992144466528288,-0.12591099791718013,0.05227929022583195,0.027809158250898875,-0.21932932750342538,0.27006518707643234,-0.33501430206866245,-0.20885747124211285,-0.15321575631472362,0.1343570687439781,-0.032361588785583324,0.019912179095847745,0.20345399348983584,0.11648144724657576,-0.09861061081541148,0.06220600156812375,-0.007528134383295037,-0.004091752774817086,-0.2855748429184262,0.20762217988330792,0.06313446335448446,-0.6514411280240863,-0.11489034964739338,0.14293632008167426,-0.025274630239315213,-0.4183202310842723,-0.08810184209948232,-0.6270772287222498,-0.009608973926904879,0.012481950374181558,-0.012492899321656757,-0.09329784839628157,0.018514950540676353,0.06025489924615972,-0.38047663406909227,0.4704831006658374,0.1578031967102054,-0.08076366560154075,-0.0027026064035923017,0.3110599286005417,-0.175457674062784,0.011791564193095721,-0.641835701768004,-0.049282014700461604,0.32239639254354785,0.06353232431651512,-0.0891285904747393,0.0838896783534287,-0.10563768691755146,0.07021906636416678,0.15523007891261506,-0.03352642357633409,-0.2734851997113084,-0.08547174091538585,-0.16727524496672666,-0.08928973047274003,-0.19881379708807378,-0.12884861835067843,0.22057221020927,-0.0638600438091855,0.04697355641906875,-0.10923586456104228,0.2628698572327961,-0.25186781099517425,-0.3183466185611793,0.1787142921590133
T1_P2_C1,cntrl,-0.08757315330245108,0.2729661758176459,1.6083723166527228,0.43621291771873133,0.23262518230136753,0.48050241692948165,0.45239881700617823,-0.1734554360938664,0.08502976288514219,0.6041184928297938,0.24984920415189993,0.21323091441959874,0.5104651896041048,0.1493538915682778,0.19320943152795908,0.3438254552955612,-0.3964852056492954,0.3269015444791784,0.4952877404340302,0.23123760792154813,0.8706736954842602,1.2883549081980967,0.19292469391408767,1.2411326066945731,1.5496893838766885,0.32276852411003376,0.2926468875740439,0.38863291066000427,0.7623971858426484,0.912828631128081,0.7193595779619322,0.6771749866748377,0.02151616660240762,-0.22103422592193134,0.6331259792384513,0.4248219688414435,0.13097058767844327,0.23329394450486812,-0.21299850399134235,0.4814425004555,0.24635361030718161,0.30346359356243574,-0.030351763937280635,0.2120839955107592,0.21425663152822916,-0.016953945691578227,0.3157430787002797,0.2587223399551959,0.24646704886533316,0.06852703945791061,0.23304532659802626,0.3325120952468643,0.2526585466565393,0.18203897355127427,0.06801186644399335,0.3056043431458549,0.40938609060176584,0.34842975044300617,0.23845433158708224,-0.15716479907098688,-0.9021817008084633,-0.03736854101224126,-0.20457583689903852,-0.39213363338729895,0.06616970091573829,-0.06493609183172723,0.14280398399437993,0.7894520409777028,0.09125095484216203,-0.9490012105851166,-0.0236494317810744,0.058698467731645394,0.453595440330484,0.21815624004558648,0.11164425268512816,0.13720428709115343,0.2317341341463558,0.2563041097132297,0.0037737905339554206,0.10314189904379807,0.27511456969153336,-0.08488352822550224,0.9644183137337805,0.5692601961165551,0.5089367426461125,0.24339268550734336,0.30998123233806657,0.05253736264686016,0.04016421008103674,-0.013549801501318565,-0.019388668876278152,0.5806861133465525,0.16473055628386468,0.05242205256113195,0.27030105040563684,0.04468921067899699,0.09987081677622493,0.6469515420761712,0.18064218161074436,0.24350699728000988,0.22918904128486384,0.13884743758558513,0.2184406346464337,0.6768916273426286,0.04186021564457205,0.1400977252454787,0.6050563858790964,0.01691917706873399,0.3859188962577167,-0.033637211406336534,0.7245034455485146,-0.007941346197946342,0.06227462592846944,0.12794857522866915,0.3409859493880235,0.2781588895268208,-0.270117943216615,0.03273798117429316,0.7202237243996523,0.292225207880041,0.3315607333719948,-0.05402664661839539,0.16426435008349516,0.4392109595258152,0.2139822130845685,-0.017908871491169258,-0.07671048140918811,-0.585418838111915,0.9800291606400751,0.5206075064035376,0.5511423832047858,0.2572426838138811,0.4564152620996334,0.40444125451268786,0.2471040628674325,0.14470182364476034,0.2838166811855275,0.36277905495769286,0.33865297114454695,0.7230374652412629,0.5812900716687281,0.49295245738890764
T1_P2_C2,cntrl,-0.31457437751843176,0.056038775851659325,1.6696094567503599,0.4006534230638029,0.009022126946321173,0.10077123610198722,0.22278959869755724,-0.32101634339251606,-0.17463440033130626,0.4333206054340125,0.22827192990063078,-0.09423459733034792,0.2041852623268918,0.08153293328160073,-0.004680465943497934,0.13966650466290287,-0.01685082845381019,-0.13787120181813214,0.3546327222671852,0.034661341421673174,0.6281324653264732,1.0413020767989611,-0.1656080611943055,0.6732634504155199,1.0467708997876386,0.10126207187784196,-0.09969441268445274,0.022177749281219544,0.7737380509165246,0.8516155729717197,0.5726999629030735,-0.18376213690247353,0.0516111067467246,-0.3518008130093794,0.3812693362521308,-0.09495613490323673,-0.19458380782981582,-0.14264988166994655,-0.8182805689234023,0.019240110857189647,0.11273604991652732,-0.08422015877008561,-0.20234810122153543,0.14187930369173088,-0.06487339493324518,0.019900147851573166,0.2774240431338742,-0.06141910340381439,-0.1130067075467058,-0.16633642023077755,-0.39137931349207583,-0.09073536712555268,-0.14799162637133664,-0.12790990882840603,-0.2880410842804113,0.008434615642877112,0.14147054080579255,-0.28101147687079525,-0.10076117113984054,-0.04796986530671932,-1.061047128866433,-0.05135728485122974,-0.11023028328868524,-0.33597933228533317,-0.1291661351584642,0.06237216048071371,-0.2805487835326601,-0.03897624768931382,-0.10209613322296911,-0.0022828005904519527,-0.11740335680729734,-0.2386715104119855,0.11906293762105999,0.034624672181524103,-0.12456664606140089,-0.014357305386560128,-0.20289667780813786,0.05475419020745724,-0.17561752307989836,-0.12568366076374685,0.12975885171039708,-0.4384836696307744,0.9848809829380887,0.4106340833822178,0.09745945661112723,-0.17004351703970585,-0.09415698213855683,-0.1714468361181572,-0.16076336057364288,-0.2686910246303979,-0.1586672104574851,0.516394066167703,-0.0901589008009334,-0.28802371926139614,0.21575320673536663,-0.31458538608772735,-0.23458095472027798,0.313125213134565,0.07406618187032406,-0.07978208183442856,-0.037334375727182983,0.20403534841976756,0.023746662166029064,0.6562269432888231,-0.23277097983141495,-0.1471737108832687,0.53558231035555,-0.1603074131802663,0.3351220770370559,-0.07855358066640233,0.3527594684746733,-0.08286120834274457,-0.08453753632847713,0.11156849379739642,0.08072241382659164,-0.12981690128744447,-0.7311352894004093,-0.19904376636692794,0.7045046562438667,0.030180466610043307,-0.40366918864280743,-0.316273867599151,0.24168433966790184,0.35308423004309014,-0.1266356754102339,-0.33815682990239776,-0.28624752231668277,0.12509516540080193,0.6842602730405295,0.1523770731286581,-0.11482393917837733,0.03533987246657915,0.02248182002881182,0.16914145055481966,-0.17119152337056565,-0.08288832256166087,-0.043510087432564085,0.13692601757753883,-0.05456105688019258,0.4480618785898541,0.3968682263924833,0.04671829686379513
T1_P2_V1,vpa,-0.0075296456431438764,-0.19632768765228126,-1.3855703281874108,-0.36929836404075844,-0.14932564383593394,-0.26532484536751677,-0.04143457516323319,-0.01531076632862448,-0.054426225726797256,-0.9181722703543791,-0.012399834609293132,0.08129453378144776,-1.0298635038662773,-0.5914050172947865,0.04932091087853177,-0.07034440362741995,-0.24760280904230791,0.4313513238415034,-0.7333838940700178,-0.10167528059081862,-0.5241234040894985,-0.46848644703261727,-0.20743455664215774,-0.8738341956238248,-0.7980009327462138,0.23394432935542442,-0.6823878620030471,0.0052648479810021645,-0.2872866146263933,-0.3688709525835131,-0.2285696652192381,0.2559200946157777,0.23986964963387436,0.10813332326053318,-1.1940446465447956,0.29870845651745426,0.39069440033300024,0.2922621373776612,0.14071410148392338,0.3538626620362095,0.25562142431856105,0.40560155250855173,0.03947061842378176,0.3187190173190436,0.4016214012539256,0.4827572937934015,-0.0989664338461798,-0.09443433912544742,0.013398202278461955,0.16144387267013371,0.3735749074250238,0.008455579271922673,-0.05724790825532754,-0.005165115717755471,-0.06872479002691348,0.02006784692213574,0.255435064271747,-0.20157322610979653,0.39165959299726444,0.08789175885003424,-0.04401992383908131,0.11652485753939545,0.14670454766100355,0.28286513945447583,-0.08824189061885385,0.09698973246720076,0.061963483148208126,0.35683873771684377,-0.15001206772662884,-0.30300104489530955,-0.019542335580146838,0.017406224147248704,-0.59508428791721,-0.09750640232233843,0.056081466698117186,-0.28730040140644447,-0.03339123123652746,-0.10437777456708315,-0.08444162363857681,-0.0696725288346466,-0.33001933342376405,0.2845187419983008,-0.5335588311536636,-0.8783555630124678,-0.15762873434040536,0.2803720192496492,0.08888454908266857,-0.09637087991548454,-0.03415912252627326,0.17212565243264943,-0.14239503788453095,-0.3727966009143222,-0.06852792459505433,-0.13076785568498758,-0.49189762207757776,0.17533062656830453,-0.07309527612454116,-1.4071009709619209,-0.45316108054345894,0.3370474515175372,-0.04480868106282063,-0.6818988429978522,-0.1187565692830454,-0.980232964406104,-0.14542831833196604,-0.03411436310450949,-0.24035517428058237,-0.20844729507673415,-0.15844389140291906,-0.04296770985090577,-0.13585201045195633,0.1519546098478372,-0.06358927680210444,-0.16912275506905028,-0.2094936823806178,0.3993497824345365,0.011064093204741499,-0.09571992471916323,-1.0450341626059059,0.021376911311418667,0.46353563010128296,-0.22615367206861797,0.38195304099521654,0.20256224889676056,-0.19903667417584703,-0.07643268195672157,-0.06597984304195213,-0.30467493324441947,-0.6078163262747618,0.008316038911869751,0.02503387441104826,-0.21071940397576763,-0.6991159544830116,-0.012786160795709822,0.16971756044276395,-0.0836826716302053,-0.3625577837327353,-0.13069199697912134,-0.9734722328594616,-1.4119100426482258,-0.2500518985309925,0.16448219271042536
T1_P2_V2,vpa,0.28370075104518816,0.14650318786904773,-0.5788774439002353,-0.032578974648290016,0.08735757223343928,0.24071506890991645,0.5961543126340705,0.24658383675233936,0.15243651653756987,0.04874678731784627,0.50664115439903,0.30243657286509207,0.09490137922703955,0.0022356474322660427,0.19561072237993957,0.14436468126547758,-0.3349873390739581,0.5450597036320556,0.07307872510092954,0.17039541123722562,0.16853156873341849,0.07729559107818595,0.13562903553728944,-0.5709894954474566,-0.6104007259645254,-0.07029826900162156,0.17839293738352266,0.2944036805459028,-0.5473797757251211,-0.5217135291674851,-0.29500930863772284,0.49268277832284885,0.38413435025899895,0.24762263133289955,0.322912230066104,0.4710011081089799,0.26701573083970054,0.29372161860150947,0.7412366192033996,0.25554131426127646,0.4215640551425456,0.22442918845808502,0.20481914128072828,0.42611975913369904,0.2425175473159482,0.45518311216753954,0.13842299839966848,0.25606458019932715,0.19341233039968975,0.28972910945122793,0.4628747340842048,0.3159040982315503,0.29701616555342913,0.18757768708720937,0.07929689952329547,0.2178199003687165,0.20218791909587738,0.3877737120518392,0.0975733025707393,0.1469288822094719,0.19807789244481333,0.12778498373121344,0.17931240235565743,0.3345001458629655,0.27214784316885465,0.09517823250966594,0.20409135257170335,0.3275812004223598,0.22336017614102027,-0.13680344867345773,0.08952151862180051,0.3077849733775684,0.2611847679562927,0.13897366416746906,0.35129613190540715,0.20209829750200775,0.3683032527860016,0.15760577479796029,0.23693615726453482,0.30441386113934155,0.07354849851553728,0.3895836727483615,-0.3711637750856088,0.07867821392575768,0.02166188807253973,0.489007250708479,0.18192782851144226,0.1664591444946587,0.05618755982303299,0.3110558614749423,0.17850701098067956,0.00420553263222375,0.23683859587732317,0.20061834351113478,0.20017899854775995,0.40427736767607514,0.24149794213693815,0.5265066318825663,0.30705523170843174,0.4558109653333984,0.2306200325522716,0.3374625894332394,0.1638578646771787,-0.3059246905209244,0.2454141109293996,0.27513135193557703,0.2170905027293973,0.30036567113693613,0.29474796592284536,0.1936083652278504,0.4010025087970231,0.4504007898793157,0.09524089052937808,0.12069560335190169,0.17512537361119138,0.5086311068522704,0.10757044460868595,0.21889528434221123,-0.2702457005415747,0.18235096660477396,0.5169967825733708,0.41505663518420266,0.21290947846159744,0.2929894481771496,0.1973656652536018,0.23846273823815012,0.18053754248609694,-0.06318640731213729,-0.21926699812649164,0.18635469000957955,0.8220170625015681,0.20781503735624487,0.2391901929739207,0.21701093391987278,0.31379232912872657,-0.011338643508238632,0.30778978232904936,0.16944652311458525,0.08665598753200991,0.2924062349930686,0.05439499449134428,0.4522992660163344
T1_P2_V3,vpa,0.15095159198856797,-0.2934333722709504,-1.416645869926824,-0.34923273867703786,0.062172837040759515,-0.08896519179719754,-0.293662044984447,0.03660820441084582,-0.4096280883365983,-1.1510636025424108,-0.037014108917142435,0.12362929172673669,-0.9931010271229893,-0.7718554576776044,-0.19910742457178848,-0.03796663634506269,-0.003251104130933561,0.2220652077954104,-0.4402717456072481,0.002508325687799913,-0.7660982890916186,-0.8198943962761907,-0.18488465131449647,-0.9804978054722685,-1.8863793388834127,-0.3390100080397168,-0.5754150451738138,-0.36781911611637175,-1.3388868621780219,-1.239179791309842,-1.1357885759090713,0.027999017791226682,0.0761303484470952,0.14908690760092186,-1.0181206270067027,0.25049704435835,-0.0070646524518718605,-0.030423581788585723,0.01919246764642222,0.07137925390278989,0.13202459996858126,0.003876474464177517,0.07308852099601418,0.1983607263592072,0.020147312382533228,0.2416092332969404,-0.03033804236146319,-0.2573975749166498,-0.13109280703173457,0.02436457287839649,0.2684972430168621,-0.2771216488266006,-0.11808990250712163,-0.11298162630016217,-0.15124864133055582,-0.11137802909643313,0.0024889536309447846,0.2620639859535984,0.0392533733789196,0.12100021142645111,-0.03154662329175744,0.15410737423919796,0.1606930040754298,0.27148092974229776,-0.00259906155569785,0.12553196516235285,-0.22799707979942535,-0.22775608129983096,-0.10379108667176642,0.10871571087726271,-0.0984762192921909,0.006364369330507133,-0.3006759043202794,-0.021760146215859574,-0.10752491240270357,-0.2327337813088151,0.059271940701010314,-0.10250880466593869,0.014310634696134408,-0.03432932990493545,-0.2508275193896256,0.3023809287239506,-0.054252386967353516,-0.9551727259919137,-0.16239003913641248,0.2138548380021357,0.01489296767045354,-0.0256821187807984,-0.15078222090704813,0.05198909561967398,-0.0670068483024408,-0.6079089557911634,-0.005771414290162789,0.05163360319942124,-0.303508391636805,0.14633619728600722,-0.06075960564495494,-0.39925832038686,-0.27420683319113215,0.11848597112258086,-0.02732766885130778,-0.3163095943636678,-0.10244126284622201,-0.6095764429582367,-0.10696998421392664,-0.14964776024652326,-0.5342577885750421,-0.12184108545529067,-0.2000211083574668,-0.015780732208871665,-0.5940866383842769,-0.255544990968418,-0.16095704204380457,-0.2449548673910325,-0.5854391281247441,0.12974640113185396,0.007420199679589318,-0.05695013567821257,-0.6829007237183636,-0.02768026577623088,0.21158362972003344,0.1314006965667252,0.12480629771352844,0.006479007301977787,-0.1220843354549038,-0.014655188426042354,0.07729581028108344,0.19983974642442426,-0.669902672501663,0.33953563330814446,-0.15089357141902732,-0.13408052286454272,-0.6714535530854355,-0.015923421439717485,0.06641772386364261,-0.2511032244976425,-0.3578589757587683,-0.1460750041368026,-0.8230111264342597,-1.2111085991192223,-0.09597071162824172,0.23891740827708804
T2_P1_C1,cntrl,-0.1810633519153231,0.14446690587938768,0.905049938618324,-0.16690107026140788,-0.04787079712045497,-0.4103651424230389,-0.09300283943537951,-0.10019349939891083,0.3228734708675209,0.8573172419856072,-0.2399772072876506,-0.30987910567054466,0.8684226837979416,0.5109815515100171,-0.1620026756336934,-0.08359687732264981,0.2823617335928762,-0.5600916628430733,0.7440086488264461,-0.1028578142197294,0.7345550842581389,0.5674471896449012,0.03785595397906762,1.5548808915545802,2.066334214093697,0.15181004261646122,0.6348018861185267,0.002728708364038032,0.7993566549208015,0.7536516738348831,0.5218989369345431,-0.37199678858990254,-0.20778731198633363,0.06837928124416659,1.0195427295780015,-0.4279627210404799,-0.2945278782402894,-0.2577188999276644,-0.2834134126308799,-0.3520874750579684,-0.2879801369874743,-0.3878106411550584,-0.10394895889431899,-0.22146474707305827,-0.3157734077459747,-0.21751621471001478,-0.1894963029289174,0.0132839865289533,-0.05575883348171767,-0.3217500232496835,-0.5976886587610951,-0.10764963306949661,-0.0920788989949064,-0.11255429814392512,0.07346335274564487,-0.08441778996135382,0.04819367918745161,0.2601848417527568,-0.3079241559909942,-0.036080604285023486,-0.07870406945787974,-0.06986774803664299,-0.08434735508068686,-0.16274521369502512,-0.07646756524595626,-0.033372435263007955,-0.3443373429398674,-0.28196110114763323,-0.04895465525146771,-0.1347920994290042,-0.10669070323573286,-0.2040097509455766,-0.02581514496042691,-0.0568722870273378,-0.01323387038195324,0.10778211229588963,-0.3071188092836125,-0.033188659457345865,-0.0657195981449261,-0.11855022557647621,0.06374594743165499,-0.5217630815871226,0.06145275061483596,0.7894020493066957,0.12684535806213262,-0.4127376957117385,-0.29014649399154097,-0.2287365139586269,-0.07524635794385069,-0.21377393011373153,-0.014277726853940124,0.3883494681808513,-0.16344704611823851,-0.09663242538161675,0.2977054672191805,-0.2689977015678218,-0.1591546647601949,0.2574563137266388,0.08674719760094178,-0.375423738381999,-0.2535745779295847,0.20050097929852717,0.04845947159685804,0.6277002631894897,-0.10164153008452972,-0.10768569347312655,0.3237989443664386,-0.20467444925596018,0.11390455969621202,-0.1575259766699169,0.3996978111126126,0.11081674183850343,-0.03438848941078853,-0.007143909951043047,0.21895846923653647,-0.5017773276481876,-0.3662230608421042,-0.06700581558019222,0.6986790341548249,-0.16238488445260257,-0.420555757282759,-0.3555277817348685,-0.13223012243747992,-0.07907433552631367,-0.16179130426779784,-0.08137738305306898,-0.16071420703531672,0.29037829583801356,0.2292113221200312,-0.5664647002312395,-0.19933497584300117,-0.08118190185056656,0.5245937687619122,-0.15524525396779446,-0.5458988253400029,0.1668869023487363,0.28408261383203776,-0.10975620275604228,0.7415703414392248,1.1516593292120054,-0.33270436304865747,-0.6577074494037403
T2_P1_C2,cntrl,0.2102516359923652,0.3508517469379835,0.8629025085921243,0.39192429727203565,-0.01947228342132043,0.14561764738151634,0.04602018716804389,-0.01835353900669714,1.1053604790848561,1.3440846680692802,0.03163137150473881,-0.19115539104630674,1.743401435853611,0.8793242103328894,-0.009170276332229211,0.17612540463737414,0.15616770486887668,-0.005893845147034515,1.1350654010313928,0.02188533575748072,1.1022738141037607,0.8848847064261195,0.32091651328884924,1.9776943152272015,2.4175766074486917,0.3411288848296318,1.3770281295739752,0.32046628714282743,1.010311367699366,0.9335000530933156,0.9885575627933029,-0.6157586935128134,0.06885546877066563,-0.20453082007644677,1.5338096425791976,-0.17924296640614035,-0.15657617702302223,-0.15801984715188827,0.03463047344360518,-0.3233090418436099,-0.045128308863467984,-0.2814904924993468,-0.01270668042096695,-0.11536231625827403,-0.20476787439759553,-0.1893488777414863,0.02166894640033809,0.1283109692064011,-0.03913274890299878,4.811353292612286e-4,-0.17301856135101065,-0.01950726145498274,0.057542103715729764,0.10809363992613286,-0.030278150527502108,0.1540945831631401,0.09781102825187828,-0.20969842168530925,-0.15782163610595845,-0.12132981738549835,0.1202745616627835,-0.10785219876892144,-0.17151241660776018,-0.30417993901466206,0.055459912271925496,-0.15288807813159186,-0.19093091282190044,-0.03961549412414481,0.04908941653075601,0.13564313920968815,0.08063920279629935,-0.1805698652857662,0.6192611617518138,0.0783310466361258,0.16354654219346007,0.37923089797859616,-0.07416211825501524,0.11700989977545424,-0.08553838936427513,-0.11870553233689149,0.06503143947200736,-0.17654729341535794,0.8639471712960972,1.2420295725463504,0.16520836034155958,-0.4281160261960755,-0.23956414690128433,-0.007912661622202031,0.20128106429952705,-0.1325449718003464,-0.03810417793422815,0.800461578789785,-0.10251820776512802,-0.0781666891608566,0.3083786049230439,-0.04409179737030344,-0.09114764327714445,0.9617682322956714,0.12290601452691689,-0.41500708249396445,0.057862712868682,0.3003845850351866,0.05341557999501442,0.7516478194067452,0.08113470947415516,0.14134258590005533,0.8804492840563712,-0.0640310191397014,0.038415831523705785,-0.03585250643741966,0.0713361648618634,-0.030687055253668882,0.19455924864753857,0.04318636226458008,0.5181990919465902,0.049990631530027994,-0.3187910994799369,0.05481902657697037,0.7620634199687338,-0.13755673669722557,-0.5890993495052754,0.43053441279280497,-0.51354776828894,0.0524184788562379,-0.005310538606681368,0.13883043776378426,0.059583397419270726,0.18974162175683618,0.441836180828786,-0.3662506217780809,-0.31998899169833106,0.19880276323231585,0.8628896136331327,0.05520213585845758,-0.26449528761648794,0.1933494249710893,0.6980539075003103,-0.11012237671614,1.566675418388253,1.666892912660952,-0.11200190741151331,-0.39329168985647295
T2_P1_C3,cntrl,-0.23763338057844252,0.04877308310469036,0.8480851884768035,0.19557642379243734,-0.0033164276143605106,0.03754492790303042,0.534627531583892,-0.33175494820778684,0.23895979775685347,-0.19894328973755632,0.5361967533776915,-0.04837175653736564,-0.1701147955868186,-0.5147239686861275,0.1297061433219583,-0.5523464114772939,-0.10148337361012644,0.20885741121296736,0.1612305081330948,0.04469784245807365,0.27183235866529304,0.3054613822347966,0.12209734505298733,-0.11512544267557295,0.6815215094894637,0.029755060151466835,-0.051219441125000015,0.2263025412441483,-0.08089870305432627,-0.10889671597162785,-0.006547230443708751,0.4038326491429752,0.14980163756632414,-0.2962874098954619,-0.15952752372765566,0.25178575062347525,0.3021992232252639,0.18200274084167986,0.02488070923994041,0.2696016366738305,0.36939883125542894,0.2606286103064131,-0.15159049234189975,0.28845650130054634,0.2500256746677255,-0.08779834346436571,-0.21934934725584138,0.1560852803860274,0.014752994694895171,0.20180896287780267,-0.13600410651815167,-0.22041277968288026,-0.02516802558585989,0.009423427866698843,-0.15380989553433821,0.03558542746100938,-0.16301782166781523,-0.6793986602785657,0.4931809434917235,-0.22871961372281704,-0.5596720545269664,-0.2215487592573545,-0.26700294390023765,-0.3660343344593959,-0.08547729748079845,-0.21818650953090934,0.18837741767813992,-0.19873785979845107,-0.21938040245821178,0.29389587775364856,-0.19844853405611546,-0.13818202742980812,0.45313171446126704,0.08581398218898675,-0.01871790646855703,-0.10400740024564176,-0.06091905971086618,0.059182765499609526,-0.28716823157861915,-0.293798202789412,0.029204177340858138,0.02372542275258014,0.859729842699933,-0.16808084472627183,0.03257337365837275,0.0719735844077409,-0.0804643090197022,-0.04299973784988875,0.10330645515708341,-0.22371676055176407,-0.21895531266172297,0.14600426921843224,-0.07707740410179746,-0.28532620158569105,-0.33798664208504015,-0.2805470066107669,-0.2171809056041026,-0.03706238810375523,-0.1909443475932881,-0.2903168817986171,0.019822565462474045,-0.09460121336913434,0.014350401208282144,0.2646909382778708,-0.27387365089294624,0.013128620263662632,0.17280990337619442,-0.031781634184885485,-0.2531642984758977,-0.03700473551192686,-0.09157903330524315,-0.7310938305162337,0.19990157900347125,-0.08415767365198744,-0.24489121886840046,0.15279091641333412,-0.13433059355526225,-0.22758682628963497,0.2476024004675801,-0.11902269815048917,-1.1107475810938763,-0.4645040179275521,0.14271920808400393,-0.23648209777159426,-0.11294485681653674,-0.296008740921535,-0.3235619265289039,-0.22630170963084534,0.5272348321655571,0.3903634853546165,-1.1173490826329935,-0.051923349435739376,-0.2149170612725,0.14303783598286826,-0.12838305943686235,-0.18817933715300061,-0.08340956375907989,-0.005446579420734114,-0.18837830084552992,-0.22404492528287634,-0.01820983983576882,-0.2662450545916922
T2_P1_V1,vpa,0.0217510379780944,-0.1012810959642268,-1.7065338049802976,-0.37764876875699405,-0.07446612082369501,-0.1318870264097337,-0.5711173494798343,0.189579494161531,-0.8237755727416622,-0.5700622858920048,-0.36873869288669064,0.21467790429424916,-0.7622600378746424,-0.7441285496996319,-0.030613954748947413,-0.6193285631987653,0.17889270744792454,-0.12657244254075528,-0.6423713629774381,-0.04405779344546371,-0.9803667017676766,-1.2185358476036388,-0.22558379216756905,-0.8351722474231831,-0.45773984533952716,0.10857602873707684,-0.4340361465371673,-0.414825688679928,-0.646115152823552,-0.8599876506572517,-0.8668788907320859,0.0027131550721515418,-0.09858613529989224,0.04922223364077613,-0.2877216045325281,0.12981189469622084,0.053836181943927516,-0.0083501451888209,0.32179212892453873,-0.24457371106051795,-0.06544291726303827,-0.1251738606200947,0.020550865111071525,-0.11232521529115246,-0.1534016176099181,-0.19282442228136135,-0.4841940638836398,-0.05003845018358373,-0.04517003533755791,0.041156038307183444,0.10629760108661865,-0.30424630687482107,0.013612977918447917,-0.08847168297634861,0.12094697050485487,-0.20456312668231164,-0.8163203232576556,0.24206815958522007,-0.12528065278051354,0.10334254505920688,0.6501548452514884,0.037477704518467506,0.1694256696565088,0.43768631025221916,-0.039549746766556405,0.001643577995577474,-0.258320697611604,-0.44353976836680753,0.06969662903534966,-0.3189944806147195,0.03640968886286225,0.24270928405076042,-0.21090811411549912,-0.09836356237115512,-0.01400303706252628,-0.25263673526500635,0.1602308772320713,-0.1253842362345644,0.17617815111436502,0.06124564680248061,-0.05591143598996935,0.4885989349574135,-1.0093880956025854,-0.5274227176203815,-0.29380834635265324,0.45043047086784566,-0.11170552979182241,0.17202662691348067,-0.150493430821651,0.07187385348720825,0.20783030395602145,-0.323521547208087,0.09327188376271216,0.268273595361789,-0.2600844444625883,0.6298788488383149,0.09079439845347047,-0.17817749631350172,0.16407230819844298,0.3123950039154623,0.016595085582423005,0.25042718218911386,-0.08816100933228399,-0.78291202634702,-0.01843258492511548,-0.0507148910581823,-0.29080732857005165,0.28147682373592114,-0.22104187991573268,0.04568803625898235,-0.49647576838519786,-0.16215409454378266,-0.16969029431723895,-0.16366837540870038,-0.7653567816958253,-0.1017569332142027,0.09907708404202503,0.032130412837040545,-0.9298332536414046,-0.06981126161188571,0.2177948368094212,0.03409294794066637,0.16720679113835213,-0.41875458709642943,-0.0694586176564776,0.030948025911049372,0.05101951533181501,0.18334983730703686,-0.927540470535994,0.26166086600014304,-0.540993448717784,-0.11597699903708436,-0.4344513010060777,-0.1941355127150304,0.18797054511038028,-0.15258697352540276,-0.15153489729203293,-0.1773853314556838,-0.55255364116522,-0.36783547869586136,-0.10027405054031938,-0.12614830856137196
T2_P1_V2,vpa,-0.12286261424358737,-0.15890849144107214,-1.4821466707024746,-0.3287313530965164,-0.25698844410022026,-0.15639158424369837,-0.21476405578648994,0.13528031709300095,-0.4669291214635185,-0.40976466472479783,-0.04487723554521335,-0.03363924290100544,-0.35849653812443677,0.4894642572389341,-0.1095500733794334,-0.13417569864134837,0.05307053178860851,0.08795151833358912,-0.6943877671741109,-0.17151886186802776,-0.6662456567761043,-0.5161071634035317,-0.004881013471221104,-0.7755931436432738,-0.0547906741277954,-0.10632769773530773,-0.3767535917975694,-0.29080184409358134,-0.20519519159398536,-0.1591847113183602,-0.028927031134300812,0.10533901071011996,-0.13695164396405698,0.34696647292012506,-0.6027835982892221,0.04934795044346876,0.039756258558839436,0.0876770402713674,0.07108317185535748,0.05372191945104418,-0.36386058407476934,0.039495245727709904,0.06513600098941462,-0.2276695476282252,0.08848268216648832,0.003511522753153781,-0.08987949111420497,-0.1611448529599477,-0.15565522416772815,0.07441932793997853,0.19882456796862721,0.13793300379231163,-0.04881921772097443,0.028544723664849742,0.13398750205971474,-0.0013384970286428365,-0.003993319308984437,-0.0988111404688833,-0.043853809459335945,0.09439841970419467,0.9717451927161227,0.06619574158641435,0.16297608638040406,0.21009245808050755,0.027784653529308784,0.05034375839108882,0.33866196347210975,-0.06200891684874621,0.17881819408730015,0.20760646173354147,0.1263199530492341,0.032612204721325436,-0.40872638889115237,-0.12089047534769504,0.05086014972900653,-0.0547646207986123,-0.02430341876952062,-0.06174257487399781,0.13633012665523123,0.06790347538935847,-0.13512083675740322,0.2703313433785794,-0.713274529196015,-0.40269865259952375,-0.2365687400417526,-0.17515472304495214,0.04935949030044714,0.02848359168407365,-0.010553185793547758,0.18865311293176967,0.11531432337203854,-0.20188091757080479,-0.0287723745961093,0.08303136570744032,0.1503236783793484,0.42012897160596885,0.12566982113651562,-0.33890391146644505,-0.07995640955489437,0.07581813018963462,0.018440795008712742,-0.11166146766354919,-0.06507311156340582,-0.6132290422681411,0.15423712755558208,0.08969480990389979,-0.3701217591677576,0.001647235040937181,-0.16503814179035778,0.1709421861205938,0.18202759820368974,0.4777150960933714,-0.07154406472060017,-0.13836184464139412,0.12390933535309562,0.09462891473971982,0.014990417901417953,0.1502567176959983,-0.6292806038299519,0.06630526057575888,0.25664106696959665,0.31789219007297603,0.09840854617256756,-0.08026191583755747,-0.21128798049400271,0.24492540570914884,0.2791445773979347,-0.08510439688717734,-0.6376132300000161,-0.47501931339400205,0.33831972501185503,-0.010416134487377306,-0.23329252337637418,-0.22336095602371886,0.16686266003922637,-0.036796079090845764,-0.34079736191068993,-0.1533294915395588,-0.2516876620571126,-0.5659008814960353,-0.22278193319423864,0.18495091822789114
T2_P1_V3,vpa,-0.003679551052600389,-0.6875490606691227,-1.9634461267293066,-0.7372738786003451,0.09536700534652424,-0.4218845035514157,-0.3837331582411629,0.22606279728498493,-0.5270603453116215,-1.7330009636400172,0.0396001078384708,0.2066544247509125,-1.9748603961173963,-0.5841595176346291,-0.16831321358262172,-0.10108900819918884,0.08825953220477113,0.2065023320138204,-1.4332960920771214,-0.006736782450402379,-1.7060980690163392,-1.358905972319557,-0.4813277179529449,-3.367849517110002,-5.656746361626622,-0.22075604348528155,-1.3640559859703831,-0.36171121236990855,-2.182291724585893,-2.028307946922607,-1.9059575902417878,-0.4379302252495572,0.12464363299209533,-0.048956511512074835,-1.776665148734541,0.19016392630173565,-0.21109372285394662,-0.14478684269105452,-0.25148313939100336,-0.14137881202378458,0.08144640716419813,-0.018058520953138243,0.09708278046527602,0.07872007942467778,-0.07853319462343623,0.3023625711809045,-0.6489732917134385,-0.35615663677145676,-0.3549711125915862,-0.26458206180638705,0.13301137701652155,-0.48331526446348444,-0.25636940796743923,-0.24760808722348868,-0.46466827750673745,-0.2693476707825037,-0.264790588474589,-0.5310992827006784,-0.16148555951778248,0.1946406270415411,0.07050385893959057,0.14554426656235023,0.23998860555545715,0.44085118791876504,-0.0709586214410622,0.11773877318165578,0.005078093021512853,-0.6504992531838245,-0.07338645291242904,0.02119235858814915,0.005341963154872353,0.08017740322752398,-1.0030666304359404,-0.08630800600479585,-0.2864062672912165,-0.45023031136004826,0.14863983546280585,-0.12209253712368533,0.06524320021193662,0.09617964448789935,-0.3147696352553327,0.45435080991554316,-0.2896975729250959,-1.652833386097733,-0.3740822124349728,0.28644296369223543,-0.03079910779917442,0.06162079426547187,-0.13040343359412548,0.06641372439771477,0.03135108640917409,-1.273550214868032,-0.0029595247649171035,0.055148290219369234,-0.147122106348133,0.23321024335015858,0.06847163268365118,-0.2220478786970299,0.16783789068058913,0.2875808690221562,-0.004927809388823048,-0.2403309558921088,-0.10181423044127977,-0.6597459607670263,0.06256695705385988,-0.2844586691652312,-1.3384348557789396,0.1436834324036671,-0.40981270089170485,0.12611567200644833,-0.5936004185562418,-0.07211182485936454,-0.11745615834011908,-0.08409619498643763,-0.5581440247721848,0.15985732765624708,-0.20105164849517873,0.017843211601453027,-0.7156043752255117,-0.0320095797810408,0.22882655521321651,0.2332699231236407,0.1303832078019531,0.08500349341698196,-0.1438914364737078,0.12681496259193772,0.2213691304236925,0.4294001171544763,-0.9108735527981537,0.5807139094901149,-0.10759212149376401,-0.05852810583066113,-0.8841649044735551,-0.05395281540063116,0.20459818348843598,-0.267033570023374,-0.7886964617208929,-0.06398397101549762,-1.524896718428014,-1.923444071238907,0.13155407283956394,0.5555351059434179
T2_P2_C1,cntrl,0.2760082594087069,0.5660659178957348,1.4266990141597726,0.871747370123326,0.16817088200489178,0.7026197465623827,0.5551357143968232,0.056863034008737386,0.9785443516815221,1.4662018451584118,0.18588554804306048,-0.14738787626897842,1.682878347609205,0.9264406316744962,0.10399367775825687,0.9447212954425775,-0.09847428866902373,-0.0782840485624339,1.5619405854607633,0.13821658343195187,1.616176119288371,1.0627871392109063,0.5888505832573911,2.7967872815045784,3.1663888108018563,-1.2610174680166926,1.441967626989308,0.6883782407017393,1.301187658870827,1.3804329544489693,1.5539176189089945,-0.027712716580031105,-0.11644008444920692,0.2357653101247338,1.8026316901587485,-0.5288023723476827,-0.16703345006657305,0.0266885935896522,0.5633932586964263,-0.17579042393375025,-0.004720145687558075,-0.15092494395353734,0.197140108669257,-0.038025380536701923,0.022810802728102236,-0.1325694453858909,1.002691016815492,0.31252901060736055,0.19122144425091867,0.0829680207169449,0.1447321508426567,0.5797237507251255,0.36188880398087797,0.2749989408250179,0.2426932794497869,0.350242482194514,0.6490038634633716,0.6951002635983188,-0.30842646371183596,-0.15013714974886402,0.4189602437496852,-0.1299992054532664,-0.16606786924532163,-0.4576463336296496,0.35047945582088225,0.0026419683453267817,0.010591285502628944,0.7640585336069866,0.3530059392636058,0.38211236670319076,0.1777292730360961,0.07954174137766833,0.9763588048052738,0.1700077715115276,0.26662151035224474,0.8091603514067046,0.01548122667068691,0.1802728180321318,0.2460949020425396,0.32886398852264037,0.3469472540762792,-0.49307271738578,0.08324917415464768,1.4133899381045665,0.4100716115467732,-0.5735873321096309,0.20485717702636863,0.0974683823268961,0.21255416438796162,0.1546058394007623,0.16339519313061077,0.6279995121983937,0.19848954585508854,0.05876411178291082,0.5780068374366991,-0.650272232477277,0.3152455614914062,1.2946918820478537,0.10732438896375211,-0.05445787555521557,0.15743719073482426,0.23070639599914144,0.21548293485490816,0.7581820437602284,0.3680326802907926,0.3201221559038247,0.6428576190620549,-0.1018626216698983,0.4707674655899475,0.14908142694878423,0.35887379257517327,0.4773126158936187,0.22593172766520273,0.45621856262048754,1.055723780858502,-0.10266177623687409,0.607065178594282,0.2509736988282565,0.8950423135552963,0.12859758548133288,0.035638549533476595,0.2149214674465511,-0.039210952906724314,-0.01241573615101684,0.5012056835680133,0.14568226139005774,0.15210109985915002,-0.021724485467261856,0.7834024183388705,-0.3458852910637288,1.2016657342693675,0.21759947143731584,1.1061850887534566,0.2645028557543719,0.03408390666334184,0.39711629048238195,0.9604015103264762,0.3104214523638725,1.5567193335540606,1.8042960546693563,-0.002235113390609847,0.38855570122452227
T2_P2_C2,cntrl,0.34291799727191014,0.5878972935886814,1.9411756722202986,0.6981316573099798,0.2099161838526062,0.7116856734203342,0.9154671344726355,0.05364295884599853,1.6737273705983218,1.2131703712376745,0.5218490483372854,0.08019913733293135,1.6803629790109806,0.935763445468968,0.4125861752644869,0.9071416491889659,-0.510519145988853,0.3553621977135134,1.8112124710087403,0.26620805039639145,1.7449509420926816,1.7142565215675,0.4462521723269461,2.3126936803279876,3.051626458195852,0.37909905347455697,1.4369966181342333,0.3873600404080506,1.3883570009911006,1.4460481036666277,1.3369136712291803,0.39450890457660365,0.4026180297576887,0.2107316682866938,0.9190378381139844,-0.2728042574788784,0.27481649920051315,0.27674661336157486,0.18672940342417602,0.4296094679255383,0.31234231561688314,0.25883927632117976,0.17021994007870073,0.4199324747579292,0.2993295683387317,0.33648029618400205,0.9546104687069952,0.3817116807247506,0.40106287788864936,0.30883248156419235,0.17616059877865023,0.8886365192380496,0.30252874402220636,0.3115152308989196,0.22476226967886787,0.43403896783360835,1.3192270038478928,0.47078478706880567,0.19432439722462086,0.07817735841338071,-0.534124784400591,0.1488391983965581,0.01681090058215882,-0.13786582733116196,0.33827088663240534,0.209200685872994,0.18100893328747786,0.8628594967630289,0.2544182255766764,0.3827386271482634,0.1921142425970752,0.06011804374786497,0.7517077190725038,0.27648245585339126,0.2846861741487757,0.6966229947734266,0.1659613487769776,0.30262691077590065,0.12816055081191313,0.27377884241444495,0.3634596042237196,-0.3351373348850045,0.36192565871162113,1.1571045083321554,0.6410688585958579,-0.03791962459665848,0.5897787573772117,-0.04464379313606112,0.17852337955447414,0.2808724912921871,-0.005320502824170119,0.7348507550616253,0.214854561911873,0.1555960036186127,0.28110282649783963,-0.3624169232952908,0.20498149830836357,-0.5081931441549655,-0.3351621445208145,0.2056657486961132,0.1901873295125703,-0.34031875367797865,0.2717153402347587,0.5209000794590828,0.23175257683436387,0.3449954581786046,0.806281730763682,-0.06936011331086046,0.8673265181455698,-0.06588202011153424,0.8589270823103187,0.5888269264799523,0.08863874754075227,0.45354538466702077,0.8190361602263413,0.2532577169971258,0.26665141519055513,0.19416012703270435,0.5812893554838643,0.3646064494096774,0.7032631030410438,0.3684486534850227,-0.005675418118386399,0.7215921225093657,0.49297253816729947,0.0671601935367532,0.09315140505246126,-0.22619596272157505,1.1149755170917504,-0.13553644773144438,1.7149627457792913,0.2990832425476689,0.7187096799103698,0.3426077236546705,0.08771428500171999,0.33921801384450434,1.05047697198935,0.4386474271451244,1.5327674807269847,0.9160611206121825,0.27475431605821776,0.2458899820888441
T2_P2_C3,cntrl,-0.03882310876517667,0.1325176649039694,1.5515678316674602,0.4259847542221331,-0.002105660501715692,0.1107405407876331,-0.018513876470643273,-0.20171479446704751,0.2195855556874215,0.8394353512490922,-0.25853692631281455,-0.2887196918451958,0.8476493306311911,0.8945870712475198,0.07484570048364912,-0.036020966778821585,0.11990133253036665,-0.4385588088259367,0.5975914304391047,-0.025732998326747254,0.7165805533998124,0.7849017373329287,0.04945885320597293,1.3164761120282111,1.75664663941976,0.005038360321747756,0.4302104335129721,0.0841566139070575,1.00200649599806,0.8891634362159705,0.8253049756549802,-0.3181447255929174,-0.28889966878054246,-0.29358405169198987,0.6636555092502735,-0.23520015246552203,-0.14676827309248464,-0.23751825324105208,-0.22720616797277624,-0.19368388261610306,-0.24954537872785698,-0.1974679820357791,-0.18266354388956083,-0.3130594040908568,-0.1401214209689013,-0.2761473694689437,0.07960335750543829,-0.26630259897430913,-0.06194894725775364,-0.12026685363683462,-0.30774661545294674,0.08962888524606981,-0.10578437451898755,-0.08415167120439157,0.10361790813251315,-0.04518962370616586,0.23691385870061918,-0.06818883380047842,-0.14299774772562296,-0.24614874091847083,-0.3347888506833504,-0.21604796690450923,-0.30545124170848936,-0.45951261935470555,-0.2940462443788,-0.19361796353743968,-0.1214519036637686,0.3029459550429817,-0.10146141833030632,-0.41543372129434797,-0.09024846049738526,-0.13346155245532812,0.3670117816618966,-0.007585135022872634,-0.023855150688228976,0.17491301103857726,-0.24036841849670326,0.00286602120718938,-0.060630807682388065,-0.05541745328515635,0.1357575609043381,-0.561078705877632,-0.11634003624231726,0.6948946887334525,0.16580664110464743,-0.402808143642269,-0.07339556537793185,-0.03193336844231931,0.05938798833896794,-0.22351385864341042,-0.05980466227349578,0.45853800647618426,-0.1078364399373147,0.0191310179770148,0.3319920343546598,-0.44143611043260983,-0.14286879460153426,0.018555003324167485,-0.13403462552270062,-0.3556221197443609,-0.15501157125978077,0.04242427399129729,-0.0025042006465628916,0.6622155608601125,6.705491803481178e-5,-0.12642524952463186,0.4670611877892841,-0.06333983878128312,0.3383010894066382,-0.07142398032544464,0.6325156908626086,0.18849544550068725,0.0024230660492576186,0.2085720197468473,0.339175286061181,-0.2935485790381874,-0.2450621910817544,-0.09284339545033625,0.6731885180702148,-0.09756540527543746,0.0534884781135331,-0.3876297984373668,-0.14274655068819578,-0.2345701265567472,0.05490591155238418,-0.08480024287607205,-0.24739126936047243,-0.08840562609732787,0.6225039604594478,-0.6140790103959199,0.37496790584595974,-0.06484604621336573,0.3908560335375326,0.0470037001722065,-0.2952891892144731,0.052925414562268604,0.28293342086563456,0.03660338015608606,0.6502983837398465,0.7706828118415514,-0.1157195397473805,-0.21435977731054176
T2_P2_V1,vpa,-0.1028789062591441,-0.2771676818277658,-1.1468175639820763,-0.4615027969490128,-0.19232807071116909,-0.3292722417758852,-0.23572991127895865,0.14360129993731993,-0.6830843145910864,-0.6757302379497636,-0.3180536120044464,0.04160988791406629,-0.8559217235958625,-0.7529537956743407,-0.2964425626570856,0.12223132383359686,0.09912184873095943,-0.2415110059226015,-0.5072648472867848,-0.2051886617070727,-0.7046006903273023,-1.0214948123193686,-0.24986238369734928,-0.3914303850309328,0.3869761900983542,-0.09632572431655931,-0.7175915392701122,-0.28269289116074026,0.06918738355882682,-0.07885429876678249,0.05836236082504287,0.24646000433188744,-0.2747822107090263,0.22237726231637348,-0.6814454379628163,0.046379664972795866,0.04176536178609232,0.04093752182321064,0.1326579524904376,0.03164318991145485,-0.16227581299953447,0.010140524721607314,0.12193506477221466,-0.12319060775356412,-0.02658941999585348,4.145004616985348e-5,0.1832388719400623,-0.19360982677563926,0.06245906309212397,-0.008304658139283378,0.12144488130749984,0.10161129292096194,-0.06724316163628448,-0.05601601596375446,0.18563322631699897,-0.1925542633124237,-0.17717016601433883,0.35624699920569075,-0.001827696202793369,0.14733629569684908,0.38589580571705423,0.04619280137409657,0.19019612585865736,0.43417680900631184,-0.07957749090695848,0.06577908679058454,-0.11578147862217614,-0.42760644302205647,-0.06639062112448253,0.1680354380110426,-0.08986631270038631,0.05826449226963675,-0.31193826235245536,-0.21785417300602603,-0.1274345180524913,-0.35366411413688226,-0.07311554675509614,-0.13135548561150062,0.02418426562064519,0.029370543499742236,-0.20749161812968225,0.039465410868856875,-0.7373063517152592,-0.6014160371821685,-0.31065123316071974,0.2131759054394986,-0.09050458659089652,-0.06418494168089546,-0.07518447008762844,0.09640563919084988,0.06203330448420344,-0.47915291075987704,-0.05448239303079461,-0.044390560470028276,-0.2857532094876418,0.1667808739690028,-0.020053049101046015,-0.7915137894291732,-0.07085285313420268,0.11701064033925326,-0.19645782290731803,-0.07819734453739462,-0.1328748026112019,-0.7594014864600314,-0.11490208609413582,-0.08729514617666931,-0.47006646953650527,-0.037314404107677154,-0.08791331696636073,-0.02383804280536445,-0.5122939308916072,0.3591029065771984,-0.06723366281878917,-0.3387585370565593,-0.19219068929199926,-0.23017294065298263,0.6427161890697334,-0.051781402140102684,-0.712788755805253,-0.007972694359120645,0.5010270553284797,-0.2818074245601818,-0.00560850381484887,0.08102406136499114,-0.13490105106014316,-0.05126148444976229,0.010976892993484848,0.16984341965623195,-0.6929483558295869,-0.237727907160633,0.34327929394520373,-0.2824019760347769,-0.4325136210654611,-0.3780610840077142,0.07243829455964879,-0.046646840511022504,-0.4819164418927925,-0.22836046001995464,-0.852132296727742,-0.7786317767483979,-0.18168044865048424,-0.00433135914345651
T2_P2_V2,vpa,0.20091516963549513,0.026620543872452884,-1.2619962151519801,-0.20269291940910023,-0.1014763093158872,-0.14753905855759092,-0.36829392580109144,0.1553417467673707,-1.0026076307402305,-0.13798055426380956,-0.553906776192735,0.04366188740977279,-0.23236963750407816,-0.043364029150387014,-0.11360823035979148,-0.14717038714853178,0.1174046797104558,-0.09138963677314865,-0.9443992387778772,-0.10787899757211258,-0.6173610182430411,-0.8367420347964726,-0.02720954706546543,-0.420122464640904,-1.1142557079631952,0.07607338801929946,-0.3849242360233415,-0.1196667039403875,0.1699029795306752,0.16360818870481209,0.02771244020050463,0.12035762263114656,-0.008070299860354254,0.2757677055146188,-0.22726060202533138,0.13979263116716306,0.04479791760205312,0.06074812463279744,0.2241408421829591,-0.05531439644888088,-0.3708998031109904,0.08445679762866075,-0.03871351234343562,-0.2978209366148838,0.012169453546271788,0.10638411732603412,0.10048704342377957,0.22622365488365415,0.14412938259584165,0.07691495274490694,0.25637297095551337,0.022038159574816415,0.11849104904555237,0.08401004095500589,0.22542787036095596,0.05671213108220382,-0.5453704454581523,0.14435337562499648,0.008527415607522869,0.0843845084782911,0.6755010732496863,0.23096015725112237,0.18047769882148973,0.23923297408550095,0.16010989995775507,0.04456280680988777,0.029950817237190522,0.2823654152528552,0.018706928252388087,0.1358462994221233,0.045615736506956675,0.07642928430291335,-0.4362280034555463,-0.10589974937118024,-0.03350998385384345,-0.1466377745637507,0.02113634807446424,-0.2957226991974381,0.05277316273499318,-0.04716112959053434,-0.0872340356891074,0.29861581143023785,-0.9390493234793653,-0.13481100522892797,-0.2064272721813279,0.053292680180011966,-0.10927786335660625,0.05512350666999602,-0.08368555165695417,0.15687164944878032,0.09908808464029298,-0.17388173475841767,-0.002566478413719677,0.09058999804526938,-0.23913768920646405,0.298855262351433,0.05295924005849342,0.0025189456644059416,0.1078204863561054,0.12297867159171971,0.002103598919412912,0.1518488780841893,-0.21495241602983137,-0.5574596369487482,-0.0352048582493209,0.09346686726915338,-0.06470951463736187,-0.03500043275497025,-0.3182897088447517,0.06846137934065599,-0.49264222862157453,-0.13360940463263118,-0.08736342544388995,-0.197802907148742,-0.08048031060826707,-0.05306608351497784,0.4655672901183576,0.041444255193222646,-0.5291297940930246,-0.008500262944849839,0.3993463870222575,0.1081129249753384,-0.04931287108553428,-0.2320715373724302,-0.047885971599544754,0.07572383022262831,0.12366557886072384,-0.298421981019011,-0.7123110440038837,-0.13651625263822312,-0.748741112076446,-0.08946674499589652,-0.04852037964797282,-0.1680239797870829,0.17847284085583462,-0.0808708197954254,-0.3895024728194874,-0.08677991556467607,-0.35976981146359593,-0.09589736991781019,-0.0741969119391738,-0.23974970625830325
T2_P2_V3,vpa,0.004070316960796367,-0.11874521149931236,-1.0655982980756882,-0.16805772054368406,-0.09438959601779177,-0.15779664650014635,-1.1567597089662327,0.21245538559281268,-1.0437426517339239,-0.24539208295860404,-0.7351696748539751,0.06380137839562808,-0.47910020467932046,-0.9563766400073649,-0.003585108244840079,-0.5103146204778929,0.26167197840289974,-0.20319663077325606,-1.3688236464841665,-0.09272630263643081,-1.2394051729655349,-1.2874767413935526,0.009032961609910573,-1.4626397588490156,-2.1226843618828517,-0.36781028798918447,-0.43565554428913245,-0.06844953550815513,-1.0207214790671828,-1.0702435355988826,-1.1098352149589763,-0.03475421788175279,-0.3748597781155484,0.11103849856754178,-0.0734233150148331,-0.10405534455665533,-0.07046754914800141,-0.10725797234004118,0.3669888053277582,-0.18821368989113368,-0.2561907110210266,-0.13269209952622352,0.011140452389414295,-0.42516475868475356,-0.2787142551321137,-0.41527071765811313,-0.6283711168757777,-0.0936687155445509,0.016322383219173654,-0.08153448732064927,0.0024259324156542736,-0.45866296228546244,0.06429571369566575,0.04488403722339159,0.2437167400080884,-0.23892523719598938,-1.2354446700529433,0.33423245802328344,-0.13724700068108753,-0.051209898817984816,1.023410176473414,-0.1765947528012858,0.0015864085264237111,0.1434017324424777,-0.11634392909622972,-0.1375616399661516,0.32187452704798797,0.20628969291064456,0.07725925930172367,-0.2120261948204163,0.21699680425964268,0.2745819155853652,-0.4882172650830477,-0.12202075769327542,0.04956954009941617,-0.20327571471958267,0.13159367727607596,-0.04586382057488171,0.09550722430132677,0.013392522599899419,-0.04931816635861999,0.39320263322058185,-0.39521574249887637,-0.26641766350096746,-0.29550347512943315,0.18963202977886232,-0.11285017162958863,0.28280088501746237,0.007896736602229582,0.024925509655717184,0.201102905556429,-0.16376116913576247,0.10235165994693558,0.12940800952673562,-0.2156676704628271,0.5684858908385079,0.18870560033274902,0.41804681137687655,0.4284706197245914,-0.013896684366358509,0.11169941848787936,0.3342579893751303,-0.05196453170445793,-0.22654168645123626,0.1848855680066156,-2.6671616550716197e-4,-0.4192007046334058,0.3476906362224249,-0.625324383745546,0.11173086334377222,-0.538464613715709,-0.440641383706175,-0.015211681005534276,-0.1218765619506796,-0.44055492165099924,-0.12895500144281435,0.40921264470296215,0.12825256528275747,-0.3284791410586611,-0.15456319908864624,-0.2306460162684892,0.18102759763356036,-0.3012076032258611,-0.7841405699762877,0.052002015141000155,0.2240491335047966,0.17223947169592688,-0.2980514021412041,-0.5127882321201804,0.16076320967011715,-1.0906131599089965,-0.019086643762595466,-0.028971128543564637,-0.21770605171084617,0.17345344219141526,0.21564074570329714,-0.2879625389349902,-0.17804221153383037,-0.3753386371612543,-0.03702900250617604,-0.15128886508172074,-0.19625423028984484
